date,spot,filtered_variance,predicted_variance,forecast_average_variance,forecast_volatility,loglikelihood,rv_proxy,mu,kappa,theta,xi,rho,ticker
2020-07-02,364.11,0.11637540263172998,0.1190931540731981,0.12065939201351591,0.3473606080336628,2.8086961053499393,0.09943653143613188,0.45497594032380584,5.0,0.13376140481509008,0.7860499594863982,-0.01,AAPL
2020-07-06,373.81,0.10604715022834756,0.11673336663079681,0.11287606760231117,0.33597033738458393,2.6041805815977708,0.04244629795962924,0.5,5.0,0.13376140481509008,0.7849532706601754,-0.01,AAPL
2020-07-07,372.69,0.09691207380062752,0.10660833671499859,0.1059919152228816,0.32556399558747523,2.7694837815469593,0.036855153171224855,0.5,5.0,0.13376140481509008,0.7839319485829866,-0.01,AAPL
2020-07-08,381.37,0.09111543117891543,0.09766427481372375,0.10162359149699879,0.31878455341656503,2.7224806191125195,0.05219977894640434,0.5,5.0,0.13376140481509008,0.7829683882126716,-0.01,AAPL
2020-07-09,382.65,0.08585260863941438,0.09198156559796189,0.09765755217653037,0.3125020834755032,2.895929724802346,0.04679822151752086,0.5,5.0,0.13376140481509008,0.7822190550942856,-0.01,AAPL
2020-07-10,383.68,0.08117698342260289,0.08682636619050754,0.09413402210906849,0.3068126824449545,2.9302115078300153,0.044138047798974095,0.499173266963431,5.0,0.13376140481509008,0.7814380148639272,-0.01,AAPL
2020-07-13,381.91,0.07566517883831635,0.0822225645679282,0.08998035104303043,0.2999672499507745,2.9372832504805473,0.03068018395196461,0.4852989447911843,5.0,0.13376140481509008,0.7812382369183746,-0.01,AAPL
2020-07-14,388.21,0.07092894752295494,0.07679947369615547,0.08641114849314965,0.29395773249423063,2.9083403957733442,0.03179438879207452,0.47566673070638554,5.0,0.13376140481509008,0.7816850729100747,-0.01,AAPL
2020-07-15,390.9,0.06503634201398398,0.07216024415538413,0.08197050756840296,0.2863049206150725,2.9985480525299293,0.014702742377124463,0.5,5.0,0.13376140481509008,0.7823137316154244,-0.01,AAPL
2020-07-16,386.23,0.06219683560126143,0.06637946222690516,0.07983066834732837,0.2825432150084804,2.981484491426218,0.02967887554227039,0.5,5.0,0.13376140481509008,0.7828446935800478,-0.01,AAPL
2020-07-17,385.31,0.059807384196565117,0.06358939779966022,0.07802998854970164,0.27933848383225257,3.100676448153555,0.03044815779902697,0.47152002885753985,5.0,0.13376140481509008,0.7833388329733749,-0.01,AAPL
2020-07-20,393.43,0.05916456024748275,0.06122031796257943,0.07754555932202695,0.2784700330772181,2.9683268963605745,0.04560023271988141,0.4913672672034213,5.0,0.13376140481509008,0.7850244974712093,-0.01,AAPL
2020-07-21,388.0,0.05988738248889265,0.06059200110757956,0.07809027490185583,0.279446372139371,3.04232821154063,0.05202798848395161,0.4770579845768037,5.0,0.13376140481509008,0.786459591588218,-0.01,AAPL
2020-07-22,389.09,0.05981156739472561,0.061108971953217406,0.07768499676767471,0.27872028409800875,3.169803882925413,0.04925200576325007,0.4748237801656658,5.0,0.13234850771101547,0.7886516531093222,-0.01,AAPL
2020-07-23,371.38,0.07190058939171579,0.06085880717728287,0.08617678610378433,0.29355882903395075,1.9172790362645578,0.15777377318332841,0.36958936841889223,5.0,0.1298386385057938,0.7897026971817159,-0.01,AAPL
2020-07-24,370.46,0.0817166778750275,0.07272167087648995,0.09302385075053027,0.30499811597865695,3.0825147502888326,0.1577085879590177,0.3695429715713311,5.0,0.127605337902277,0.7908148291942805,-0.01,AAPL
2020-07-27,379.22,0.09075575731258437,0.08200770471739816,0.09874991389315127,0.31424499024352204,2.804959692437469,0.16713121111850773,0.47462210109305786,5.0,0.12319898052755815,0.7917246284426213,-0.01,AAPL
2020-07-28,373.13,0.09947255188037452,0.09067780015902827,0.10426592655854945,0.32290234833235487,2.840260650787452,0.16928461212420798,0.3837381661452064,5.0,0.1189258266654932,0.7922339560212879,-0.01,AAPL
2020-07-29,380.27,0.11140636174732543,0.09985719910764601,0.11325919183019367,0.336540030056149,2.741769523578612,0.20404073312278134,0.3801866970691482,5.0,0.1189258266654932,0.7922579483075265,-0.01,AAPL
2020-07-30,384.88,0.10607362362740072,0.11143690003154916,0.10905262885520181,0.3302311748687604,2.8602289123860722,0.06702967700766438,0.40702198414545865,5.0,0.11816352086547446,0.7923027642272598,-0.01,AAPL
2020-07-31,425.5,0.15113438459461756,0.10688257626679842,0.1438709011443262,0.3793031783999789,-1.2918215527352235,0.4751487991830969,0.5,5.0,0.12165650127808153,0.7889819973818999,-0.01,AAPL
2020-08-03,435.75,0.19203796316918667,0.15140115068061277,0.17616147359021858,0.41971594393139106,1.5878016993811614,0.47492200643981564,0.5,5.0,0.127605337902277,0.7844250701346485,-0.01,AAPL
2020-08-04,438.81,0.21582541272598746,0.19103334015380824,0.19493109155071925,0.44151001296767806,2.333457468846899,0.37352695728489066,0.5,5.0,0.13102858406961043,0.7803040576243699,-0.01,AAPL
2020-08-05,440.25,0.2437472888379956,0.21414489132439485,0.21664627077005674,0.46545275890261595,2.1581911071927755,0.41253211668125744,0.5,5.0,0.13376140481509008,0.7757914143815314,-0.01,AAPL
2020-08-06,455.88,0.2647617026564395,0.24115568948036525,0.23262219429851708,0.4823092309903648,2.122884108816428,0.3892034315779194,0.5,5.0,0.13432777467830495,0.7724480747180004,-0.01,AAPL
2020-08-07,444.41,0.23957605274503357,0.261625329090748,0.21374330194486377,0.4623238063791046,2.1843382806124616,0.13321996528347851,0.5,5.0,0.13473726305907163,0.768736146587998,-0.01,AAPL
2020-08-10,450.91,0.21561231256290359,0.2374417242826894,0.195983523783185,0.442700264042371,2.2398436650925704,0.11989234970099011,0.5,5.0,0.13595147912763667,0.7659596554216044,-0.01,AAPL
2020-08-11,437.51,0.20972239340945323,0.21417482793913223,0.19196262149403004,0.43813539173870675,2.309208524059223,0.188770594703784,0.5,5.0,0.13764671679589394,0.7630837016956215,-0.01,AAPL
2020-08-12,452.24,0.21557025848045494,0.2085174044186715,0.1968771562035403,0.4437084134919466,2.339503424223652,0.24818748259270268,0.5,5.0,0.139706784499405,0.7604498625973042,-0.01,AAPL
2020-08-13,460.03,0.21088967253691654,0.21400392056966666,0.1933498877547993,0.4397156896845953,2.4752380708584822,0.19794914080617398,0.5,5.0,0.139706784499405,0.758615746337107,-0.01,AAPL
2020-08-14,459.78,0.1971690569573485,0.20923522945668083,0.18250248378305245,0.42720309430416403,2.456211451573437,0.14352829159305336,0.5,5.0,0.13764671679589394,0.7597685858486848,-0.01,AAPL
2020-08-17,458.43,0.1859128204241738,0.1957823775446741,0.17358584054806525,0.4166363408874282,2.479054262133826,0.14190947610801438,0.5,5.0,0.13588540906982688,0.7636485333460142,-0.01,AAPL
2020-08-18,462.08,0.1608545478047659,0.18469709748023888,0.15431823122040664,0.3928335922759237,2.3662553102355153,0.05436543912783769,0.5,5.0,0.13432777467830495,0.7676130854304385,-0.01,AAPL
2020-08-19,462.82,0.1342173361414093,0.16009868299443042,0.13410499260549025,0.36620348524487073,2.3643019638742686,0.016324628824097333,0.5,5.0,0.13376140481509008,0.7718573461186898,-0.01,AAPL
2020-08-20,473.1,0.114460291996546,0.1336525230872212,0.11854279391773341,0.3443004413557052,2.451890690151818,0.025202746293706977,0.5,5.0,0.13102858406961043,0.7764757747850353,-0.01,AAPL
2020-08-21,497.48,0.11384667180051183,0.1141620943453745,0.11723686920563539,0.3423986991880013,2.2040953743009033,0.11588974668564733,0.5,5.0,0.127605337902277,0.7807355098422585,-0.01,AAPL
2020-08-24,503.68,0.10997017651350545,0.11361018721436267,0.11366656199725036,0.33714471966390097,2.7932560467970826,0.0916128794176318,0.5,5.0,0.12497146628424209,0.7850855391405248,-0.01,AAPL
2020-08-25,499.3,0.11276382068567546,0.10974949749652296,0.11506051102636616,0.33920570606398437,2.8012022222427926,0.1284883184444788,0.5,5.0,0.12208463353538056,0.7896546530651856,-0.01,AAPL
2020-08-26,506.19,0.11277990074878534,0.11263065914681647,0.1147516782604875,0.3387501708641451,2.8135446850821633,0.1146825861243908,0.5,5.0,0.12078209801596501,0.794329169830182,-0.01,AAPL
2020-08-27,500.04,0.1192380257166226,0.11267230731755262,0.11920969647343799,0.345267572287694,2.768412880418239,0.15614200877170167,0.5,5.0,0.11912305524401715,0.7972052515895565,-0.01,AAPL
2020-08-28,499.23,0.10719154569218563,0.11917469396576053,0.10972569992784169,0.33124869800173057,2.7636244970878736,0.03572765081255419,0.5,5.0,0.11747607423499917,0.7916897367985442,-0.01,AAPL
2020-08-31,128.76,1.5149198789783918,0.0068912428998828545,1.1705834203707337,1.081935035189606,-9770.651305312618,5.0,-0.5,5.0,0.11747607423499917,3.0,-0.95,AAPL
2020-09-01,134.22,1.5575798841324473,1.4871928193606436,1.2027318077773912,1.0966913001284324,-146.61613771290504,5.0,-0.5,5.0,0.11747607423499917,3.0,-0.95,AAPL
2020-09-02,131.22,2.7588328617893105,1.5290063960128464,2.1079906318130126,1.4518920868346286,-94.48532774023657,5.0,-0.5,5.0,0.11747607423499917,3.0,-0.95,AAPL
2020-09-03,120.94,3.873258065566454,2.706424994394183,2.947816437210624,1.7169206263571488,-28.233067343361167,5.0,-0.5,5.0,0.11747607423499956,3.0,-0.95,AAPL
2020-09-04,120.9,4.480060572435762,3.798738577403128,3.4051000685584976,1.8452913234929864,-7.08259208665002,5.0,-0.5,5.0,0.11747607423499917,3.0,-0.95,AAPL
2020-09-08,112.83,2.018781784905686,4.393501358805224,1.5502914793058276,1.2451070152022385,-66.79116166310449,0.6410325723926824,-0.5,5.0,0.11747607423499956,3.0,-0.95,AAPL
2020-09-09,117.24,1.0145711382784928,1.9810574654839002,0.7935228668999744,0.8907990047704221,-5.7221604477847094,0.614242912829376,-0.5,5.0,0.11747607423499976,3.0,-0.95,AAPL
2020-09-10,113.71,0.8099894562883605,0.996771633712342,0.6393510344031574,0.7995942936284359,-0.07485620043368701,0.6129783462452267,-0.5,5.0,0.11747607423499995,3.0,-0.95,AAPL
2020-09-11,112.0,0.6232587075431375,0.7962491122598294,0.49863158465817814,0.7061385024612227,0.24730925006856985,0.3923072286887694,-0.5,5.0,0.11747607423499976,3.0,-0.95,AAPL
2020-09-14,115.35,0.5104972202066227,0.6132233364041895,0.4136550365693045,0.6431601951064015,1.620621085988457,0.4935071083705096,-0.5,5.0,0.11747607423499956,3.0,-0.95,AAPL
2020-09-15,115.54,0.30913255120163124,0.45564860352897085,0.26190753054326676,0.5117690206951441,1.4744486140121917,0.21375271600852166,-0.5,5.0,0.11747607423499967,3.0,-0.7043017160232034,AAPL
2020-09-16,112.13,0.24532547376770913,0.30534942317171954,0.21382280487985889,0.46240978025973767,1.5246454101763076,0.15975700609390267,-0.5,5.0,0.11747607423499976,3.0,-0.704538894407345,AAPL
2020-09-17,110.32,0.19826996024503124,0.24280312055634568,0.17836198219867705,0.4223292343642304,1.9155003586935044,0.13104070694420047,-0.5,5.0,0.11747607423499956,3.0,-0.7046279410914134,AAPL
2020-09-18,106.5,0.22106273933540646,0.19664273291709833,0.19553851768257133,0.44219737412446414,2.0190989003017945,0.17440879352288557,-0.5,5.0,0.11747607423499956,3.0,-0.704467264369383,AAPL
2020-09-21,110.08,0.1671941145513673,0.219214570686745,0.15494336509486628,0.3936284607277099,2.134702277206478,0.1929466583549432,-0.5,5.0,0.11747607423499967,3.0,-0.7058024741197113,AAPL
2020-09-22,111.81,0.17081731469740716,0.16620675959711662,0.15767379237742543,0.39708159410557603,2.184381429108916,0.22208065669579344,-0.5,5.0,0.11747607423499956,3.0,-0.7057437381266926,AAPL
2020-09-23,107.12,0.2592310215141246,0.1697605543959071,0.22430196292119448,0.47360528177079536,2.1500303351743986,0.2684655612588786,-0.5,5.0,0.1174760742349997,3.0,-0.705711629467422,AAPL
2020-09-24,108.22,0.2508595777263715,0.25641760198777774,0.21799328065381413,0.4668975055125205,2.4008317381975552,0.28002833828917967,-0.5,5.0,0.11747607423499959,3.0,-0.7056854365129576,AAPL
2020-09-25,112.28,0.20821089453177805,0.2482194694748614,0.18585342542472366,0.431107208736671,1.9637539750950497,0.25670415968413207,-0.5,5.0,0.11747607423499959,3.0,-0.7054148542976156,AAPL
2020-09-28,115.0,0.19070803147309426,0.2063603140268242,0.1726633467947695,0.4155277930473117,2.078767614476329,0.23503836165288877,-0.5,5.0,0.11747607423499967,3.0,-0.7058580323309027,AAPL
2020-09-30,115.62,0.19926465674644395,0.1892595436947886,0.17911158099417612,0.42321576175064196,2.2871942796569975,0.23148284860920454,-0.5,5.0,0.11747607423499967,3.0,-0.7058251833160173,AAPL
2020-10-01,116.79,0.11611419353407693,0.1976451946538873,0.11644976708344619,0.341247369342895,2.23104607159012,0.04221485077899274,-0.5,5.0,0.11747607423499959,3.0,-0.7057963285957715,AAPL
2020-10-02,113.02,0.17670219923706626,0.1161429101957765,0.16210861481453492,0.4026271411796961,2.2100452488023747,0.1738569506018384,-0.5,5.0,0.1174760742349997,3.0,-0.7056926015738212,AAPL
2020-10-05,116.55,0.12583488107579444,0.1755173989731702,0.12377523335616876,0.35181704528940716,2.3588829670049525,0.15417266971828092,-0.5,5.0,0.11747607423499959,3.0,-0.7054599522703155,AAPL
2020-10-06,113.16,0.18369134472638415,0.1256664859211014,0.16737560332099843,0.40911563563496134,2.3099132745314512,0.18724349069066468,-0.5,5.0,0.11747607423499959,3.0,-0.7055116363946101,AAPL
2020-10-07,115.05,0.16722888646623593,0.18237944126303773,0.15496956905302406,0.39366174446220203,2.5090771955539686,0.20567758301862024,-0.5,5.0,0.11747607423499959,3.0,-0.7056472844845183,AAPL
2020-10-08,114.97,0.17646557139403085,0.16624183136445936,0.16193029313966328,0.4024056325893852,2.4082060089098434,0.19652097521657552,-0.5,5.0,0.11747607423499959,3.0,-0.7056451201800488,AAPL
2020-10-09,116.97,0.1354147260051668,0.17528904412756674,0.130994561271695,0.36193170802196234,2.3935155062982525,0.13566794350746306,-0.5,5.0,0.11747607423499959,3.0,-0.7057780858146177,AAPL
2020-10-12,124.4,0.11596147897447644,0.1351128882743069,0.11633468208036322,0.3410787036453071,1.1801797340671127,0.27635050163796077,-0.5,5.0,0.11747607423499959,3.0,-0.7048613806819903,AAPL
2020-10-13,121.05,0.20461199590418805,0.11600446309239487,0.1831413116568224,0.4279501275345322,2.3676902861282216,0.26470020372017755,-0.5,5.0,0.11747607423499959,3.0,-0.7048124176305965,AAPL
2020-10-14,121.18,0.2232198910173374,0.20292860218614805,0.19756996100886032,0.44448842618099776,2.6267486848049,0.2707750802516719,-0.5,5.0,0.11912305524401759,3.0,-0.7051039234370444,AAPL
2020-10-15,120.75,0.24479004430190054,0.22113143492606468,0.21382513120185315,0.4624122956862773,2.337243256354252,0.27517785358983504,-0.5,5.0,0.11912305524401759,3.0,-0.7052599848565647,AAPL
2020-10-16,118.96,0.2807399551668256,0.24229632945207413,0.24091682182745894,0.4908327839778624,2.2644032010094834,0.297221778148359,-0.5,5.0,0.11912305524401759,3.0,-0.7052628119047796,AAPL
2020-10-19,116.0,0.19422023139692213,0.2775314622995211,0.1757159483623174,0.41918486180003856,1.6187338478033544,0.04028266535904187,-0.5,5.0,0.11912305524401759,3.0,-0.705292572393544,AAPL
2020-10-20,117.5,0.11000807042722774,0.19273206499929074,0.11225404381193377,0.33504334616872156,2.0405325443653184,0.054155824042245074,-0.5,5.0,0.11912305524401759,3.0,-0.7053041074214303,AAPL
2020-10-21,116.87,0.08740492262077557,0.11025827734192717,0.09562920923244125,0.30923972777190395,2.3239823391040075,0.050542330779869325,-0.5,5.0,0.12078209801596512,3.0,-0.7053635731892961,AAPL
2020-10-22,115.77,0.08257636160272055,0.08812405307980953,0.09231137806407924,0.3038278757192619,2.6488862835163403,0.04955519361707602,-0.5,5.0,0.12208463353538103,3.0,-0.7054264272236528,AAPL
2020-10-23,115.05,0.0762967902915372,0.0836422221182147,0.08913395337209436,0.2985530997529491,2.8038909773041305,0.04623172065227297,-0.5,5.0,0.12839471245157602,3.0,-0.705583142224018,AAPL
2020-10-26,115.06,0.055720985120701415,0.07733780470880447,0.07362811943121278,0.2713450191752426,2.8435056910184087,0.019473007819420126,-0.5,5.0,0.128394712451576,3.0,-0.705688836505284,AAPL
2020-10-27,116.55,0.024816355628281057,0.05715852183493553,0.05033853008414972,0.22436249705365138,2.8307618505997314,0.019506751912954576,-0.5,5.0,0.128394712451576,3.0,-0.7056051274494965,AAPL
2020-10-28,111.36,0.1148492261947186,0.02686950384759257,0.11818689512421195,0.3437832094855884,2.089504022632672,0.11985411933691523,-0.5,5.0,0.12839471245157602,3.0,-0.7053720384230878,AAPL
2020-10-29,114.77,0.08994006783039774,0.11509480298991548,0.09941546576835204,0.3153021816739492,2.1429193208675468,0.1999726035484687,-0.5,5.0,0.12839471245157602,3.0,-0.7051146992247115,AAPL
2020-10-30,109.11,0.229460863165493,0.09105911891310825,0.205880084842103,0.4537401071561814,1.954247422190487,0.3241960444028208,-0.5,5.0,0.13376140481509058,3.0,-0.7048159354981018,AAPL
2020-11-02,108.77,0.25744250303140925,0.22761264527071035,0.22710647848455023,0.476556899524653,2.764404514547288,0.3203942582357191,-0.5,5.0,0.13432777467830542,3.0,-0.7050073236383956,AAPL
2020-11-03,110.38,0.26340835283988134,0.25504927383735776,0.23176595711883208,0.48142076930563776,2.180107674529876,0.32611195771867746,-0.5,5.0,0.13499189050412186,3.0,-0.7049032347933131,AAPL
2020-11-04,114.91,0.24118416706193405,0.2609681509566144,0.2153170993074596,0.464022735765673,1.8361599887864348,0.3221681729420379,-0.5,5.0,0.13620610657268684,3.0,-0.7045764076444999,AAPL
2020-11-05,118.99,0.245096053244756,0.23924315306794597,0.21857100890040904,0.4675157846537473,1.8136276337601274,0.3375253026180366,-0.5,5.0,0.13744768211544034,3.0,-0.7042118338861041,AAPL
2020-11-06,118.7,0.1781658842135804,0.2431094847197528,0.168794821611173,0.41084646963454974,2.0995383542650723,0.10377488979623095,-0.5,5.0,0.14013467070064267,3.0,-0.70424094940778,AAPL
2020-11-09,116.32,0.18981619007360986,0.17755351071537007,0.17833111910090998,0.42229269363903277,2.162044063652838,0.1616799669748268,-0.5,5.0,0.14320555423581457,3.0,-0.7042181368970699,AAPL
2020-11-10,115.99,0.18324464784213293,0.18892822811903898,0.17358782206444665,0.41663871887337434,2.407739473676732,0.17436657398819955,-0.5,5.0,0.1440537024189234,3.0,-0.7042428614875514,AAPL
2020-11-11,119.49,0.1267226766346772,0.1825156934792176,0.13130759281066354,0.36236389556723714,2.212554816331417,0.13985265365248434,-0.5,5.0,0.14532995026265008,3.0,-0.7040056487154664,AAPL
2020-11-12,119.23,0.10828747824948955,0.12714375901123276,0.1177039297114967,0.3430800631215645,2.389914862571433,0.08265542335911097,-0.5,5.0,0.14650289642349784,3.0,-0.7040104163179561,AAPL
2020-11-13,119.25,0.09571220135041522,0.10904516341906856,0.10822725777867578,0.3289791145022367,2.6095677498483836,0.08206395871189,-0.5,5.0,0.14650289642349784,3.0,-0.7040806307033253,AAPL
2020-11-16,120.35,0.06421951336905513,0.09671995181633974,0.08449451020760557,0.2906793941916172,2.6701914033345764,0.04718353895575599,-0.5,5.0,0.14650289642349784,3.0,-0.7040551415516106,AAPL
2020-11-17,119.36,0.07042409600802124,0.06585175324653392,0.08917025568990872,0.2986138906513036,2.770458651643526,0.055254470703886165,-0.5,5.0,0.14650289642349779,3.0,-0.7040915543026228,AAPL
2020-11-18,118.0,0.06783310619328303,0.07193356852803845,0.08721769745579447,0.29532642525821234,2.9136956669989837,0.01619985278986378,-0.5,5.0,0.14650289642349784,3.0,-0.7040892895613422,AAPL
2020-11-19,118.64,0.04413930833819155,0.06940498259427841,0.06936215829611155,0.26336696508125607,2.931219517851358,0.019418031582504443,-0.5,5.0,0.14650289642349784,3.0,-0.7043149011809765,AAPL
2020-11-20,117.32,0.052766817619274264,0.0461715242909122,0.0758638103639246,0.2754338584196297,2.9380793336465243,0.024258127980858423,-0.5,5.0,0.14650289642349779,3.0,-0.7043551440718915,AAPL
2020-11-23,113.88,0.0905587084264041,0.05463802618214686,0.1043436087631569,0.32302261339286586,2.6612229269736187,0.03962292452195677,-0.5,5.0,0.14650289642349784,3.0,-0.7045888140966252,AAPL
2020-11-24,115.17,0.06559813485990043,0.09168419513298431,0.08553343314291201,0.2924609942247205,3.0299055723867734,0.06570265257618148,-0.5,5.0,0.14650289642349784,3.0,-0.7047369603394721,AAPL
2020-11-25,116.03,0.05528178992127945,0.06721323827878223,0.07775908214342626,0.27885315516132547,2.8127402552654956,0.07343477206330755,-0.5,5.0,0.14650289642349784,3.0,-0.7049391868682642,AAPL
2020-11-30,119.24,0.03344327744289593,0.057089829084361554,0.06130167767277872,0.2475917560678843,2.481441346274938,0.12175941459313012,-0.5,5.0,0.14650289642349779,3.0,-0.7047351872868167,AAPL
2020-12-01,122.69,0.019789605292218206,0.035700429187272675,0.05101233194395499,0.22585909754525052,2.348893680626336,0.14020787984578112,-0.5,5.0,0.14650289642349779,3.0,-0.7045562059712857,AAPL
2020-12-02,123.08,0.01742840510220917,0.022271433110290673,0.04923294213425011,0.22188497500788582,3.318275833263801,0.03423580704671504,-0.5,5.0,0.14650289642349779,3.0,-0.7047667149241771,AAPL
2020-12-03,122.97,0.024362910266700146,0.019989660984720103,0.054458753938455465,0.23336399452026754,3.5857302420163544,0.04823317138946707,-0.5,5.0,0.14650289642349784,3.0,-0.7047647573545558,AAPL
2020-12-04,122.24,0.040051298423073076,0.026687106712415698,0.0659956105235237,0.2568961084242494,3.629929503135786,0.06683746997360325,-0.5,5.0,0.14534284483586243,3.0,-0.7047648290045846,AAPL
2020-12-07,123.8,0.02081225994520707,0.0420450243200321,0.05128817039204092,0.226468917054948,3.272757194277582,0.04655591633489069,-0.5,5.0,0.1444946966527536,3.0,-0.7049113445685736,AAPL
2020-12-08,124.37,0.010408847197521312,0.023031342680042144,0.042871882183223034,0.20705526359699972,3.261832026762522,0.012048148366687732,-0.5,5.0,0.14215576504459926,3.0,-0.7050489974259057,AAPL
2020-12-09,121.73,0.04658240927948043,0.012588104081714846,0.06897202248077722,0.26262525103420126,3.1084312925419435,0.04121283241313689,-0.5,5.0,0.13744768211544034,3.0,-0.7050331138013933,AAPL
2020-12-10,123.25,0.02975812040078323,0.04825386728771264,0.055987384475613675,0.2366165346623386,3.419651230542863,0.05233142928694985,-0.5,5.0,0.13620610657268684,3.0,-0.7050377631190908,AAPL
2020-12-11,122.47,0.04179379716874664,0.03131028154166415,0.0633512308299761,0.251696704050681,3.220952932347687,0.05265793985711674,-0.5,5.0,0.12928177981765038,3.0,-0.7051364217012766,AAPL
2020-12-14,121.77,0.04865822658015533,0.04352271328571078,0.06852423386283302,0.2617713388872682,3.422910999607673,0.04119726754082257,-0.5,5.0,0.12928177981765038,3.0,-0.7053356755961719,AAPL
2020-12-15,127.88,0.0002612976792852398,0.05026803528016899,0.0320525266049701,0.17903219432540646,0.9414862619960038,0.18455803943565383,-0.5,5.0,0.12928177981765038,3.0,-0.7047300968195991,AAPL
2020-12-16,127.75,0.030753025050013778,0.0028218155065360406,0.05503095477609697,0.23458677451232618,3.0078009841166824,0.13602398048011294,-0.5,5.0,0.12928177981765038,3.0,-0.7047272973350065,AAPL
2020-12-17,128.65,0.04719460072515422,0.032714762490286375,0.06742125202222948,0.2596560263545398,3.7327358121387686,0.13561672302240327,-0.5,5.0,0.12928177981765038,3.0,-0.7046955337800977,AAPL
2020-12-18,126.75,0.08745341480870411,0.04891439076891402,0.0977601126720746,0.3126661361133863,3.2154241538098103,0.1553253171413467,-0.5,5.0,0.1292817798176504,3.0,-0.7049274639400187,AAPL
2020-12-21,128.23,0.07861771327641429,0.08826716734256479,0.0911015678630933,0.3018303627256431,3.0299945788065736,0.14294575195213474,-0.5,5.0,0.12928177981765038,3.0,-0.7048529259289796,AAPL
2020-12-22,131.88,0.0305363678560892,0.07961474257535883,0.0548676828922898,0.2342385170980422,2.5519898927449316,0.06328275816120132,-0.5,5.0,0.12928177981765038,3.0,-0.7047822359498211,AAPL
2020-12-23,131.01,0.0494745832400639,0.032496012610863545,0.06913943655842505,0.26294378973161747,2.9079471723915167,0.0699299222571714,-0.5,5.0,0.1292817798176504,3.0,-0.7048089207995126,AAPL
2020-12-28,136.73,0.00952913016412553,0.05108012132404838,0.03922720198244929,0.1980585821984225,1.254076302200752,0.1431281637687663,-0.5,5.0,0.13005481206012293,3.0,-0.7043180967097764,AAPL
2020-12-29,134.87,0.06015770978419069,0.01215252862084526,0.07839637131083982,0.27999352012294826,2.9853534992788124,0.1391680382147743,-0.5,5.0,0.1341768963097405,3.0,-0.7043162985516555,AAPL
2020-12-30,133.72,0.09056186482153265,0.06171343797723239,0.10163404959237161,0.3188009560719221,3.7042770928679642,0.16173555401891954,-0.5,5.0,0.13549685682193807,3.0,-0.7044350919142135,AAPL
2020-12-31,132.6,0.11201410437391883,0.09144530065896106,0.1178003605288102,0.34322057124946664,3.050669508380213,0.13833515928566065,-0.5,5.0,0.13549685682193807,3.0,-0.7044839055551377,AAPL
2021-01-04,129.45,0.160305140487076,0.11248459659327636,0.15419226745962972,0.39267323242058366,2.697351750881731,0.17055697763319447,-0.5,5.0,0.13549685682193807,3.0,-0.7044485426356208,AAPL
2021-01-05,130.95,0.10355402627481369,0.15981722513970453,0.11142488384430362,0.33380366062148514,2.6070536975788685,0.04216737018909103,-0.5,5.0,0.13549685682193807,3.0,-0.7043761573937847,AAPL
2021-01-06,126.66,0.13315430453214722,0.10427516143317916,0.13403744980129245,0.36611125331146605,2.2596513757491707,0.07405346845905762,-0.5,5.0,0.13673843236469155,3.0,-0.7044485476201819,AAPL
2021-01-07,130.86,0.10389322443368289,0.13326728937681764,0.1123269416130862,0.33515211712457704,2.2755348667335573,0.18028757799190184,-0.5,5.0,0.138120345985002,3.0,-0.7041098139044033,AAPL
2021-01-08,131.99,0.12016273797075444,0.10479000447958242,0.1254111965543297,0.3541344328843634,2.4958727148603206,0.1861097714816781,-0.5,5.0,0.14146291037110564,3.0,-0.7040797188213569,AAPL
2021-01-11,128.98,0.17022588256949855,0.12120667100680294,0.16548299214352968,0.40679600802309956,2.6096302330850873,0.18332141290850704,-0.5,5.0,0.1509774914199023,3.0,-0.7042796912239324,AAPL
2021-01-12,128.82,0.16918692742415972,0.1698439242245513,0.16470004023365825,0.4058325273233508,2.6640620732192373,0.1718344872089442,-0.5,5.0,0.1509774914199023,3.0,-0.7042812826371769,AAPL
2021-01-13,130.89,0.12231951681924624,0.1688237674316042,0.1293809710626032,0.3596956645034844,2.4038086416955995,0.10773626914251806,-0.5,5.0,0.1509774914199023,3.0,-0.7043645736435942,AAPL
2021-01-14,128.91,0.11607508919546251,0.12288803471165011,0.12467519857951785,0.35309375324340964,2.3787283730443662,0.0660883310658952,-0.5,5.0,0.1509774914199023,3.0,-0.7043673946837301,AAPL
2021-01-15,127.07,0.11069804575343394,0.11677361608599313,0.12062308290225734,0.3473083398109774,2.5506942504723837,0.05910891223451488,-0.5,5.0,0.1509774914199023,3.0,-0.7045150268562138,AAPL
2021-01-19,127.82,0.07709434180457833,0.11150081728919758,0.09529948322276366,0.3087061438046928,2.640153738349008,0.044918586390646664,-0.5,5.0,0.1509774914199023,3.0,-0.7045596337285641,AAPL
2021-01-20,132.03,0.042035063174725405,0.07868077405873919,0.06887896903106965,0.26244803110534026,2.3069653656246696,0.10437675734994169,-0.5,5.0,0.1509774914199023,3.0,-0.7067911510829818,AAPL
2021-01-21,136.87,0.026391566559655116,0.04370396385456843,0.05474566486454903,0.23397791533507822,2.0484931442326397,0.1525121264613686,-0.5,5.0,0.14146291037110564,3.0,-0.7066151733745223,AAPL
2021-01-22,138.97,0.025460864684776582,0.028480365685936704,0.05322066918483566,0.2306960536828397,2.902292874217716,0.10648121174463894,-0.5,5.0,0.138120345985002,3.0,-0.7065514411662885,AAPL
2021-01-25,142.9,1e-10,0.027644349223010067,0.03369296675938771,0.18355644025581808,2.469293583080487,0.03991777993605526,-0.5,5.0,0.13673843236469155,3.0,-0.7063118897771319,AAPL
2021-01-26,143.18,0.0026884297972173954,0.0026884297972173954,0.035413025433707626,0.18818348873827276,3.567308045890959,0.04940287147024967,-0.5,5.0,0.13549685682193807,3.0,-0.7066145315373501,AAPL
2021-01-27,142.53,0.005357149526450122,0.005271657886623871,0.037098916354947845,0.192610789819646,4.536540008432909,0.07302174251464963,-0.5,5.0,0.1341768963097405,3.0,-0.7066461134034446,AAPL
2021-01-28,137.09,0.04184976436483605,0.007913096892480098,0.0645995862463307,0.254164486595454,-2.6640672518071673,0.16051876779108343,-0.5,5.0,0.1341768963097405,3.0,-0.7066237297199397,AAPL
2021-01-29,131.74,0.096081824868681,0.043678090753019205,0.10546862235269777,0.32475932989322687,-1.3333236298651965,0.20980929243231106,-0.5,5.0,0.1341768963097403,3.0,-0.7065423909767842,AAPL
2021-02-01,134.14,0.06968039853253774,0.09685965518292505,0.08557262658622802,0.29252799282500813,2.9552590795773854,0.1668915909009072,-0.5,5.0,0.1341768963097403,3.0,-0.7067502245667747,AAPL
2021-02-02,134.94,0.07905747738054363,0.07096324988015112,0.09263915089769564,0.304366803212334,2.711888907058122,0.17503595294055768,-0.5,5.0,0.1341768963097403,3.0,-0.7068421439150917,AAPL
2021-02-03,133.92,0.11073125028490932,0.08015115361922653,0.11650836324970684,0.3413332143957087,2.93105188966254,0.1727053579048738,-0.5,5.0,0.1341768963097403,3.0,-0.7068402353497168,AAPL
2021-02-04,137.39,0.0862651098905831,0.11167074642071384,0.09839603446291252,0.31368142192822407,2.5207678946461503,0.1673862524093378,-0.5,5.0,0.13549685682193785,3.0,-0.7066133192282357,AAPL
2021-02-05,136.77,0.07938178572608891,0.08765166562079685,0.0935147222449737,0.3058017695255763,2.7153648941692863,0.05121300816732763,-0.5,5.0,0.13673843236469135,3.0,-0.7066706347523463,AAPL
2021-02-08,136.91,0.06450056538186864,0.08051950108347228,0.08230030173606415,0.2868802916480394,2.8427813520516994,0.04317159095789326,-0.5,5.0,0.13673843236469135,3.0,-0.7066765556797058,AAPL
2021-02-09,135.99,0.06701969574523468,0.06592876727881958,0.0841987070118466,0.29017013459666485,2.887142139947517,0.048315136122368894,-0.5,5.0,0.13673843236469135,3.0,-0.7068668472326252,AAPL
2021-02-10,135.36,0.06535667166760731,0.06840443027613219,0.08294545957033564,0.2880025339651296,3.001746525538424,0.04536218247461303,-0.5,5.0,0.13673843236469135,3.0,-0.7075770329229638,AAPL
2021-02-11,135.12,0.048018638840417426,0.06677453339943895,0.06987959625913868,0.26434749149394,2.9606508171396175,0.0022781701511658675,-0.5,5.0,0.13673843236469135,3.0,-0.707669254032487,AAPL
2021-02-12,135.34,0.031458409709638716,0.04977812434844964,0.057399882304189034,0.23958272538768113,2.9919889441413305,0.0032615281754324738,-0.5,5.0,0.13673843236469135,3.0,-0.7076442007004246,AAPL
2021-02-16,133.16,0.04838913647094244,0.03355044386808004,0.07015880160185614,0.26487506791288634,3.024163638860898,0.011481941996584612,-0.5,5.0,0.13673843236469135,3.0,-0.7077556354086844,AAPL
2021-02-17,130.84,0.06554091033692752,0.05014171679249557,0.08308430100026992,0.2882434752084944,3.127896557893524,0.01901905755450161,-0.5,5.0,0.13673843236469135,3.0,-0.7077493754270758,AAPL
2021-02-18,129.71,0.06532170063692942,0.06695510245845071,0.08291910555940239,0.28795677724165897,3.117454762962656,0.018274777882895728,-0.5,5.0,0.13673843236469135,3.0,-0.7077667642124118,AAPL
2021-02-19,129.87,0.025743715102663177,0.027531844679288042,0.053093314232470906,0.2304198650994981,3.4619147007462083,0.021289423703011127,-0.5,5.0,0.13673843236469135,3.0,-0.01,AAPL
2021-02-22,126.01,0.031176247677091897,0.027870160090969875,0.05688131645395485,0.2384980428723784,2.6111750451284372,0.0339791483410763,-0.5,5.0,0.13549685682193785,3.0,-0.01,AAPL
2021-02-23,125.86,0.035227764439636176,0.033160676786792465,0.059609276980462936,0.24415011157167824,3.4654523769133676,0.04168848806029131,-0.5,5.0,0.13417689630973406,3.0,-0.01,AAPL
2021-02-24,125.32,0.03784609219629763,0.036920393602486,0.06061624218720581,0.24620365997930618,3.3727272286887926,0.04003344177924388,-0.5,5.0,0.13025572307459105,3.0,-0.01,AAPL
2021-02-25,121.0,0.050844536544007515,0.0393876719972468,0.06939611104251546,0.2634314162026152,2.412379835477488,0.07535250546603896,-0.5,5.0,0.12613363882496725,3.0,-0.01,AAPL
2021-02-26,121.35,0.05908546295298249,0.05190160785605258,0.07420034449143542,0.2723974017707133,3.2532691818461026,0.07864792866749003,-0.5,5.0,0.1204272030950226,3.0,-0.01,AAPL
2021-03-01,127.79,0.11439006048698894,0.06030256097983511,0.11587763966455686,0.3404080487658258,1.1238027094582483,0.24528144061292387,-0.5,5.0,0.12042720309501637,3.0,-0.01,AAPL
2021-03-02,125.16,0.16855332516649343,0.11450984507246176,0.15669483154809744,0.39584697996586693,2.6462903777625093,0.27452346659642424,-0.5,5.0,0.12042720309500395,3.0,-0.01,AAPL
2021-03-03,122.06,0.22542327754007174,0.16759844179614447,0.1995517710656091,0.4467121792223815,2.368845191063085,0.3046250918259011,-0.5,5.0,0.12042720309501637,3.0,-0.01,AAPL
2021-03-04,120.3,0.23624945909102865,0.2233400221375632,0.20771033263582223,0.4557524905426434,2.3504297843711015,0.24871652296554508,-0.5,5.0,0.12042720309501637,3.0,-0.01,AAPL
2021-03-05,121.39,0.12093741518619687,0.11590287419676315,0.12081169662490455,0.347579770160613,2.6559458673644105,0.2537392732352963,-0.05861287275062048,5.0,0.12042720309500682,0.20701452822568295,-0.01,AAPL
2021-03-08,116.41,0.11947571554521634,0.1205505151374382,0.11971016637049607,0.3459915697968609,2.435939850127562,0.0862278229135437,-0.22678779223190373,5.0,0.12042720309500682,0.1931350479172776,-0.01,AAPL
2021-03-09,121.08,0.12386379853506112,0.11939911406079773,0.12301700591307597,0.3507378022299221,2.251740831525845,0.25222165148363657,-0.10192081909513673,5.0,0.12042720309500672,0.1862818586799891,-0.01,AAPL
2021-03-10,119.97,0.12714285036001136,0.12358606989801046,0.12548808457362287,0.3542429739227341,2.7213349769222512,0.22801813754744824,0.043979069417950614,5.0,0.12042720309500672,0.1790619208058008,-0.01,AAPL
2021-03-11,121.96,0.13049630945593985,0.12695372966845753,0.12801523621786126,0.3577921690281402,2.6539143052038767,0.23317117505349125,0.07781200037810616,5.0,0.12042720309500672,0.17778816198379882,-0.01,AAPL
2021-03-12,121.04,0.13359811061688995,0.13009640709060477,0.13035273957775395,0.3610439579576896,2.6980525223185317,0.23391917104320026,0.2018150391402696,5.0,0.12042720309500672,0.17390061512477722,-0.01,AAPL
2021-03-15,124.0,0.1324341709511598,0.13328619614912895,0.12947559989723256,0.35982718059817625,2.692439537190927,0.10997951145150327,0.1732274362683924,5.0,0.12042720309500672,0.17326036915160803,-0.01,AAPL
2021-03-16,125.57,0.12958734516907336,0.1321941172282095,0.12733024483242955,0.35683363747330427,2.7168758482162287,0.05604928014342565,0.2602250426658131,5.0,0.12042720309500672,0.17284247174908382,-0.01,AAPL
2021-03-17,124.78,0.1267422152955127,0.1294010580095346,0.12518616779663977,0.3538165736601944,2.736026015806007,0.05044943519281678,0.2780490853687966,5.0,0.12042720309500665,0.17254865883490564,-0.01,AAPL
2021-03-18,120.59,0.12659236836675272,0.1265537584768026,0.12507324382721982,0.3536569578379872,2.5522008951271444,0.12475861404487493,0.14977516257891332,5.0,0.12042720309500676,0.17138555161862176,-0.01,AAPL
2021-03-19,119.88,0.12636724535199806,0.126439049745386,0.12490359213903196,0.35341702298988364,2.835326347215816,0.12378281338822303,0.13455249697171398,5.0,0.12042720309500672,0.17043082310279076,-0.01,AAPL
2021-03-22,123.37,0.12647681926968687,0.12609700012762914,0.12489131609499829,0.3533996549163543,2.6545835049015567,0.1397300269888669,0.25260771270257815,5.0,0.1200422651192822,0.16941644101595013,-0.01,AAPL
2021-03-23,122.53,0.1244588609079356,0.12440124011118314,0.12213923649381637,0.3494842435558667,2.8396971940419173,0.12545681273606488,0.26914334616715896,5.0,0.1150449731658423,0.1694530904312913,-0.01,AAPL
2021-03-24,120.08,0.12417343593018779,0.1236423410991847,0.12154472177753395,0.34863264588608733,2.742593325923239,0.137642264813709,0.29869918984505184,5.0,0.11350514851757604,0.16864518714907512,-0.01,AAPL
2021-03-25,120.6,0.12233169774252056,0.12367811071453616,0.11999258251867662,0.34639945513622944,2.8346781057663715,0.08389507413701654,0.24042352534616732,5.0,0.11283870913666931,0.16864006719012348,-0.01,AAPL
2021-03-26,121.21,0.12059081092809842,0.12195258254359942,0.11857318293726292,0.34434457007082736,2.8320759381736162,0.08176813300085538,0.21893999765658462,5.0,0.11240253557825364,0.16829229081322034,-0.01,AAPL
2021-03-29,121.39,0.11718146392994348,0.12027277047309326,0.11589863293612723,0.3404388828205839,2.760848411583551,0.028261711610118482,0.30810617620014435,5.0,0.11197526464425026,0.1682635733250673,-0.01,AAPL
2021-03-30,119.98,0.11419163690761863,0.11703411441339995,0.11361309252505009,0.3370654128282077,2.7416516440629923,0.03164615968439144,0.2638901276088014,5.0,0.11184369133584082,0.1691698583598043,-0.01,AAPL
2021-03-31,122.18,0.11114692693598004,0.11408899999514688,0.11129151055473772,0.33360382275198486,2.715028128619296,0.028531195101556543,0.2262180754867527,5.0,0.11173370035845553,0.16974876695810032,-0.01,AAPL
2021-04-01,123.0,0.10814712600371557,0.11093346971756546,0.10889669208955269,0.3299949879764126,2.805094695296966,0.02906847671506532,0.19117505987755967,5.0,0.11118914045415848,0.17046400061907557,-0.01,AAPL
2021-04-05,125.9,0.10588543918860176,0.10795764292561216,0.10701377133129811,0.32712959409276643,2.7265118393358003,0.04841052867304947,0.22695315532106716,5.0,0.11046462539757784,0.16997426056911383,-0.01,AAPL
2021-04-06,126.23,0.10380365257673155,0.10575909325052635,0.10530566658514927,0.3245083459406696,2.881597375193131,0.0476026464275257,0.21164971849491204,5.0,0.10989937702946148,0.1699712261974682,-0.01,AAPL
2021-04-07,127.91,0.10036027761808584,0.10325019928495749,0.1022474494229035,0.31976155088269054,2.8041283832651027,0.01766309993212305,0.3035139453056304,5.0,0.1080191138557371,0.16982738300692055,-0.01,AAPL
2021-04-08,130.38,0.09652913632922244,0.09927920093105058,0.09857901173117331,0.31397294745116705,2.771855400179013,0.018356055396532654,0.2784840641555189,5.0,0.10484828351606176,0.17117791153120807,-0.01,AAPL
2021-04-09,133.0,0.09306120125458199,0.09574710936794872,0.09536263215993393,0.3088084068802757,2.785303592286477,0.016658973080480737,0.37687813221370303,5.0,0.10240125305662931,0.17236902536162593,-0.01,AAPL
2021-04-12,131.26,0.0912322412930497,0.09265001985477284,0.09364204585804303,0.306009878693553,2.8961951249706965,0.04845291781286339,0.3162416140922133,5.0,0.10101211320556575,0.17352820280806439,-0.01,AAPL
2021-04-13,134.41,0.08990248136691525,0.0911512808779662,0.09249501195050486,0.30412992610150164,2.8185545822783356,0.055678208429297625,0.36515874960391514,5.0,0.10042392256804307,0.1745511712059397,-0.01,AAPL
2021-04-14,132.13,0.0902310358213503,0.08985152181048761,0.09261376193976915,0.304325092524046,2.896862629103207,0.09950572004104134,0.29563799696986137,5.0,0.0999010134532532,0.1752324011861239,-0.01,AAPL
2021-04-15,134.51,0.08995110334527533,0.08975340889810468,0.09200570067816201,0.30332441490615625,2.9150051139459343,0.097559218950691,0.20666761960844748,5.0,0.09828941386195596,0.17602196967259237,-0.01,AAPL
2021-04-16,134.15,0.08999531904055932,0.0901720711881353,0.09203902142663149,0.30337933585963217,3.0080658479503555,0.08439326753083869,0.2562985722019105,5.0,0.09828941386195596,0.17529326776679585,-0.01,AAPL
2021-04-19,134.85,0.08943177289116627,0.09020081008566194,0.0916143355911096,0.30267860114502576,2.9976221510521435,0.06693416779199468,0.26462689516587207,5.0,0.09828941386195596,0.17463906840686666,-0.01,AAPL
2021-04-20,133.12,0.08835831300173967,0.0895933701613103,0.09080538106177538,0.30133931217445786,2.9285332397116943,0.05000908711916983,0.24576253496405367,5.0,0.09828941386195596,0.17499927270019877,-0.01,AAPL
2021-04-21,133.49,0.08606109152819816,0.08787513228526223,0.08863435798166348,0.29771522967705816,2.978456309908005,0.03190476116371457,0.2805745372030522,5.0,0.09650435181463342,0.17589840800410583,-0.01,AAPL
2021-04-22,131.94,0.08376281528636419,0.085939305179636,0.08668890357646589,0.29442979396872504,2.9114833815977232,0.01705218409226577,0.307393256778631,5.0,0.09563795615779283,0.17643162785696223,-0.01,AAPL
2021-04-23,134.3,0.08235636909525536,0.08378825043473626,0.08550427936826333,0.29241114781803945,2.9158902256210926,0.04107471611201858,0.3169796167272004,5.0,0.09513174503624852,0.17714134185052088,-0.01,AAPL
2021-04-26,134.73,0.08080198528503571,0.08216234006977174,0.08405056999721051,0.28991476333089783,3.025937611077323,0.04001779238099001,0.3336894762987018,5.0,0.09398593507231454,0.17797760385333647,-0.01,AAPL
2021-04-27,134.39,0.0791174720973887,0.08076184058882063,0.08255334759229176,0.287320983557226,3.0199206869242388,0.028790576407434525,0.34719811991538874,5.0,0.093061516662512,0.17754919100273242,-0.01,AAPL
2021-04-28,133.74,0.07789834800632968,0.07940804620739073,0.08156734255027001,0.28559996945075117,3.022071401573264,0.030878025845605256,0.3498643307333094,5.0,0.09278847528416388,0.17566968360161506,-0.01,AAPL
2021-04-29,133.49,0.07621626402645579,0.0779890606754634,0.08010046544916892,0.28302025625239075,3.030925963505768,0.020830399660644542,0.345512729786667,5.0,0.09197977985191945,0.17398491109482073,-0.01,AAPL
2021-04-30,131.53,0.07447931519346286,0.0764318338551675,0.07860783441101268,0.2803708872386944,2.9339450356286707,0.011058517763739312,0.28938100872721084,5.0,0.0912343623547707,0.17077912143367038,-0.01,AAPL
2021-05-03,132.55,0.07274177265967575,0.07452088555146474,0.07695464917011476,0.27740700995128936,3.0372382251905994,0.01629415257777092,0.39609012642387864,5.0,0.08983917269529025,0.1673934942353971,-0.01,AAPL
2021-05-04,127.94,0.0725770287649899,0.07259671558858827,0.07647182190868186,0.2765353899751022,2.571445217709851,0.06770642473043988,0.26319242195406883,5.0,0.08838352968393824,0.16571362214325602,-0.01,AAPL
2021-05-05,128.15,0.07284997609123765,0.07281849496939685,0.07659495643955233,0.2767579383496566,3.1174752247679476,0.07390660495941619,0.3682875696027365,5.0,0.08804848166860121,0.16466345618146558,-0.01,AAPL
2021-05-06,129.68,0.07340312540374315,0.07278504207351943,0.07679491007505257,0.2771189457165507,3.0667161394375335,0.09496455465906224,0.3980660983117721,5.0,0.08716823321460548,0.1653687110501613,-0.01,AAPL
2021-05-07,130.21,0.07339104820106529,0.07285153886914486,0.0762930084906082,0.2762118905670214,3.11358890187662,0.09151181344591648,0.3756667950309071,5.0,0.08516826878534788,0.16636242377333527,-0.01,AAPL
2021-05-10,126.89,0.07409650465132529,0.07300323200615821,0.07647359919350862,0.27653860344174125,2.809719266892731,0.10706505710606276,0.24180126761613935,5.0,0.08374362727869827,0.16703720890163615,-0.01,AAPL
2021-05-11,125.85,0.07364434648386603,0.0742376144771697,0.07613285483860122,0.2759218274051569,3.0768910997266112,0.052966748607988806,0.15487116511770174,5.0,0.08374362727869822,0.16748036253940257,-0.01,AAPL
2021-05-12,122.81,0.07385843004989466,0.07385489722582861,0.07629418724803795,0.27621402435075226,2.8568119340310205,0.07105775296943626,0.1104947279567969,5.0,0.08374362727869827,0.1669400417725117,-0.01,AAPL
2021-05-13,124.94,0.07439482333277755,0.07410017816073378,0.07669841080586864,0.27694477934394907,2.9950656002483482,0.0861669650705474,0.18599284793226273,5.0,0.08374362727869823,0.1661912862887277,-0.01,AAPL
2021-05-14,127.43,0.07644398915239073,0.0751679923851043,0.07859369101697986,0.28034566345313755,2.931454120156096,0.12125389312951645,0.2322155732731654,5.0,0.0851682687853479,0.1656518587265916,-0.01,AAPL
2021-05-17,126.27,0.07779288702178987,0.07739186905746465,0.08010301462427168,0.28302475973715036,3.0571098027323247,0.09006226990615583,0.15484672435457902,5.0,0.08716823321460548,0.16523949601208365,-0.01,AAPL
2021-05-18,124.85,0.07849143452281283,0.07800692218370386,0.08062943686927003,0.28395323007366907,3.0294007779860133,0.09335357189286557,0.13643828627731075,5.0,0.08716823321460548,0.1644705743966276,-0.01,AAPL
2021-05-19,124.69,0.0779545483659059,0.07867410251492402,0.08022484188379861,0.2832399016448753,3.0733700428367143,0.0536823927938267,0.13351490752323109,5.0,0.08716823321460548,0.16442846286333465,-0.01,AAPL
2021-05-20,127.22,0.07753556007915993,0.0781488876673393,0.07990909420133775,0.2826819665301233,2.9260252008244705,0.05926260057857573,0.1554997499628033,5.0,0.08716823321460548,0.16459209412253914,-0.01,AAPL
2021-05-21,125.43,0.07692346675646446,0.07772861057310365,0.07944782343505488,0.28186490280816245,2.98927303005246,0.048346821591564094,0.14358517093086626,5.0,0.08716823321460548,0.1646982597682422,-0.01,AAPL
2021-05-24,127.11,0.07650358458686231,0.07713593386142747,0.07913140212650671,0.2813030432229746,3.0167879637740636,0.056830125765387186,0.19351046595058174,5.0,0.08716823321460548,0.16495948480477662,-0.01,AAPL
2021-05-25,126.93,0.07582149305758766,0.0767074615432648,0.07861738102757031,0.28038791170014854,3.0747217647271117,0.04601281365963853,0.17974890063724763,5.0,0.08716823321460551,0.16520808535457304,-0.01,AAPL
2021-05-26,126.85,0.07514086378492484,0.07602132477040868,0.078104461878619,0.27947175506411914,3.0785863290991093,0.04565747044869353,0.20103380115036212,5.0,0.08716823321460547,0.1660630878553742,-0.01,AAPL
2021-05-27,125.3,0.07409282060663142,0.07535579785690061,0.07731466126811723,0.27805514069715964,3.002454862043373,0.030562647696143957,0.23624436518354838,5.0,0.08716823321460548,0.16682139888056835,-0.01,AAPL
2021-05-28,124.61,0.07281975011663248,0.07432249936027802,0.07635528109081367,0.276324593713288,3.0506120800192424,0.0222056441034216,0.2024037141516074,5.0,0.08716823321460551,0.1676594277832847,-0.01,AAPL
2021-06-01,124.31,0.07110841762807726,0.07307136778035783,0.07506562864878993,0.2739810735229533,3.047053020187564,0.005709770779165095,0.18254632617474936,5.0,0.08716823321460551,0.16856462721154594,-0.01,AAPL
2021-06-02,125.08,0.06959602582485701,0.07137307491575484,0.07392589700963527,0.2718931720540905,3.057110299770777,0.01152088126654588,0.1399796883873181,5.0,0.08716823321460551,0.16965811644953863,-0.01,AAPL
2021-06-03,123.54,0.0685576154691616,0.07004534197767498,0.07314335565078109,0.2704502831405083,3.022152149089264,0.015072453674166639,0.05750286580005911,5.0,0.08716823321460548,0.1702032325695867,-0.05172175360793271,AAPL
2021-06-04,125.88,0.06701011797995864,0.06813204572972609,0.0714843682660656,0.2673656078594732,2.9789380264984016,0.03627133504564166,0.08793309022528156,5.0,0.0851682687853479,0.17166713265003913,-0.05190144627055669,AAPL
2021-06-07,125.9,0.06559442871752603,0.06657053915478173,0.06994474811022644,0.26447069423704855,3.139672986708813,0.03328413289136347,0.08909660724000454,5.0,0.08324962244451706,0.1733525170924103,-0.0519679373906078,AAPL
2021-06-08,126.74,0.06423173248054123,0.06526242111795,0.06851707004833313,0.2617576551857331,3.1320846886983134,0.032318186100720445,0.11369286269886986,5.0,0.08162320609782758,0.17518417162631597,-0.04993824728670066,AAPL
2021-06-09,127.17,0.06236485247069035,0.06331788646457426,0.0663524235963263,0.25758964186536365,3.1604187083285686,0.03190084589338539,0.09341848644112452,5.0,0.0785478805125826,0.1770377990896067,-0.04997924579598391,AAPL
2021-06-10,126.12,0.06063440214193756,0.06161330421309685,0.06440478200563117,0.2537809725050938,3.139416786764975,0.02463976056273259,0.06613724161887305,5.0,0.07593598828054429,0.17878916531273828,-0.0615868947369404,AAPL
2021-06-11,127.35,0.059109699736705566,0.06065220465643506,0.0630840520265646,0.25116538779570047,3.1268375045549486,0.012076589027433686,0.12860912803621902,5.0,0.0752390808884687,0.1806352219635601,-0.06448433912767167,AAPL
2021-06-14,130.49,0.057884980738055744,0.059008325790273375,0.06188184787429953,0.24876062364108098,2.915854260409513,0.03499375122616688,0.1521297413259866,5.0,0.0741057354049045,0.18199968046536263,-0.09301437373668206,AAPL
2021-06-15,129.7,0.056909616842543656,0.05718254065141082,0.06051236112679352,0.2459926038050606,3.2002108751749274,0.04397197494622274,0.15139914452528275,5.0,0.0715308762365022,0.18318682544190512,-0.09073043856696762,AAPL
2021-06-16,130.13,0.05535337364755743,0.055741472397130565,0.05840981035040708,0.24168121637894632,3.236725387841588,0.043984237331867605,0.1677410195636513,5.0,0.06775751624767119,0.18423348181784363,-0.0900468496058124,AAPL
2021-06-17,131.74,0.05365046680088015,0.05453947421119665,0.05655679956500092,0.23781673525006797,3.1662819236238637,0.03190175043434046,0.09267444163253054,5.0,0.06544543249276749,0.1854859867619073,-0.10250845735563088,AAPL
2021-06-18,130.39,0.05375338656409115,0.053683897387600155,0.05652622259506505,0.23775243972473772,3.1945847699622716,0.04958760299845594,0.07374002313221398,5.0,0.0650065734869108,0.18695279725243816,-0.09222070596187322,AAPL
2021-06-21,132.27,0.05285507019063487,0.053801191734237364,0.05575013105119003,0.2361146565785149,3.1457007868237223,0.02982055584782319,0.08824563978852143,5.0,0.06460429035830698,0.18831367179675237,-0.09178746453990301,AAPL
2021-06-22,133.98,0.052040673780016,0.052975273229094455,0.054993669473188865,0.2345072908742687,3.166508875356853,0.026924098395524818,0.14384787488675202,5.0,0.0640250147747066,0.18958481712070868,-0.07050572200728517,AAPL
2021-06-23,133.69,0.05098935229484887,0.05154595621206681,0.05386059704480273,0.2320788595387411,3.263314203469437,0.030632586017863117,0.11538445058607878,5.0,0.06264191793936227,0.19041857424827766,-0.09384395258826503,AAPL
2021-06-24,133.4,0.04984524085892375,0.05042896023587673,0.05253841685205088,0.22921260186135245,3.277164351854035,0.028606863785383928,0.053490355047155366,5.0,0.0607751380934405,0.19062583120783674,-0.09021693198964076,AAPL
2021-06-25,133.14,0.04887525564948699,0.04972820631155628,0.05157637798248017,0.22710433281309314,3.2777278002019985,0.01864952517657058,0.06243184183878254,5.0,0.05983740204943082,0.1913235985631816,-0.08269285298907993,AAPL
2021-06-28,134.75,0.047508196666502855,0.04866212108390755,0.050370054695227734,0.22443273980243553,3.199461814556147,0.015982147275312497,0.00015400521424579344,5.0,0.059122667549046146,0.19197550687059237,-0.09140092673721176,AAPL
2021-06-29,136.33,0.04623857076868759,0.04739581855574215,0.049202038230462125,0.22181532460689485,3.2142360624924367,0.014686577341263581,0.05083910941228503,5.0,0.05826541004606449,0.19369513257968893,-0.09610532284241081,AAPL
2021-06-30,136.88,0.045130100255128244,0.04617312781010696,0.04817682498593033,0.21949219800696865,3.2978861000051007,0.012215129789754298,0.07583425520559393,5.0,0.05749482810600347,0.1953711151432625,-0.09468129286915532,AAPL
2021-07-01,137.27,0.04399646299499897,0.04507073545755702,0.047144692555763174,0.21712828594119923,3.313688185595671,0.009129785201137827,0.09816579376928272,5.0,0.056773134722963636,0.19707499180229984,-0.09370346089172382,AAPL
2021-07-02,139.96,0.042859568208776996,0.04415400056495855,0.04618577862357973,0.21490876814029652,3.100829184095332,0.011478196225578496,0.18555218978718427,5.0,0.056358551604942,0.1988134755796641,-0.09246006663999148,AAPL
2021-07-06,141.95,0.04148641924474503,0.04267870452349598,0.04506370618345752,0.21228213816394803,3.2219869773917575,0.012236474664948267,0.19061135461268328,5.0,0.056004363381439604,0.20060700310895918,-0.11797511860358915,AAPL
2021-07-07,144.67,0.040642586922318084,0.041774027653445955,0.04427660464041365,0.21042006710485966,3.1392505008257054,0.016089535335045035,0.29572047709319127,5.0,0.05539076539582295,0.2019472945439048,-0.10723115326272764,AAPL
2021-07-08,143.25,0.04077045351222039,0.04057193915468815,0.044223993209692405,0.21029501470480086,3.3038387239762,0.03955078736419355,0.2097671181541906,5.0,0.054786185898451946,0.20320163623769735,-0.10288740418988816,AAPL
2021-07-09,145.1,0.04003766548818562,0.040430322602333035,0.043384457516362454,0.20828936006518062,3.2938871746555547,0.036710101410942796,0.21771923577750052,5.0,0.0536201766299096,0.20465577129312373,-0.11488394633689211,AAPL
2021-07-12,144.58,0.03993310501421589,0.03984172065429448,0.042987905182210844,0.20733524828694913,3.3833273770883445,0.03927918540717414,0.2563433811011182,5.0,0.05233060595488068,0.2059631040284639,-0.1146724910365948,AAPL
2021-07-13,145.69,0.039755087599110485,0.040052210200883565,0.042774921669932124,0.2068209894327269,3.368474658218892,0.035174553375395747,0.27410437266124127,5.0,0.05201068327633472,0.20735872193423063,-0.11419302997793213,AAPL
2021-07-14,149.29,0.04052857367550948,0.04064012941853434,0.04325330409777807,0.20797428710727214,2.9988356989220777,0.046086292094496474,0.29096469486577076,5.0,0.05158653037167678,0.20849246160114768,-0.0441293469774913,AAPL
2021-07-15,148.47,0.04081355040726642,0.04085586955261533,0.043199556123292716,0.20784502910412053,3.3591618683104034,0.0381778350010248,0.3100455761779511,5.0,0.05049683785067487,0.2086283104706442,-0.01,AAPL
2021-07-16,146.34,0.04084263554677742,0.04031910754565615,0.04275209571963083,0.20676579920197352,3.2152458120873155,0.05618820666020024,0.308944207614313,5.0,0.04859192616720116,0.2063744340847094,-0.01,AAPL
2021-07-19,142.53,0.04272329997400952,0.04099930345546454,0.04416935594663363,0.21016506833114212,2.816272617996594,0.09756159065286582,0.24389779404752485,5.0,0.04859192616720116,0.20374840588879387,-0.013430255987379661,AAPL
2021-07-20,146.15,0.0453505660860927,0.042907358045340516,0.04614925183475224,0.21482376924994181,2.8684479617950305,0.13595136992683432,0.22913027636894956,5.0,0.04859192616720116,0.20083378656906897,-0.01,AAPL
2021-07-21,145.38,0.04669479983083895,0.04540645074484928,0.047162260319752305,0.21716873697600284,3.316695336533005,0.0914223426834942,0.14589994169156328,5.0,0.04859192616720116,0.1989579224448268,-0.01,AAPL
2021-07-22,146.78,0.04821565004833868,0.04673071353863634,0.048308366181744514,0.21979164265673187,3.245962836091345,0.1025213220313867,0.1345243608743473,5.0,0.04859192616720116,0.1978096215385482,-0.01,AAPL
2021-07-23,148.53,0.04948504786866021,0.04820040897357103,0.049264978651749905,0.22195715499111512,3.2106786507131146,0.09708721918622303,0.10219797926453045,5.0,0.04859192616720122,0.1968661561726771,-0.01,AAPL
2021-07-26,148.99,0.048965097699411146,0.049459728063084185,0.04887314655016407,0.22107271778798052,3.300411632824864,0.03187006140569858,0.10448560810011681,5.0,0.04859192616720122,0.19665769854567974,-0.01,AAPL
2021-07-27,146.81,0.048497279343299296,0.04893970327793795,0.0485206007477452,0.22027392207827326,3.1599260345180813,0.03042868603953192,0.0839428105306104,5.0,0.04859192616720122,0.1963994904574772,-0.01,AAPL
2021-07-28,144.99,0.04829171576022148,0.048505602731893305,0.04836568895901896,0.21992200653645136,3.199329200404225,0.03863913807710025,0.13724665731942373,5.0,0.04859192616720126,0.19628885629657725,-0.01,AAPL
2021-07-29,145.6,0.04788503595491619,0.048315772401110735,0.04805921689263722,0.21922412479614833,3.296253874438185,0.03323300742371066,0.22596219382447771,5.0,0.04859192616720126,0.19644418423485951,-0.01,AAPL
2021-07-30,145.95,0.047933611724155195,0.04868846057252085,0.04856520220673529,0.22037513972028536,3.2897120426955087,0.021698526217127662,0.1953586332484587,5.0,0.050496837850674964,0.19576096464038806,-0.01,AAPL
2021-08-02,145.54,0.047184800955278196,0.04798518604366109,0.0480009017898647,0.21909108103677954,3.286835746662255,0.0185476188706307,0.17769980600817448,5.0,0.050496837850674964,0.19560755881912373,-0.01,AAPL
2021-08-03,147.33,0.046487596364939585,0.04726748532266356,0.047475491556299015,0.2178887136964625,3.2229349291943445,0.02103209292701259,0.21764006067318287,5.0,0.050496837850674964,0.19608962129195143,-0.01,AAPL
2021-08-04,146.95,0.045531524176484234,0.04654676655445655,0.04675499986877582,0.21622904492407077,3.296096622390743,0.009534445667804472,0.1608623115183419,5.0,0.050496837850674964,0.19661163019488265,-0.01,AAPL
2021-08-05,147.03,0.044646540152080263,0.04565036536951084,0.04608807990093946,0.2146813450231283,3.309623184161979,0.009510874614355439,0.17107772375268882,5.0,0.050496837850674964,0.19624464104579273,-0.01,AAPL
2021-08-06,146.1,0.04390877174923137,0.04476347376476042,0.04553210096128567,0.21338252262377458,3.292222966847154,0.01287456126486113,0.15622298583709188,5.0,0.050496837850674964,0.19669304992164582,-0.01,AAPL
2021-08-09,146.12,0.043165535677164364,0.0440492520283442,0.04497200161077865,0.21206603125153883,3.331572647187765,0.01219116011586369,0.17009166511066404,5.0,0.050496837850674964,0.19712747824845406,-0.01,AAPL
2021-08-10,145.61,0.04218106909559605,0.04331090438427054,0.044230112036718026,0.21030956239961612,3.3198896404483027,0.002009210904170751,0.17240415935697595,5.0,0.050496837850674964,0.1978097590864634,-0.01,AAPL
2021-08-11,145.91,0.04122699888346128,0.04233185436532949,0.043511129029517315,0.20859321424609506,3.3396773897506224,0.0029578597435647915,0.18013108801053113,5.0,0.050496837850674964,0.19927185072576015,-0.01,AAPL
2021-08-12,148.88,0.04013693859291952,0.041122096870822133,0.04268966451280198,0.20661477322012087,3.1119088887010324,0.027185783876752096,0.2174749896896468,5.0,0.050496837850674964,0.20033772392795018,-0.15805024369384957,AAPL
2021-08-13,149.1,0.039161841906603524,0.03967953959181614,0.04148545721595923,0.2036797908874595,3.3873312389780383,0.021550971747411406,0.2522366341563605,5.0,0.04859192616720126,0.20044599554255862,-0.15525363913151932,AAPL
2021-08-16,151.13,0.03832088579285159,0.0390922505484923,0.0405750353849299,0.2014324586180934,3.288792580472462,0.02395653428028349,0.3143715512091938,5.0,0.047469052661826376,0.20020559493392673,-0.14611945037035284,AAPL
2021-08-17,150.17,0.03816489718385528,0.0382261186150572,0.04026484314132472,0.20066101549958507,3.367629453552813,0.028083748955924713,0.3186206859572132,5.0,0.04668724907313133,0.1995255541012629,-0.14516794326354354,AAPL
2021-08-18,146.37,0.03950898753760347,0.03746632496768143,0.04087095788496059,0.20216566940249917,2.85870954320835,0.08105853954555457,0.2636392658374285,5.0,0.04503636338346774,0.1979001278962382,-0.16971517808536682,AAPL
2021-08-19,146.69,0.039561744979913556,0.03921092585551378,0.04056312253375209,0.20140288611078067,3.4267764619244594,0.053135819022576865,0.32816471061998614,5.0,0.04362570284391429,0.19576394710073644,-0.136037356834156,AAPL
2021-08-20,148.19,0.03976451652877118,0.03962502710237459,0.040575915871403315,0.20143464416878074,3.341359768444544,0.06181403943596518,0.3507920496258611,5.0,0.04305747304321946,0.1919248068501942,-0.2747163850484987,AAPL
2021-08-23,149.67,0.03986677849546664,0.039857879255578155,0.04055239146183403,0.20137624353888925,3.344050097570223,0.05579936554177412,0.3792904312357726,5.0,0.04264924770066203,0.1809222704790592,-0.27199879863863485,AAPL
2021-08-24,149.63,0.04052724358008738,0.04009638563184126,0.04094356761483588,0.2023451694872795,3.3916097801755445,0.05426944818174589,0.4492564894536814,5.0,0.04221683940586067,0.16799421061882175,-0.26038536804969603,AAPL
2021-08-25,148.36,0.04032117062885415,0.04053651814865589,0.0407882719685659,0.201961065476903,3.313848532359272,0.015326977479624289,0.4262494657276719,5.0,0.04221683940586063,0.1564729559633156,-0.2613043370780891,AAPL
2021-08-26,147.53,0.0394162848026296,0.03970896418468328,0.03991575113579034,0.19978926681829115,3.3585396016553672,0.018896331758582553,0.31030644997513,5.0,0.041443302608921956,0.1428971476028263,-0.20860602513031473,AAPL
2021-08-27,148.59,0.03842451587494939,0.03912360129834269,0.038892568621779866,0.19721198904169054,3.3737463695067667,0.015923899663844044,0.3661034225043507,5.0,0.040324045811442805,0.1372253649457938,-0.20521113618817866,AAPL
2021-08-30,153.09,0.038526241881750405,0.03868419739592355,0.03896922888152811,0.19740625340026113,2.8226305501607385,0.05944070669477831,0.47681274826704495,5.0,0.040324045811442805,0.13126504312928505,-0.17261239996126534,AAPL
2021-08-31,151.82,0.03950862884276392,0.03868935098944348,0.03970955126292165,0.19927255521752527,3.3286623462506646,0.06757962087163714,0.489299305891426,5.0,0.040324045811442805,0.12697144633604657,-0.11446566077367401,AAPL
2021-09-01,152.54,0.03947483012313344,0.03910576571433921,0.03947264881340903,0.1986772478503994,3.4075644156441944,0.057345334842576944,0.4802243900975812,5.0,0.0394659775671975,0.1184768808136318,-0.11660195988844729,AAPL
2021-09-02,153.71,0.03915221962849944,0.03901087993290275,0.03896668695594987,0.19739981498458875,3.387980681344237,0.04754992104950152,0.5,5.0,0.038399259907416564,0.10892913482417263,-0.05911336533702987,AAPL
2021-09-03,154.31,0.038966557225224824,0.038773334976212936,0.03865738308258398,0.19661480890966473,3.4089037595558858,0.048517587731573955,0.5,5.0,0.037711815011846284,0.10409637283441693,-0.08405068448648766,AAPL
2021-09-07,156.7,0.03800556574459466,0.038561232046049554,0.03771867384830306,0.19421296004207098,3.275376760883061,0.0184539279074201,0.5,5.0,0.03684125306993656,0.10254337238050962,-0.06487849676405635,AAPL
2021-09-08,155.12,0.03773291695344584,0.03798695944715291,0.03751320694945586,0.19368326450536674,3.3040907891450266,0.02157060990256874,0.5,5.0,0.03684125306993653,0.1,-0.0689501340220085,AAPL
2021-09-09,154.12,0.037542516966288415,0.03769637079676613,0.037369722378198654,0.1933124992808242,3.366053734101019,0.027283814015755702,0.5,5.0,0.03684125306993651,0.1,-0.0682626512229737,AAPL
2021-09-10,149.02,0.038891336095076216,0.03730704438567045,0.038386186387923654,0.19592393010534384,2.4535290585623133,0.08418559578985763,0.3889593289283855,5.0,0.036841253069936485,0.1,-0.15128760736369068,AAPL
2021-09-13,149.62,0.039757930095659144,0.03880631964239001,0.03903924771678233,0.1975835208634119,3.4005024627809224,0.08434196933391976,0.37169514141283505,5.0,0.03684125306993651,0.1,-0.1572689622622594,AAPL
2021-09-14,148.24,0.040008333921582116,0.03965727261493157,0.03922795091020226,0.1980604728617052,3.3272143019707436,0.04806042910354465,0.3657379034486068,5.0,0.03684125306993651,0.1,-0.14962517943422188,AAPL
2021-09-15,149.1,0.040449433232322744,0.04001561789664265,0.0395603613605829,0.19889786665669115,3.382130941086208,0.06276968707119479,0.44625787959983493,5.0,0.03684125306993656,0.1,-0.14513728541628493,AAPL
2021-09-16,148.85,0.041002554651923574,0.04041447968666034,0.03997719116676862,0.19994296978580822,3.3809519775087353,0.0648000907803873,0.4547794820818272,5.0,0.036841253069936485,0.1,-0.16122226417130064,AAPL
2021-09-17,146.01,0.040809814461543116,0.04075972224381985,0.0398319430289213,0.1995794153436704,3.087076457058427,0.02684497138052194,0.3580907056740471,5.0,0.036841253069936485,0.1,-0.16502981583292797,AAPL
2021-09-20,143.0,0.040912854354074275,0.0407040291447629,0.03990959342702766,0.19977385571447448,3.039375027805898,0.03260645083285533,0.3298699108488494,5.0,0.036841253069936485,0.1,-0.1679454280745503,AAPL
2021-09-21,143.41,0.04077769218065261,0.040823427525538136,0.03980773582297455,0.19951876057898554,3.3874312664940405,0.03969206489958963,0.3763603649414517,5.0,0.03684125306993651,0.1,-0.1512700267984267,AAPL
2021-09-22,145.8,0.041323435145229,0.041076376921409974,0.04043351564911479,0.20108086843137213,3.2196033640757613,0.06230809630021432,0.40140508263337166,5.0,0.03771181501184617,0.1,-0.13486979301295104,AAPL
2021-09-23,146.75,0.04193943470099409,0.041412531936657615,0.04100044859791007,0.20248567504371778,3.356382246594563,0.06855597068984444,0.40453539666372396,5.0,0.03812868425708011,0.1,-0.12119652922528007,AAPL
2021-09-24,146.93,0.04181028994565562,0.04168340944306692,0.04080040723007884,0.2019911068093812,3.382600233992165,0.0473179348540775,0.4038066319418575,5.0,0.03771181501184619,0.1,-0.12700053660106617,AAPL
2021-09-27,145.38,0.04107438331819743,0.04129157139141171,0.04003132092558925,0.2000782869918404,3.2759826651661665,0.024131508928626366,0.4055449252673582,5.0,0.03684125306993651,0.1,-0.11890550530834583,AAPL
2021-09-28,141.96,0.0417716541495971,0.04095858289838361,0.040556781078119684,0.20138714228599522,2.937950370288756,0.06144960633353314,0.32092134701722547,5.0,0.03684125306993656,0.1,-0.13634355001215867,AAPL
2021-09-29,142.84,0.041632037270130005,0.041681252920170664,0.040451566427689906,0.20112574779895762,3.3692755773133802,0.04264578820573791,0.3198948135202901,5.0,0.03684125306993656,0.1,-0.1353322688504656,AAPL
2021-09-30,141.3,0.04146943511512031,0.04145039454488142,0.040329030177318335,0.20082089078907686,3.2827014450022443,0.03464529322706838,0.2510616813935721,5.0,0.036841253069936505,0.1,-0.13367296746713794,AAPL
2021-10-01,142.6,0.041365319898253324,0.04136151476086525,0.04025056941964424,0.20062544559363413,3.334130722974894,0.0466069054312224,0.26424736885726474,5.0,0.03684125306993651,0.1,-0.12613629842120355,AAPL
2021-10-04,139.19,0.04204237066347729,0.04119736551911046,0.04076079182153546,0.20189302073508006,2.9451296157612408,0.06384711322876249,0.18879886402503143,5.0,0.036841253069936505,0.1,-0.1307339468480439,AAPL
2021-10-05,141.08,0.04217051719404986,0.04188271768907725,0.04085736246879133,0.20213204216252142,3.2646143138033508,0.06297167694253555,0.17743029174782865,5.0,0.036841253069936505,0.1,-0.12602070401644008,AAPL
2021-10-06,142.0,0.042399648533199066,0.042017464113087044,0.04103003481215777,0.20255871941774753,3.34513433213914,0.06327630317248403,0.15042413216405465,5.0,0.03684125306993651,0.1,-0.12722617646296933,AAPL
2021-10-07,143.29,0.042578530337105375,0.04232691403012723,0.041164839332485756,0.20289120072710337,3.3218492660960184,0.0590000327619912,0.19520459325576453,5.0,0.03684125306993651,0.1,-0.1250882524390003,AAPL
2021-10-08,142.99,0.042740254574934154,0.04239912489174458,0.04128671398843084,0.20319132360519443,3.364528708057251,0.05636318311321441,0.14317043974095378,5.0,0.03684125306993651,0.1,-0.1292929565464107,AAPL
2021-10-11,142.8,0.042422089700779445,0.04308931499144819,0.041261456765164274,0.2031291627639032,3.349982508359372,0.011401395353945179,0.17541597468031145,5.0,0.037711815011846214,0.1,-0.1327231061146567,AAPL
2021-10-12,141.48,0.041742567579477946,0.04224221669755934,0.040749371960483526,0.20186473679294145,3.2899071411831624,0.013534541300708806,0.12070386183737153,5.0,0.037711815011846214,0.1,-0.12419294965874614,AAPL
2021-10-13,140.96,0.04104122416847593,0.04165723750156758,0.040220842730339816,0.20055134686742898,3.3486574606763195,0.011147175605621906,0.11868335950345524,5.0,0.037711815011846214,0.1,-0.11911712347613765,AAPL
2021-10-14,143.75,0.040719045303577006,0.041179059369824245,0.040080768654284664,0.20020181980762478,3.123456935751624,0.030747037178287966,0.14791220439345004,5.0,0.03812868425708014,0.1,-0.10868165038779254,AAPL
2021-10-15,144.83,0.040635350436027735,0.04087127546335978,0.04016810946816938,0.20041983302100963,3.3484642665250672,0.03206944225059149,0.18933783959793382,5.0,0.038739114996724645,0.1,-0.04071904993064712,AAPL
2021-10-18,146.54,0.040133165399548226,0.04034873807177064,0.03963925220203683,0.19909608786220998,3.3030339862526987,0.0342759750743769,0.20710041201792065,5.0,0.03812868425708014,0.1,-0.055356420347191064,AAPL
2021-10-19,148.78,0.039392608188555216,0.03994283374413499,0.038978453166252786,0.19742961572735937,3.2438026637886623,0.019870906295359862,0.2610207123383603,5.0,0.037711815011846214,0.1,-0.05752725303947538,AAPL
2021-10-20,149.34,0.03824029087110431,0.038902025273273466,0.037877003499616126,0.19462015183329842,3.386179788160458,0.009777199429627329,0.2323803245211176,5.0,0.03676593730227086,0.1,-0.055572149561444975,AAPL
2021-10-21,149.46,0.03704044324924018,0.0376796774489776,0.03668045660483003,0.19152142596803637,3.4057944786123144,0.008519351065888284,0.2269618844540587,5.0,0.035579485243063654,0.1,-0.03290710988991456,AAPL
2021-10-22,148.69,0.03640192288475913,0.036800054092964274,0.036083251504855,0.189955919899473,3.395028292902518,0.01707188819244309,0.2214073622960981,5.0,0.035108637394756864,0.1,-0.03378971028107128,AAPL
2021-10-25,148.65,0.035803764129816666,0.03627467735350365,0.03557671389761043,0.18861790449904386,3.4297498705307508,0.014538662022070782,0.23052617201391398,5.0,0.034882310904546465,0.1,-0.017420052233906098,AAPL
2021-10-26,149.26,0.03501480715890807,0.03573955463252787,0.03495906112314336,0.1869734235744304,3.4219306808104486,0.0035410160853800916,0.2425072616364412,5.0,0.034788569273342895,0.1,-0.040474739930248686,AAPL
2021-10-27,148.85,0.03429788266297581,0.03496223281581479,0.03439563068024319,0.18546059063920614,3.425947772206811,0.0031231254150124645,0.26673480596913296,5.0,0.034694580014480766,0.1,-0.06450845926986945,AAPL
2021-10-28,152.48,0.03402147228234332,0.03419010198194883,0.0341213135493574,0.18471955378182733,3.029726282508797,0.034750117489917964,0.2996015228614743,5.0,0.0344266648100551,0.1,-0.05691101301892956,AAPL
2021-10-29,149.8,0.034569764255263924,0.03382185879490862,0.03446006027458024,0.185634210948791,3.1676347548846113,0.05722420775800678,0.335065441401961,5.0,0.03412454521345233,0.1,-0.11064891959563608,AAPL
2021-11-01,148.98,0.035112134014763464,0.03447551338831545,0.0348334986556313,0.18663734528660467,3.4284117784590755,0.059752805322474685,0.32062166643114115,5.0,0.033981329400067234,0.1,-0.11036151797988066,AAPL
2021-11-02,150.0,0.035537307622921024,0.03504313504163292,0.0351324370176938,0.18743648795710455,3.431491884416001,0.06138308927579708,0.310406977014549,5.0,0.033894194020355484,0.1,-0.12789383406807647,AAPL
2021-11-03,151.48,0.035872597655160536,0.03538076388576883,0.03532120463065488,0.18793936423925373,3.388684903385896,0.06342259226930357,0.3218484448593977,5.0,0.03363484226559221,0.1,-0.12331472670165122,AAPL
2021-11-04,150.96,0.03564255241413111,0.03570065481471829,0.03506956614727914,0.18726870039405713,3.4362463291802348,0.0301941418200473,0.3668263544679251,5.0,0.03331716371711925,0.1,-0.11506882231682913,AAPL
2021-11-05,151.24,0.03500172484677196,0.03554619232818368,0.03455798525766602,0.18589778174487726,3.4420883452388105,0.010712404386488942,0.3870953843184788,5.0,0.03320086663320117,0.1,-0.11559043755731171,AAPL
2021-11-08,150.44,0.034526862736151,0.034963603158757905,0.03418480661544958,0.18489133731857094,3.405286068010557,0.010541253525217634,0.42566792685739996,5.0,0.03313867338007295,0.1,-0.12270792203709675,AAPL
2021-11-09,150.83,0.033847318001525205,0.034417148168358835,0.03365195177928656,0.1834446831589473,3.4508992774980745,0.00884518145703268,0.39617984653515204,5.0,0.03305445012448581,0.1,-0.12475071150686011,AAPL
2021-11-10,147.94,0.03375645284264007,0.03373190769343637,0.033583476205524716,0.1832579499108421,3.115318629773578,0.01969042696489156,0.31739424240427955,5.0,0.03305445012448578,0.1,-0.15024033209577475,AAPL
2021-11-11,147.87,0.03349269002235409,0.03374850967702514,0.0333847057342272,0.18271482078426807,3.469913726991775,0.020615879134324264,0.33487587753881337,5.0,0.03305445012448581,0.1,-0.14424309222080708,AAPL
2021-11-12,149.99,0.03343908919786518,0.03354650932851655,0.03334431239473362,0.18260425075757034,3.3371817011649254,0.03768716314653021,0.3863737317609187,5.0,0.03305445012448581,0.1,-0.14341763685316125,AAPL
2021-11-15,150.0,0.033513678429125754,0.03342313118628226,0.03340052250287285,0.18275809832363887,3.4763150113790844,0.03667511793283423,0.389093373431169,5.0,0.03305445012448581,0.1,-0.13925912490400927,AAPL
2021-11-16,151.0,0.033502600570536625,0.033458936763054226,0.03339217427862221,0.18273525734959362,3.4560836317233314,0.03912637767907434,0.3619929476398031,5.0,0.03305445012448581,0.1,-0.13827741935818438,AAPL
2021-11-17,153.65,0.03297578215814752,0.03357137923921982,0.03299516629999483,0.1816457164372307,3.2628464124181824,0.01655975432062945,0.42563300541470117,5.0,0.03305445012448581,0.1,-0.130488102230984,AAPL
2021-11-18,157.89,0.0326423145283064,0.03305171603096824,0.0327646195889004,0.18100999858820066,2.9229562574743024,0.02713457120530004,0.4537303379001113,5.0,0.03313867338007295,0.1,-0.09182762976504709,AAPL
2021-11-19,160.56,0.03247204316650733,0.03273849452216382,0.032651628557075214,0.1806976163569271,3.2890494842464584,0.027816466324484496,0.4904248467100008,5.0,0.03320086663320117,0.1,-0.08717115984109856,AAPL
2021-11-22,161.13,0.03232451568408886,0.03256118647004769,0.03256910863815065,0.18046913486286414,3.4841676723892583,0.02248795600275777,0.4988982942435748,5.0,0.03331716371711922,0.1,-0.08640391551822933,AAPL
2021-11-23,161.42,0.032417596975857506,0.032506435608411266,0.032717531707330355,0.1808798819861688,3.489108245273012,0.028355772581618102,0.5,5.0,0.03363484226559221,0.1,-0.08503044894422426,AAPL
2021-11-24,161.98,0.032332906998397415,0.03238132793285331,0.03265370972242866,0.18070337496136774,3.491184143812997,0.031028342073267205,0.5,5.0,0.03363484226559221,0.1,-0.10724317853365063,AAPL
2021-11-26,156.81,0.03405739706533902,0.03220629507995909,0.03401718309870018,0.1844374774786843,2.430052430822012,0.08516276920346565,0.4851760711582392,5.0,0.03389419402035551,0.1,-0.2019358641644075,AAPL
2021-11-29,160.24,0.03508425083461796,0.03410021261515794,0.03479981128082864,0.1865470752406176,3.1129756723052084,0.09748668000055916,0.5,5.0,0.033929890666443696,0.1,-0.19277464211560144,AAPL
2021-11-30,165.45,0.03725886999182423,0.035213429502618965,0.036486558224690956,0.19101454977223845,2.539782970582456,0.15242288437164678,0.5,5.0,0.03412454521345233,0.1,-0.15256368496924524,AAPL
2021-12-01,164.68,0.0400416281725362,0.037339140735639376,0.038658075865899075,0.19661657067983632,3.2451741960717797,0.15737287765323596,0.5,5.0,0.0344266648100551,0.1,-0.15448471050581677,AAPL
2021-12-02,163.8,0.04282011369337514,0.040060596520561376,0.04081794553334561,0.20203451569805,3.205153617731081,0.16189012731862665,0.5,5.0,0.034694580014480766,0.1,-0.15729933820980732,AAPL
2021-12-03,161.87,0.044040520208092765,0.04272551787835255,0.04176079775394472,0.20435458828698885,3.2275325789590736,0.09331510736050413,0.5,5.0,0.034788569273342895,0.1,-0.15010232505785803,AAPL
2021-12-06,165.25,0.044658322570575164,0.04390936632626108,0.042249469187733334,0.20554675669475628,3.101068677990969,0.09149083617879082,0.5,5.0,0.03488231090454646,0.1,-0.144322689185095,AAPL
2021-12-07,171.18,0.04571853500626263,0.04477475319799851,0.04310420836404992,0.2076155301610405,2.5739468542986277,0.10263941761744372,0.5,5.0,0.035108637394756864,0.10131047435787933,-0.07980162479769952,AAPL
2021-12-08,175.14,0.04687035421648284,0.045845758761061006,0.044088233158223786,0.20997198184096796,3.0150784355722546,0.10104275262760883,0.5,5.0,0.035579485243063654,0.10671041042353076,-0.07152946425611115,AAPL
2021-12-09,174.52,0.04848168791643951,0.04732177382356895,0.04559487410487869,0.21352956260171257,3.278049383267546,0.09717354765991243,0.5,5.0,0.03676593730227086,0.11197826678076425,-0.06592994379650936,AAPL
2021-12-10,179.5,0.048002585257908195,0.04826390076777898,0.04546689303840981,0.21322967204029042,2.894435687027893,0.05416515532814724,0.5,5.0,0.037711815011846214,0.11222724217957389,-0.12714044930505902,AAPL
2021-12-13,175.89,0.050186159585249954,0.04773931491217809,0.04721514326233342,0.21729045828644528,2.9136858167401414,0.138868291470389,0.5,5.0,0.03812868425708014,0.1143186476703957,-0.15531745880244358,AAPL
2021-12-14,174.32,0.05186540136640343,0.050315768539803685,0.04863102518049652,0.2205244321622811,3.1935360936228063,0.11052135139562735,0.5,5.0,0.038739114996724645,0.11534899870741276,-0.14745271756463854,AAPL
2021-12-15,179.33,0.05325324119662509,0.05200795973178174,0.049814625808454534,0.22319190354592733,2.8169701378292293,0.1252712898595033,0.5,5.0,0.03929807713841122,0.11692793930545771,-0.13061466094999258,AAPL
2021-12-16,172.29,0.05763016029059079,0.05235094595627743,0.05320530520059531,0.2306627520875343,1.9035366489924148,0.23048282987373858,0.5,5.0,0.03967247333114224,0.12549761339916374,-0.23126208142464233,AAPL
2021-12-17,170.91,0.06015097661996706,0.057536313084710855,0.05514635243595812,0.23483260513812412,3.0931020703806076,0.15646899360407737,0.5,5.0,0.039840373759928494,0.1323603756001105,-0.23150589993312873,AAPL
2021-12-20,169.84,0.06239965090618521,0.060065323839808116,0.056896938024355435,0.23853079051635123,3.0950666962580415,0.14781310497240724,0.5,5.0,0.0400676211899928,0.13787198382668434,-0.22687224181894244,AAPL
2021-12-21,172.96,0.06439628930278869,0.062140216718034935,0.05846082133629633,0.24178672696468748,2.906699731160616,0.17828849078330863,0.5,5.0,0.040307980526056844,0.14052441821925957,-0.24094755548190838,AAPL
2021-12-22,175.6,0.06542258161988122,0.06409732981228444,0.059297414779620784,0.24351060506602332,3.035784346413814,0.1373705815976121,0.5,5.0,0.04056440514750681,0.14218160245778308,-0.2454486394991846,AAPL
2021-12-23,176.29,0.06453380925560478,0.06531601066490111,0.058785345144890824,0.24245689337465912,3.158035649531119,0.03622398228841867,0.5,5.0,0.041204430801782516,0.14369340183289261,-0.24534683071160587,AAPL
2021-12-27,180.33,0.06279881877624428,0.06427201866426913,0.057614835211807484,0.24003090470147273,2.956908075267867,0.03486160523563828,0.5,5.0,0.041760309681661126,0.14452281127608538,-0.2608985148269831,AAPL
2021-12-28,179.39,0.06206346546158302,0.06255458388295665,0.05710498923158787,0.23896650232111585,3.137035070203054,0.032658553278191296,0.5,5.0,0.041940147946520484,0.14489410856938162,-0.2542152981323092,AAPL
2021-12-29,179.37,0.06113946808401894,0.061790291032593814,0.05643485040228018,0.23756020374271483,3.171616231328204,0.0328052165211547,0.5,5.0,0.042046401785968135,0.1452273441921112,-0.246543382085661,AAPL
2021-12-30,178.39,0.06053552345869348,0.06099146595079219,0.05597972045756929,0.23660033909014014,3.1538154538698464,0.033794114807010826,0.5,5.0,0.04204640178596811,0.14525262324170063,-0.21604478495217097,AAPL
2021-12-31,177.58,0.059720360536204206,0.06012699246093689,0.05533923593166441,0.2352429296103592,3.170736850488624,0.03659117358648463,0.4724458726026247,5.0,0.04194014794652051,0.14575100670892352,-0.20453908774632176,AAPL
2022-01-03,181.96,0.05827092956615658,0.05935762871558836,0.05420263833244339,0.23281460077160837,2.9504301015030756,0.04129927530971177,0.4832126524984042,5.0,0.041760309681661126,0.14593544990132193,-0.19748680584804876,AAPL
2022-01-04,179.72,0.05812194628276521,0.057915391957067186,0.054090365202276496,0.23257335445462468,3.1105315415139976,0.05022241731472512,0.478126551712764,5.0,0.041760309681661126,0.1460797783660189,-0.1998550864209078,AAPL
2022-01-05,174.86,0.059155719832037476,0.05744654282898409,0.054869412284730995,0.23424220858916736,2.7843362552920343,0.0894411956216369,0.3969901424678376,5.0,0.041760309681661154,0.14606042130784988,-0.22180925403875157,AAPL
2022-01-06,172.0,0.06023513409863441,0.05873775017244043,0.05568285400583525,0.23597214667378702,3.0437839102974125,0.09608857333960405,0.3709817171512949,5.0,0.041760309681661154,0.14604581972002287,-0.22051832837069157,AAPL
2022-01-07,172.13,0.06082709624497645,0.05981475277621939,0.05612895400844791,0.23691549972183734,3.195924031867721,0.09934284914704473,0.3570863149337312,5.0,0.041760309681661126,0.14603538506555783,-0.21689826856071667,AAPL
2022-01-10,172.17,0.05967635441240613,0.060267160210059956,0.055261760155448564,0.2350782000855217,3.1997672832161235,0.03564851688145166,0.3083448964901606,5.0,0.04176030968166117,0.14611045607513737,-0.22528549204562934,AAPL
2022-01-11,175.0,0.059304482655967064,0.05943891985043592,0.054981519277642166,0.2344813836483446,3.08901341721126,0.07234166230986942,0.3523167163247157,5.0,0.041760309681661126,0.14612265003343286,-0.21627463284791354,AAPL
2022-01-12,175.56,0.05835463858898186,0.05903283047700825,0.05426572107435825,0.23295003986768978,3.1993987630198544,0.034360610507934854,0.38788929250295623,5.0,0.04176030968166114,0.14613312976928908,-0.21615416799798517,AAPL
2022-01-13,172.3,0.0582019666498589,0.058021439053845825,0.054150668189874865,0.23270296128299456,3.0035669839842454,0.03952365805354236,0.4032843884093898,5.0,0.041760309681661154,0.1461131109705341,-0.2267606117124085,AAPL
2022-01-14,173.1,0.05729021088793294,0.057828151282592444,0.05350788612130579,0.23131771683402416,3.2119628710655164,0.04047995213174621,0.36214979075307663,5.0,0.04194014794652051,0.14570519491056272,-0.2216734703371066,AAPL
2022-01-17,173.07,0.056682734442798255,0.05705183447935269,0.05307627603856788,0.23038289007339038,3.2171957520741294,0.04053381835280874,0.3725029887799077,5.0,0.04204640178596816,0.14500331442744402,-0.21766941775832493,AAPL
2022-01-18,169.85,0.056545842183974515,0.05647288448017207,0.05310809650030963,0.2304519396757372,3.0175227977995593,0.03510871119135299,0.31559445207220743,5.0,0.042594207706038945,0.14419508709927686,-0.2190210247385657,AAPL
2022-01-19,166.22,0.05625836718973538,0.056060050326777855,0.05289145664170783,0.22998142673204683,2.964601042167547,0.03745341541065723,0.24814801608523146,5.0,0.042594207706038945,0.1434035436217841,-0.21147791433769822,AAPL
2022-01-20,164.52,0.0556393262829378,0.05589498193512554,0.05242495020739238,0.2289649541030076,3.1659707433207664,0.03273500744338498,0.22118945863917785,5.0,0.042594207706038945,0.14250407579461785,-0.20928155479119057,AAPL
2022-01-21,162.4,0.05483802204388389,0.0553810127057659,0.05182109094824147,0.22764246297262178,3.120643072730218,0.01758149311787731,0.2247582629090554,5.0,0.042594207706038945,0.14154954809572357,-0.2100128840042132,AAPL
2022-01-24,162.09,0.05372719550350638,0.054630721406283556,0.05098397707934503,0.22579631768331615,3.219304227101496,0.014977989346842253,0.24605481924296718,5.0,0.042594207706038945,0.1403278938405586,-0.20974837370301178,AAPL
2022-01-25,160.03,0.052779922554716766,0.05340871956286719,0.050270116459132694,0.22420998296046654,3.1309745849902795,0.012505791112064136,0.21180539823397207,5.0,0.042594207706038945,0.1393925430732656,-0.2087723402019906,AAPL
2022-01-26,159.69,0.05153436565705919,0.052558373725332785,0.04933147040087915,0.22210688958445018,3.2315684567635925,0.00783829088456219,0.20267730637516548,5.0,0.042594207706038945,0.13916574738185633,-0.20833798968078313,AAPL
2022-01-27,159.08,0.050432304460852596,0.051371735647990135,0.04850096205580161,0.220229339679802,3.23352215495404,0.008095728121398391,0.20063291881284698,5.0,0.042594207706038945,0.13904692231364355,-0.20982549419259108,AAPL
2022-01-28,170.31,0.0546139501560619,0.04912513326962653,0.051906474443655176,0.2278299243814455,0.04004349967525389,0.2763867876612027,0.3140228093616739,5.0,0.04362601940921348,0.14374513434995004,-0.01,AAPL
2022-01-31,174.58,0.060354563975062774,0.0548289725156792,0.056420284934238486,0.23752954539222798,2.3791535109991386,0.27385647523842677,0.36953195141991535,5.0,0.04438781478456795,0.14986667883015972,-0.01,AAPL
2022-02-01,174.54,0.06508577155889828,0.06046107967085845,0.06014569973174084,0.24524620227791671,2.859616529097724,0.23806764416141676,0.3682974379322624,5.0,0.04503714586946919,0.1547657063120705,-0.01,AAPL
2022-02-02,175.77,0.06903384883777182,0.06498505934359855,0.0632187297457801,0.2514333505042243,2.891894333096215,0.2198237127841884,0.39544514698741745,5.0,0.04543395999124088,0.15761385966648986,-0.01,AAPL
2022-02-03,173.0,0.07398637978566303,0.06878663995667011,0.06699581194034218,0.2588354920414551,2.5762509773850244,0.26211740594788707,0.36323664353296964,5.0,0.04561608822088617,0.16069272660430003,-0.01,AAPL
2022-02-04,172.38,0.07334884624466534,0.07379452927125385,0.06663520804670474,0.2581379632032157,3.1223470613621176,0.056610916695922754,0.36329058587772256,5.0,0.04610243688980075,0.16303136573033222,-0.01,AAPL
2022-02-07,171.67,0.07162302296374766,0.07312566414111643,0.06543862300616841,0.2558097398579038,3.053134029763447,0.017331718006946308,0.35103164496404854,5.0,0.04652445674824958,0.16522400362347844,-0.01,AAPL
2022-02-08,174.81,0.07036944382675415,0.07124258991098031,0.06452198832719358,0.25401178777212996,2.981782141214635,0.04155631301630636,0.3470062208794883,5.0,0.04663832196293688,0.16683477407985858,-0.01,AAPL
2022-02-09,176.22,0.06920278477878429,0.06998839664083789,0.0636672994327459,0.25232379878391553,3.092486575676746,0.042463155608081914,0.3602747174021291,5.0,0.046737752367322014,0.16780248421732913,-0.01,AAPL
2022-02-10,172.33,0.06865555802153234,0.06888329133653315,0.06329135645387447,0.25157773441597425,2.8972038065740033,0.05785039753233736,0.28808486206118894,5.0,0.046885658085785153,0.17006383295541594,-0.01,AAPL
2022-02-11,168.43,0.06871700169277131,0.06820568229522905,0.06333766012729282,0.25166974416344295,2.889556187786744,0.08346916441162124,0.2547833600393938,5.0,0.04688565808578516,0.16989452384939893,-0.01,AAPL
2022-02-14,169.12,0.06876679650833752,0.06823913993139286,0.06333874063927025,0.2516718908405749,3.1346006333005634,0.08739777361286807,0.31462212918982163,5.0,0.04673775236732202,0.1700806407152531,-0.01,AAPL
2022-02-15,172.79,0.06912224028379582,0.06839469790793373,0.06364304610109515,0.2522757342692617,2.954079765915508,0.09685608593686855,0.35357385217881626,5.0,0.04688565808578516,0.16936494284607137,-0.01,AAPL
2022-02-16,172.61,0.06937392633466237,0.06879497228510445,0.0639081171001151,0.2528005480613424,3.133292953102485,0.08916254296997476,0.33111542466207033,5.0,0.04719166517180842,0.16867939610896057,-0.01,AAPL
2022-02-17,168.95,0.06964410601272995,0.06905841741900076,0.06420074741782178,0.25337866409352977,2.9177600939549637,0.08716335104227306,0.2680550832156002,5.0,0.047552957790408246,0.1678906828591126,-0.01,AAPL
2022-02-18,167.6,0.06910364758200434,0.06925204555227538,0.0638370566878445,0.25265996257389994,3.1011777381785484,0.06284271403181658,0.25250879323410436,5.0,0.04772988760630731,0.1671809989418587,-0.01,AAPL
2022-02-21,167.3,0.06850586605825452,0.06871740967108053,0.06341837366111365,0.251830049162354,3.131017029129777,0.06082434231856622,0.26614553720692863,5.0,0.04785895355642073,0.16663854842474435,-0.01,AAPL
2022-02-22,164.34,0.06704475067169323,0.06828572272206657,0.06243590707590172,0.24987178127171888,2.9605766055733094,0.02166281536405406,0.2417084950617768,5.0,0.04834037078693461,0.166180555164302,-0.01,AAPL
2022-02-23,160.15,0.06557149870884219,0.0666593617934268,0.061325671043854474,0.24764020482113658,2.815802843342261,0.024561063852528108,0.17520898761988046,5.0,0.04834037078693462,0.16632956238893876,-0.01,AAPL
2022-02-24,162.77,0.06517125363192794,0.06522037625472876,0.061024048159755415,0.24703045998369394,3.0441742967588157,0.06544704674241536,0.14777553555485196,5.0,0.04834037078693461,0.16635366740007998,-0.01,AAPL
2022-02-25,164.82,0.06563684553618014,0.06511582023813389,0.061523935144750685,0.24804018856780183,3.092584289044009,0.08523285888002993,0.1901038276269398,5.0,0.048945144723526235,0.16601008991052527,-0.01,AAPL
2022-02-28,164.95,0.06597864230652564,0.06540102825238137,0.06183562673221408,0.24866770343616013,3.1591655204321403,0.08607341025796991,0.18226491233489614,5.0,0.04916476360576956,0.1656991443626834,-0.01,AAPL
2022-03-01,163.18,0.06594820845693856,0.06564031125890324,0.06181269192047957,0.24862158377839919,3.1046474085491935,0.07521951209747946,0.14511131214273215,5.0,0.049164763605769546,0.16565804879692583,-0.01,AAPL
2022-03-02,166.47,0.06482921491344591,0.06561159668126493,0.06096942343488422,0.24691987249892267,2.984062045253142,0.040057342498680204,0.1774991003992613,5.0,0.04916476360576957,0.16539264785982613,-0.01,AAPL
2022-03-03,166.28,0.06372615618054941,0.06449684459585114,0.06013816335065795,0.24523083686734412,3.1512078168783186,0.036689798391000276,0.1442117512881672,5.0,0.04916476360576956,0.16534298270444941,-0.01,AAPL
2022-03-04,163.16,0.06445344936979791,0.0646875452130189,0.06140908393887392,0.24780856308625399,2.990574861869382,0.05386918976365569,0.12792227209829585,5.0,0.05209829642426819,0.16486099548747213,-0.01,AAPL
2022-03-07,159.31,0.06460327633919477,0.06419276483575231,0.061521992867007935,0.2480362732888235,2.8984767952943185,0.07579442872906131,0.0928200153830577,5.0,0.052098296424268206,0.16466634840776007,-0.01,AAPL
2022-03-08,157.47,0.06473236447935839,0.06435783100459957,0.06161927310700317,0.24823229666383698,3.102735135220735,0.07622889424435818,0.13724049684651518,5.0,0.0520982964242682,0.16456122296320347,-0.01,AAPL
2022-03-09,162.98,0.0676543097502644,0.06581364146768465,0.06457947677346981,0.25412492355821736,2.5878881931124185,0.13597519716392506,0.20001370901206927,5.0,0.055175508314549315,0.16379611666925553,-0.01,AAPL
2022-03-10,158.34,0.07054926653741997,0.06776308992994018,0.06697429926604319,0.2587939320502766,2.6610259720984533,0.1639408833931343,0.16089903636795633,5.0,0.05604073646265904,0.16323002965553685,-0.01,AAPL
2022-03-11,154.8,0.0733853443714584,0.07056317858587136,0.06929476820441968,0.2632389944602047,2.7963543363942667,0.16885194128405553,0.10402588862177958,5.0,0.05678428404350597,0.1629872272178011,-0.01,AAPL
2022-03-14,150.64,0.0761297350072124,0.07319101355096791,0.07145084546448824,0.2673029095698141,2.6841653230871945,0.17508050763430888,0.052669395997319485,5.0,0.057141082945803556,0.16291494526553046,-0.01,AAPL
2022-03-15,155.12,0.08124795822291822,0.07625099041615613,0.07554790224739666,0.2748597865228682,2.372362164920454,0.25729311903242136,0.1510736980962503,5.0,0.05811503775933417,0.16420814231752,-0.01,AAPL
2022-03-16,159.65,0.08568266079308545,0.08148282062757062,0.07920544704538629,0.28143462303950145,2.5026500024768374,0.23245280906164256,0.251738680765677,5.0,0.059395748682990274,0.16611295579050944,-0.01,AAPL
2022-03-17,160.99,0.08886556541769923,0.08600336477320525,0.08199441412007494,0.28634666772999984,2.9101874243790773,0.18619672588237587,0.2636092895036535,5.0,0.06097991005856024,0.1681847666225947,-0.01,AAPL
2022-03-18,163.92,0.09023811892751016,0.08889797827941948,0.08327363785917474,0.28857172047720603,2.898093315248789,0.1366644417469053,0.26714650020385533,5.0,0.0619736970839688,0.17034817270414956,-0.01,AAPL
2022-03-21,165.39,0.08836481461285851,0.09027949467417784,0.08215971608005508,0.2866351619743382,2.940486795921491,0.026276040378479488,0.2726560619128065,5.0,0.06318224597766021,0.1712750099490264,-0.01,AAPL
2022-03-22,168.88,0.0863403346680166,0.08848757210580516,0.08094886898147563,0.2845151471916313,2.8148679125262484,0.018576619669682923,0.3129218486974771,5.0,0.0644597869252406,0.17209378055153055,-0.01,AAPL
2022-03-23,170.22,0.08365607158091308,0.08596476203092607,0.07895512078153721,0.28098953856244757,2.9310012741865736,0.009540456215771674,0.35029422282759454,5.0,0.0645778868381337,0.17205466445276044,-0.01,AAPL
2022-03-24,174.09,0.08112831876606443,0.08334330296929693,0.0770888783754199,0.2776488400397522,2.816339977359973,0.011650337594759821,0.4436859845491684,5.0,0.06473478619805867,0.1714720723026489,-0.01,AAPL
2022-03-25,174.71,0.07897558642724754,0.0808657065499574,0.07552157015056228,0.274811881385362,2.9968178677711066,0.01785820805328589,0.43850606481414667,5.0,0.06495791990754746,0.17058598149027984,-0.01,AAPL
2022-03-28,175.59,0.0769530798860697,0.07870660066691926,0.0739974183464666,0.27202466495975436,3.016195365890008,0.020506008321838905,0.4704881075917805,5.0,0.06495791990754746,0.17096169235823716,-0.01,AAPL
2022-03-29,179.0,0.07492812290957707,0.07672661413016613,0.07247141990537381,0.2692051632219817,2.9177839576360576,0.0187921151935009,0.49080103244066164,5.0,0.06495791990754746,0.17183469274551577,-0.01,AAPL
2022-03-30,177.76,0.07362288143903398,0.07472898501146119,0.07148779582228423,0.2673720176500978,3.0396885871297004,0.03690662421656616,0.5,5.0,0.06495791990754746,0.17253417715437513,-0.01,AAPL
2022-03-31,174.68,0.07274886146114945,0.07344717323940131,0.0708291383104363,0.2661374425187788,2.9440688569834177,0.04784008209627627,0.4631542644247836,5.0,0.06495791990754746,0.17168041827471534,-0.01,AAPL
2022-04-01,174.26,0.07186355006812785,0.07259676747708,0.07016197163908675,0.2648810518687336,3.0937359502605233,0.04746937628740954,0.4451972604247635,5.0,0.06495791990754746,0.17088860311559287,-0.01,AAPL
2022-04-04,178.46,0.07186596467520438,0.07174734936415916,0.07016379127608517,0.26488448666557496,2.9127092516303756,0.07838476555006889,0.4749787384446583,5.0,0.06495791990754746,0.16985733193311137,-0.01,AAPL
2022-04-05,175.09,0.07190026934129437,0.07172742867624038,0.07018964311767155,0.26493328050222675,2.9427191650612814,0.07514123772520087,0.44077022621580875,5.0,0.06495791990754746,0.16856435007074816,-0.01,AAPL
2022-04-06,171.59,0.0723728513540651,0.07181877973926021,0.0705814930273094,0.26567177687385124,2.9198502890668836,0.08820535053069989,0.40281575724905094,5.0,0.06510286139737403,0.1671141154206572,-0.01,AAPL
2022-04-07,172.25,0.07254652973062078,0.072237997148477,0.07071237626826327,0.2659179878614143,3.1159497623952817,0.0831387823325835,0.42927713854056626,5.0,0.06510286139737403,0.16586884267378912,-0.01,AAPL
2022-04-08,170.13,0.07288653150956009,0.0723992800412816,0.07096860007481981,0.26639932446389536,3.0343053898726224,0.08765951116976214,0.41173419472713924,5.0,0.06510286139737403,0.16430532248962557,-0.01,AAPL
2022-04-11,165.76,0.07172957269925158,0.07277015579529689,0.07013048747421892,0.2648216144392654,2.790933640842365,0.03316537114641409,0.3198299520579224,5.0,0.06523989760061571,0.1625300073350689,-0.01,AAPL
2022-04-12,167.71,0.07136872200845316,0.07161513544269837,0.06985855202175345,0.2643076843789326,3.0678326808983125,0.06418752238558771,0.3283180723663426,5.0,0.06523989760061571,0.1610868114207064,-0.01,AAPL
2022-04-13,170.35,0.07140330315877533,0.07130288826374453,0.06991002957307958,0.2644050483123943,3.0332487236879206,0.07657337972596188,0.33619386347197916,5.0,0.06534305055132442,0.16005705747558444,-0.01,AAPL
2022-04-14,165.31,0.07260351182629787,0.07135972759351716,0.0708663100296557,0.266207268927157,2.7051831806791453,0.11182181298383413,0.24516990379102838,5.0,0.06555330895750208,0.15891337166391853,-0.01,AAPL
2022-04-15,165.29,0.07372350855195628,0.07258792806169367,0.07177900565085275,0.26791604216778947,3.10207509597856,0.11297456917101459,0.2374914582200789,5.0,0.06583200167103999,0.1575657450292715,-0.01,AAPL
2022-04-18,165.09,0.07377939549123382,0.07357396188308485,0.07182112179613633,0.26799463016287534,3.1126650789188974,0.08069599368489831,0.23343135501058665,5.0,0.06583200167103999,0.1565449121948775,-0.01,AAPL
2022-04-19,167.46,0.07394656916671023,0.07367321718629682,0.07197100788731799,0.26827412824817454,3.0345088444094266,0.0850570925097522,0.27262843276572113,5.0,0.06592901598067584,0.1554273474181258,-0.01,AAPL
2022-04-20,167.23,0.0735597992436605,0.07378116769177723,0.07167953981837276,0.2677303490797649,3.1050549612802687,0.06553001610398002,0.2704000388633699,5.0,0.06592901598067584,0.15438296647617913,-0.01,AAPL
2022-04-21,166.45,0.07177042676826922,0.0733988695719745,0.07033107679437756,0.26520006937098933,3.051658280584868,0.013793809082856922,0.25271901602300756,5.0,0.06592901598067584,0.15340863617957648,-0.01,AAPL
2022-04-22,161.83,0.07138591509860395,0.07165048786555417,0.07004556678770472,0.26466123023160143,2.7688147660313223,0.05866652860851963,0.2015254898677224,5.0,0.06594628941726247,0.15219355461698086,-0.01,AAPL
2022-04-25,162.91,0.07106994796699848,0.07126757508012815,0.06980745538293717,0.2642110054160068,3.105897725524323,0.06477401057542244,0.16636069843175888,5.0,0.06594628941726247,0.15155724800056508,-0.01,AAPL
2022-04-26,156.81,0.07171071616116392,0.07102738014873466,0.07032321922677269,0.2651852545425041,2.4970427940119384,0.09155127480567524,0.12523923360990455,5.0,0.06607974405061333,0.14985172000821315,-0.01,AAPL
2022-04-27,156.55,0.07271041688818634,0.07218942464169231,0.07141180959446124,0.26722988155230926,3.115774445518011,0.09113275727517554,0.1336398679048091,5.0,0.06744019158370164,0.14819820805305456,-0.01,AAPL
2022-04-28,163.8,0.07839160851495008,0.07319491798261879,0.07601282370990768,0.2757042323032196,1.8226933752590853,0.27050180716116645,0.2117987417726684,5.0,0.06873762618015503,0.1467932053691099,-0.01,AAPL
2022-04-29,157.78,0.08457405362740378,0.07835592262927094,0.08076639955045213,0.28419429894079884,1.9140708046780082,0.3040676767174447,0.11670867566215269,5.0,0.06912119504264147,0.1465115219789909,-0.01,AAPL
2022-05-02,157.89,0.090207974985645,0.0844547291235358,0.0851100621872353,0.29173628877332913,2.527868582847794,0.2970611364145931,0.12524489927289406,5.0,0.06951877266862592,0.14640647991768177,-0.01,AAPL
2022-05-03,159.38,0.09371258458368889,0.09021285160633852,0.08796337332596169,0.2965861988123549,2.8066310459682486,0.21987870172458462,0.14087547780334042,5.0,0.07038017393290114,0.14666066227363445,-0.01,AAPL
2022-05-04,166.07,0.09927515346705279,0.09409166080149589,0.09248619419874166,0.3041154290705121,2.0184672771026495,0.2856379289118344,0.23513315784864036,5.0,0.07172306354744754,0.15003469156354662,-0.01,AAPL
2022-05-05,156.86,0.10819317155386175,0.09988862184036407,0.09942410191132689,0.3153158764022625,0.9803487472814867,0.38190619112468643,0.11533036429217129,5.0,0.07260506655076532,0.16040452574744132,-0.01,AAPL
2022-05-06,157.28,0.11471058736347418,0.10847776305308798,0.10444135949415193,0.3231738843009316,2.424092723035788,0.31751335367563416,0.15993841907761008,5.0,0.07303428935102953,0.16797566424201157,-0.01,AAPL
2022-05-09,152.2,0.12332259806968979,0.1153685268945992,0.11124029234277237,0.3335270488922486,1.8366038266815292,0.3685470761378203,0.09532974519506746,5.0,0.07428816426802659,0.17553747028610872,-0.01,AAPL
2022-05-10,154.48,0.1321550270652589,0.12390844787296373,0.11824298659969865,0.3438647795277944,2.022191810853778,0.38160530553654576,0.09731139089955698,5.0,0.07569485773393571,0.18170307331855678,-0.01,AAPL
2022-05-12,142.57,0.14688351886030512,0.1358150446176296,0.12946667916624469,0.3598147845298254,0.5045204952874509,0.3995928829568381,-0.06431741528113251,5.0,0.07619958714105071,0.2037802611656687,-0.10730216861436305,AAPL
2022-05-13,147.03,0.16149533984980752,0.1491015022911597,0.1404780815369403,0.37480405752464885,1.138825857232742,0.49483316486171647,-0.015612875907796413,5.0,0.07619958714105071,0.21811448412386458,-0.12402209978566278,AAPL
2022-05-16,145.56,0.17554174675370526,0.16242455907922704,0.15106339040381284,0.3886687412229247,1.540160578249721,0.47795598441923526,-0.07094346074786405,5.0,0.07619958714105057,0.22871936605375107,-0.1204852842493775,AAPL
2022-05-17,149.28,0.19152235721629915,0.17706686265591998,0.16310630634559664,0.4038642177088689,1.1611120125835352,0.5209966678167852,-0.07494710591395748,5.0,0.07619958714105057,0.2404754490477056,-0.11203749799292244,AAPL
2022-05-18,140.79,0.2169018634538613,0.1943383551988518,0.18223218773657124,0.4268866216415914,-0.02111582051322669,0.6193004438371761,-0.22679915103298598,5.0,0.07619958714105057,0.25600077623319406,-0.15087411704202205,AAPL
2022-05-19,137.28,0.22401955505646562,0.21668721986497985,0.1875960480140209,0.4331235943861993,2.3359820686965165,0.34440408212453877,-0.28484094183065833,5.0,0.07619958714105052,0.26290993862031947,-0.13014693319617018,AAPL
2022-05-20,137.62,0.22432227629001739,0.2231109263302642,0.1878241773697793,0.43338686801722465,2.5508269002958963,0.2479055336706827,-0.28347922107521006,5.0,0.07619958714105057,0.267464839629743,-0.13356990924775158,AAPL
2022-05-23,143.1,0.23293791819942516,0.22432312878663652,0.19431688623984245,0.44081389070654575,1.9977939510135876,0.3890595037656898,-0.21174144189448801,5.0,0.07619958714105052,0.2754556288832473,-0.09665223290742873,AAPL
2022-05-24,140.5,0.23873617043379936,0.2324787821562495,0.19868642296256506,0.445742552335499,2.394170626223198,0.3274852497355019,-0.18331222994965907,5.0,0.07619958714105071,0.2819689288246822,-0.0772651379927776,AAPL
2022-05-25,140.55,0.2320859748158814,0.23729154076136183,0.19367486554988245,0.4400850662654692,2.446379941185836,0.15775078282316096,-0.22621674474359876,5.0,0.07619958714105057,0.2866118516807404,-0.07274804830229509,AAPL
2022-05-26,143.73,0.2215083573235074,0.22927501595404465,0.18570362073272262,0.43093342958364533,2.309022891614289,0.12260477031286139,-0.245616915955308,5.0,0.07619958714105057,0.2867082579618177,-0.1079755474123075,AAPL
2022-05-27,149.57,0.21387406348585092,0.21888951343862573,0.17995045134179236,0.42420567103916984,2.2694875521139215,0.16135264131982274,-0.15591941387009944,5.0,0.07619958714105061,0.2869166372861522,-0.10218178538323601,AAPL
2022-05-30,149.64,0.20563560067290815,0.21137529158295365,0.173741982937033,0.41682368327271546,2.470525198072798,0.12751039581738638,-0.1441743504985465,5.0,0.07619958714105066,0.2871445850140195,-0.07904078998111456,AAPL
2022-05-31,148.78,0.19569384128303274,0.20317260565207107,0.16624991791699145,0.40773756010084655,2.4226448298418677,0.09227141906133791,-0.13189908222174385,5.0,0.07619958714105061,0.2875598199844616,-0.07847174326208213,AAPL
2022-06-01,148.7,0.18646967176721205,0.19330363765766378,0.15929862538834783,0.3991223188301399,2.473569626706641,0.09356114114757638,-0.17464591496509937,5.0,0.07619958714105061,0.28779986788826967,-0.07642053533559817,AAPL
2022-06-02,151.2,0.17727836938673175,0.1842893734065001,0.15237210138460366,0.39034869204930567,2.4547366001030952,0.0872262896569738,-0.2121103425768653,5.0,0.07619958714105061,0.2884205169559446,-0.07682700841726214,AAPL
2022-06-03,145.32,0.17142944459195228,0.17487399608216947,0.14796437804898893,0.3846613810210078,2.3466064092333885,0.10828728861170661,-0.3381814590594873,5.0,0.07619958714105061,0.28828026038917937,-0.09985462075384843,AAPL
2022-06-06,146.13,0.16563287947353245,0.16957363035180606,0.14359611272923747,0.37894077733761705,2.619306499561114,0.11359131996223377,-0.3198263133554708,5.0,0.07619958714105061,0.2883023784167126,-0.10218164634393502,AAPL
2022-06-07,148.61,0.16148054147089053,0.1638168722638511,0.1404669295453571,0.37478918013378815,2.6099977276947697,0.13642275867763484,-0.3426213692757109,5.0,0.07619958714105057,0.2884324800696445,-0.10222215168268234,AAPL
2022-06-08,148.0,0.15842875719598992,0.1598345124584739,0.13816711868512044,0.3717083785511438,2.690125699358104,0.1372062988838819,-0.3099556026037934,5.0,0.07619958714105057,0.2884519896119137,-0.10279276466649236,AAPL
2022-06-09,142.62,0.15819413612348585,0.15665890310629038,0.13799030930346687,0.3714704689520647,2.47294698471022,0.16335230790845404,-0.3665294295424676,5.0,0.07619958714105057,0.28802322166831595,-0.11339212504130955,AAPL
2022-06-10,137.15,0.15768331756575407,0.1562974544140161,0.1376053587431196,0.3709519628511482,2.456250042635657,0.16140512034061769,-0.5,5.0,0.07619958714105057,0.2877170190076251,-0.10358771453932748,AAPL
2022-06-13,131.93,0.1578109649250602,0.15614320617896738,0.13770155321716127,0.3710815991357713,2.460780549851326,0.16483626029448392,-0.49998597772111186,5.0,0.07619958714105057,0.2868935996311247,-0.11130611900340207,AAPL
2022-06-14,132.8,0.15541645330753193,0.1579158548556734,0.1374164420127962,0.3706972376654515,2.6883489455709713,0.12197018364309237,-0.4674395175449986,5.0,0.08236579706610164,0.28478395930904654,-0.1127323991066672,AAPL
2022-06-15,135.45,0.15804593171899592,0.15557209744292777,0.1409080526210468,0.37537721377442024,2.5925628760099113,0.20598327913407513,-0.4118815034368451,5.0,0.08849412454554074,0.2828271081873655,-0.10650974233543764,AAPL
2022-06-16,130.09,0.16114696848360557,0.15658053704100894,0.14336287046530288,0.3786328967024694,2.404331924504081,0.2146913500967063,-0.5,5.0,0.0889725676109307,0.2810119916522029,-0.09990672395349635,AAPL
2022-06-20,131.56,0.16258892188013144,0.1598817402482382,0.144613594808343,0.38028094194732265,2.6562671485229954,0.2110180187635064,-0.5,5.0,0.08963844328056936,0.27973571977982425,-0.10084290882847487,AAPL
2022-06-21,135.87,0.16253935316329737,0.16147884025849635,0.14507942731259021,0.38089293418569764,2.473898430243744,0.19252899672526158,-0.4791902682452157,5.0,0.09168056199721114,0.27862404644547323,-0.08470233220822156,AAPL
2022-06-22,135.23,0.16440547135032,0.16221944223798346,0.14753644354732404,0.38410472992053096,2.6895212613171458,0.19797990457266437,-0.5,5.0,0.09594476146597765,0.27735347092441626,-0.08370727147082006,AAPL
2022-06-23,138.27,0.16610279028968705,0.16431231559545267,0.15000704336608686,0.38730742746052116,2.5730318535919867,0.20331460885420993,-0.4744833161033234,5.0,0.10078033819717905,0.2757392228181524,-0.07911656645827186,AAPL
2022-06-27,141.69,0.15823813161708314,0.16555234562110854,0.14475426611599168,0.3804658540736497,2.417770557104229,0.051644158487580465,-0.42363339742506806,5.0,0.10351565353652843,0.27432392725260607,-0.08144185003283282,AAPL
2022-06-28,137.45,0.15946468116094048,0.15822712039516773,0.14668887607631215,0.38299983821969447,2.5475521940578765,0.1695975073874372,-0.47178740536538577,5.0,0.10761577228177505,0.27280614770077305,-0.0746620030371454,AAPL
2022-06-29,139.26,0.15763454849071393,0.15961204806080787,0.14638353224507425,0.3826010092055093,2.6641423511963027,0.13143173892953935,-0.43405940418766176,5.0,0.11197379269066934,0.2715250486475728,-0.08125162390546631,AAPL
2022-06-30,136.89,0.15707190395093049,0.15689208924595732,0.1461835884117763,0.3823396244332731,2.673665209065502,0.15436627894515578,-0.5,5.0,0.11288312081768888,0.27020841920088307,-0.08264191012516635,AAPL
2022-07-01,138.9,0.15577102320515201,0.15723115494620288,0.14612862029714446,0.3822677337902644,2.6640864842710563,0.1382310507884925,-0.461094696692478,5.0,0.11663861108382009,0.2682987039965287,-0.08304092608113807,AAPL
2022-07-04,138.93,0.15164484959152025,0.15506387851928594,0.1430191544787712,0.37817873350939657,2.6825142353024156,0.09600859174512577,-0.40539183075551083,5.0,0.11663861108382009,0.26713995340581237,-0.08492786630530377,AAPL
2022-07-05,141.61,0.14514803310675545,0.1510653004370397,0.1381231828888024,0.37164927403238984,2.537884445188138,0.05453075649894595,-0.3336267304403163,5.0,0.11663861108382009,0.26572565051077807,-0.08436257597495916,AAPL
2022-07-06,142.96,0.1391985932314822,0.14463750144204823,0.133639711842041,0.36556765699667826,2.6193792550317476,0.05195768096871546,-0.3160219254734892,5.0,0.11663861108382009,0.26457786595597566,-0.08632523783876297,AAPL
2022-07-07,146.35,0.13177754712999207,0.1388841326115653,0.12804724498293443,0.35783689717933564,2.472438906604347,0.020398739579969936,-0.2692430913214694,5.0,0.11663861108382009,0.2633552465275923,-0.08490230604355652,AAPL
2022-07-08,147.02,0.12549529667882894,0.1315082603978226,0.12331296938778856,0.3511594643289407,2.6429879179515394,0.023919401972919106,-0.2929028558848771,5.0,0.11663861108382009,0.26224606131968986,-0.08729233739351241,AAPL
2022-07-11,144.86,0.12201988297339085,0.12543121193812112,0.12069391330007008,0.3474102953282618,2.7170553441996446,0.05637618186401418,-0.32918231626064226,5.0,0.11663861108382009,0.2606582771209237,-0.08693678565655942,AAPL
2022-07-12,145.9,0.11788686849052823,0.1220312962650496,0.11757929223350976,0.34289837012372887,2.7553875951976967,0.04739111528549074,-0.27697312147645925,5.0,0.11663861108382018,0.2598393871353774,-0.08934573150584448,AAPL
2022-07-13,145.46,0.11366708317247501,0.11702021425662679,0.1143992810570506,0.3382296277043905,2.801821372083801,0.04973032636664795,-0.2924008426089213,5.0,0.11663861108382009,0.25893750951606853,-0.2160101169936694,AAPL
2022-07-14,148.5,0.10789001304246625,0.11261004169500666,0.10912033732665617,0.3303336757381181,2.6973548481567593,0.043187064973066576,-0.25223057583856934,5.0,0.11288312081768898,0.2611935478828524,-0.22431722834079929,AAPL
2022-07-15,150.14,0.1039276967991711,0.10766696750943083,0.10591029112997133,0.3254386134587771,2.8120210944970467,0.04659601202259269,-0.19268166861752703,5.0,0.11197379269066941,0.2634618737264832,-0.2239529423838928,AAPL
2022-07-18,147.05,0.10191232041887906,0.1027842581825098,0.1033176766912692,0.32143067167162065,2.788757038184404,0.06275897487283678,-0.19323184086286205,5.0,0.10761577228177513,0.26511448303998686,-0.22621792131882051,AAPL
2022-07-19,150.94,0.09905916496211103,0.10105312264568056,0.10015726385405338,0.3164763243183499,2.728009089024734,0.09078789169735131,-0.12192004202682544,5.0,0.10351565353652853,0.26653230940580014,-0.22181604484786568,AAPL
2022-07-20,153.02,0.09716308992968949,0.09866143547333195,0.09825051249828638,0.31344937788785987,2.885458325797422,0.08419938991030322,-0.06915136755095054,5.0,0.1015762500631488,0.267933720964569,-0.22130359030191538,AAPL
2022-07-21,155.36,0.09486627279411392,0.09661942099046428,0.09597451595944068,0.30979754027338674,2.8829520808224895,0.07840684419488866,-0.035810006396158,5.0,0.09936393055535525,0.2694557311817859,-0.22169523273987768,AAPL
2022-07-22,154.14,0.09468334267927553,0.09438512299675494,0.0953912150650108,0.308854682763611,2.9533171443464887,0.09170881155837272,-0.026821960501574718,5.0,0.0975561487829179,0.27084456153902114,-0.2211827959351232,AAPL
2022-07-25,152.97,0.09257164891857028,0.09389703130727867,0.09315346975897525,0.3052105334993785,2.9507497976539683,0.057203999410997027,-0.03920666024932866,5.0,0.09493289155950979,0.2723577795119977,-0.2205159357319353,AAPL
2022-07-26,151.55,0.08968933595438393,0.09165544780626078,0.09017998303553822,0.3002998219039402,2.9277679366615423,0.039158867024156586,-0.0519188185421211,5.0,0.09168056199721124,0.2736988217187998,-0.21656361360980078,AAPL
2022-07-27,156.73,0.0867736163753545,0.08876875842906884,0.08747952265059596,0.29576937409169995,2.607935319577638,0.09149462851133551,-0.12270176234820848,5.0,0.08963844328056948,0.27466128749688407,-0.2402227400543205,AAPL
2022-07-28,157.4,0.08624207263773004,0.0867228567476559,0.0870789536881914,0.29509143275973193,3.0016660881447064,0.08321742016629663,-0.16402376906069954,5.0,0.0896384432805695,0.27444845455703465,-0.23981024902883447,AAPL
2022-07-29,162.58,0.08621791835713886,0.08709668599476572,0.08745579618104907,0.29572926162463037,2.6338080940105253,0.1116915258071614,-0.09748240630287375,5.0,0.09124168117054332,0.27335183361358517,-0.23575148270867458,AAPL
2022-08-01,161.57,0.08762388229388544,0.08629076557554072,0.08851532426022046,0.29751525046662813,3.0042910070273643,0.10859198756523002,-0.1242026386778412,5.0,0.09124168117054332,0.27305281192494013,-0.23417365963955358,AAPL
2022-08-02,160.05,0.0892476167614206,0.08777361820102669,0.08973896322883648,0.29956462279253954,2.9920430034484076,0.10891452014167025,-0.11123470082785306,5.0,0.09124168117054332,0.2727335975589618,-0.23350172733987487,AAPL
2022-08-03,166.12,0.08945803123354935,0.09025130291411187,0.09030186619867933,0.3005026891704621,2.5198870890137766,0.11991100099408764,-0.02813238998075776,5.0,0.09288262341590187,0.2720538870757427,-0.21995117569764486,AAPL
2022-08-04,165.81,0.09190121346107806,0.09015907900902675,0.09264823262314312,0.3043817218939783,2.9828311900759585,0.1275040081677139,-0.022552207355669873,5.0,0.0949328915595099,0.2713813820763725,-0.2199649903142994,AAPL
2022-08-05,165.32,0.09215659552283022,0.09198525190004148,0.09299281228099188,0.30494722868226215,3.001985430080441,0.09262263009164377,-0.0647512921302146,5.0,0.09555027022355977,0.2707664518519585,-0.22239291499437303,AAPL
2022-08-08,164.88,0.09216394924012879,0.09218356028941344,0.09299835400916891,0.3049563149193158,2.9930944488261106,0.08896111430776327,-0.08631966504668305,5.0,0.09555027022355986,0.26997790083565715,-0.22297760698879093,AAPL
2022-08-09,164.92,0.0916683667733634,0.09236441303073661,0.09262488529823025,0.30434336742934,2.9900365707268235,0.07719741400519377,-0.04082954756506982,5.0,0.09555027022355977,0.26937309202221027,-0.22530383812108276,AAPL
2022-08-10,169.2,0.08823099155325029,0.09204624776975834,0.09003449484142703,0.3000574858946649,2.7444713557056115,0.03832560175928747,0.05697054245882438,5.0,0.09555027022355977,0.26922957924866525,-0.22681126209316843,AAPL
2022-08-11,168.53,0.08645892764875684,0.0883374877012102,0.088699075478366,0.29782390011274446,2.961461783897305,0.04001412223442273,0.040729725897637986,5.0,0.09555027022355977,0.2689514488882889,-0.2269180787778533,AAPL
2022-08-12,172.1,0.083745888167042,0.08655263650143752,0.08665454116589336,0.29437143401813526,2.8496232937579404,0.050125815734808704,0.0397085523989854,5.0,0.09555027022355977,0.26895978824997274,-0.23181960068701335,AAPL
2022-08-15,173.18,0.08177725317542046,0.08395096104140976,0.08517098671848057,0.29184068722246487,2.990667641249286,0.04210558774748003,0.054421487179831356,5.0,0.09555027022355977,0.2686179733126744,-0.2367792176491298,AAPL
2022-08-16,173.03,0.08057999126373785,0.08217162319124327,0.08426873554375588,0.2902907775726881,3.020856471744259,0.04350637414968098,0.09588128335562818,5.0,0.09555027022355977,0.26889092605158676,-0.23692521622287618,AAPL
2022-08-17,174.6,0.0779665237563898,0.08092389094599639,0.08229923822190784,0.2868784380567976,2.98437998730415,0.02389112755362397,0.13026472511253845,5.0,0.09555027022355986,0.2697175026883904,-0.23790612231177477,AAPL
2022-08-18,174.16,0.07605824773192972,0.07827668626850937,0.08086117001981463,0.2843609854037903,3.0172506662203986,0.022130616448171478,0.12878972592174254,5.0,0.09555027022355986,0.2707190338143903,-0.23592433718528355,AAPL
2022-08-19,171.53,0.07503153656523662,0.07636544624983799,0.08008744511700709,0.2829972528435693,2.944818183581566,0.022501979844345536,0.13410171856386327,5.0,0.09555027022355986,0.27169262785670645,-0.23788091594035743,AAPL
2022-08-22,167.58,0.07537546656108199,0.07529934781268821,0.08034662921010034,0.2834548098200141,2.848796933621342,0.04075531018719667,0.1392006809418071,5.0,0.09555027022355986,0.27205002592856137,-0.25168957043768486,AAPL
2022-08-23,167.18,0.07428241194334598,0.07560555005329661,0.0795229081819215,0.2819980641456985,3.076219262066616,0.039776796463298486,0.10166869148486755,5.0,0.09555027022355986,0.2728031922709626,-0.248556980896651,AAPL
2022-08-24,167.64,0.07204352517665752,0.07407494017388672,0.07743864011086232,0.2782779907050903,3.0691017120141084,0.029167360591337683,0.08117058655612326,5.0,0.09393888290661989,0.2743387790096484,-0.24940488045568254,AAPL
2022-08-25,170.12,0.07061584782919772,0.07219557171265478,0.07610248179910187,0.27586678270335824,3.015913333547632,0.05626187573060684,0.10865844389300924,5.0,0.09288262341590198,0.27571571719647203,-0.24661772428862624,AAPL
2022-08-26,163.65,0.07489418298859774,0.07034376351657556,0.07905515184631226,0.2811674800653736,2.463557158497277,0.11546524906092973,0.05168870908554049,5.0,0.09178092270664984,0.2765934516330693,-0.2695834670734369,AAPL
2022-08-29,161.37,0.07673427179457333,0.07455712194132502,0.0801456411110695,0.28310005494713264,3.038605053000805,0.10357278163212794,-0.017438909430179318,5.0,0.09057886128795921,0.27786746283055896,-0.27610437878907484,AAPL
2022-08-30,158.92,0.07874004712364838,0.07656251231674105,0.08142546110912639,0.28535146943572304,3.0017115390704663,0.10357479938061964,-0.04644950017080135,5.0,0.08963844328056947,0.279172974200336,-0.27642053222836327,AAPL
2022-08-31,157.17,0.08005334473544941,0.07878014013476786,0.08225108149455984,0.28679449348716557,3.038576514935549,0.09076937160836239,-0.030918753594551707,5.0,0.08897256761093084,0.2807200964838253,-0.2763748088457294,AAPL
2022-09-01,157.97,0.07884268795310496,0.07994332962698536,0.08094328859316137,0.2845053401839083,3.0591896431372785,0.06202896597377298,0.026655002816716965,5.0,0.08736769678474757,0.28212760831043526,-0.2745568872388681,AAPL
2022-09-02,155.85,0.07681976047105864,0.07831482484834851,0.07888935809971691,0.2808724943808434,2.9540740767359357,0.01794545255625333,0.021762103086931772,5.0,0.08521894769675833,0.2835057457038179,-0.27516475144434527,AAPL
2022-09-05,155.81,0.07365408422156247,0.07594566642364953,0.07594756606864245,0.2755858597037273,3.0424912708415506,0.020108594440489215,-0.049219260255278556,5.0,0.08296187582589322,0.2849850599773528,-0.2736049965805056,AAPL
2022-09-06,154.53,0.0714494520079144,0.07325554990165983,0.07375315271980208,0.27157531684562586,3.024575363414806,0.015252813110041652,-0.008703079116103504,5.0,0.08079871551845799,0.2863231572185328,-0.2676066257704389,AAPL
2022-09-07,155.97,0.06889676743792245,0.07158735934353899,0.07160807339497674,0.2675968486267668,3.0426223851625522,0.022095739430966165,0.05513003669683793,5.0,0.07990024272418744,0.28715224895796004,-0.2660719299032885,AAPL
2022-09-08,154.41,0.06793921681655964,0.06919889102573507,0.07088646756708508,0.2662451268419482,3.043421537864104,0.021031586285190557,0.08978265361758837,5.0,0.07990024272418769,0.287798361074,-0.2630150492337976,AAPL
2022-09-09,157.37,0.06553612430844538,0.06811957646641531,0.06907550789546976,0.26282219825477027,2.969867382215158,0.03760538584959598,0.06898195207370114,5.0,0.07990024272418744,0.28745834642876966,-0.26408799129417676,AAPL
2022-09-12,163.42,0.06470959848839744,0.06575043486373033,0.06845264176667885,0.26163455766904886,2.503047938637637,0.0997906424162151,0.08700286543036703,5.0,0.07990024272418744,0.28589633619562793,-0.24141975905167984,AAPL
2022-09-13,153.84,0.0807868465764376,0.06472823943659023,0.08078977113730283,0.2842354149948645,0.5533167823030047,0.35381726373177674,-0.051185808587706466,5.0,0.08079871551845799,0.28336763442223073,-0.2857098590070969,AAPL
2022-09-14,155.31,0.09148790118299455,0.08140310123053496,0.08938705006647867,0.29897667144190143,2.2206296315115286,0.35412065857917274,-0.06729311693408219,5.0,0.08296187582589322,0.2814803774106738,-0.28542034686927925,AAPL
2022-09-15,152.36,0.10417560260577718,0.0917719979697722,0.0995045973057697,0.315443493047122,2.014520551136619,0.36889911100513695,-0.12282384834476806,5.0,0.08521894769675842,0.27955899270850837,-0.28913894045428906,AAPL
2022-09-16,150.46,0.11415835181235821,0.10411554239544785,0.1075570135369484,0.32795885951891646,2.326973062687029,0.3329511840948889,-0.18914628059013439,5.0,0.08736769678474762,0.27785534206892804,-0.28758117804364,AAPL
2022-09-19,154.53,0.1188390586741552,0.11426903270330513,0.11147982052172276,0.3338859393890715,2.3982931741770104,0.27416043627192,-0.1504679032538095,5.0,0.08897256761093086,0.2765046691497536,-0.27666545381192514,AAPL
2022-09-20,156.91,0.116153767190011,0.11834131782597979,0.10962027174438298,0.3310895222509812,2.811312526127844,0.09346672551901405,-0.16464320718780923,5.0,0.08963844328056951,0.2754838690751802,-0.2750240014352397,AAPL
2022-09-21,153.72,0.11709850323987467,0.11562475439859554,0.1105639438090985,0.3325115694364611,2.773972728801879,0.11793236386991597,-0.21274786598807588,5.0,0.09057886128795914,0.27417292854999675,-0.2760755701400695,AAPL
2022-09-22,152.71,0.11642016539216114,0.1168111697115819,0.11034894482478988,0.3321881166218772,2.8692185517227915,0.09876928542709194,-0.23556538320307052,5.0,0.09178092270664975,0.27288366153656857,-0.27457796458585176,AAPL
2022-09-23,150.57,0.11618042417145696,0.11593238221394131,0.11043974094807127,0.3323247522350258,2.832207828810058,0.10145545353828875,-0.3022414387197482,5.0,0.09288262341590187,0.27177335351682425,-0.2714385055132324,AAPL
2022-09-26,150.9,0.11296630596752323,0.11611378474117373,0.10827786307559296,0.32905601814218954,2.8234934309399335,0.04976269966904089,-0.28328555014360385,5.0,0.09393888290661989,0.270436346582556,-0.27320817728640834,AAPL
2022-09-27,151.78,0.10869085502366858,0.11282421261057607,0.10505590253468727,0.3241232829259374,2.7855298421181094,0.030373434513760674,-0.2363261858241426,5.0,0.09393888290661978,0.27074113180943876,-0.26996573497598425,AAPL
2022-09-28,149.8,0.10518804106610284,0.10831693166619516,0.10241619774059244,0.32002530796890494,2.7612039257164978,0.02017221120829873,-0.2579452478382526,5.0,0.09393888290661978,0.271350171292173,-0.2695515276112129,AAPL
2022-09-29,142.57,0.1090546450347672,0.10487836907122983,0.10572710615097251,0.32515704844116866,2.2740331070085733,0.12052697633416136,-0.40488012556938957,5.0,0.09555027022355977,0.2709691736333607,-0.2884204228578113,AAPL
2022-09-30,138.09,0.1126168775311089,0.10914331796448096,0.10874208041922805,0.3297606411008264,2.6584719502773453,0.13735534651599066,-0.43014150965064357,5.0,0.0968915278526852,0.2698218313846849,-0.2927614643520414,AAPL
2022-10-03,142.57,0.11682412398226376,0.11288236657856032,0.11208142865756807,0.3347856458356124,2.349169748150796,0.25497043385084306,-0.3247257408007854,5.0,0.09757652462528399,0.2687360212611901,-0.2864812340112834,AAPL
2022-10-04,146.13,0.12400828021637916,0.11703114155534422,0.11785525825219707,0.34330053634126045,2.238000210121032,0.3136580186206977,-0.2820132224781855,5.0,0.09903705742148616,0.2673570547661311,-0.2811774791530603,AAPL
2022-10-05,146.5,0.13421459452900525,0.12591063548825332,0.127182646949986,0.3566267614046736,2.434338547926517,0.315078659287076,-0.24862925882544135,5.0,0.1056763688083954,0.26596041143412513,-0.2792208951256693,AAPL
2022-10-06,145.44,0.13757466401937005,0.1357875958783552,0.1311218505185565,0.3621075123752012,2.8126907713739357,0.16548200650568265,-0.2079537060061718,5.0,0.11138677707199618,0.26490475809315855,-0.2783894648060073,AAPL
2022-10-07,140.08,0.1418252465031062,0.13677965774695622,0.13454913285341083,0.3668093958085191,2.47663398823507,0.19251761071051948,-0.30677752788222734,5.0,0.1122961051990157,0.2634772369780112,-0.27860268787976983,AAPL
2022-10-10,140.4,0.14164367281170454,0.1425736938472255,0.13548231278175568,0.3680792207959527,2.7887371867093593,0.12824119309247925,-0.3314937539288624,5.0,0.11663861108382018,0.26261351380463227,-0.27893969056499895,AAPL
2022-10-11,138.95,0.14003134001944195,0.14286966700456105,0.13526838080535192,0.36778850009938036,2.68710601676104,0.06768887364766724,-0.28984526806009014,5.0,0.12070150235749552,0.26144112468746816,-0.31145266165080304,AAPL
2022-10-12,138.3,0.1359361471630733,0.1395073557359865,0.13218226194587027,0.36356878571443707,2.6977471235035426,0.058850833608309575,-0.29905420563048707,5.0,0.12070150235749552,0.2611645760503824,-0.3027735086758716,AAPL
2022-10-13,143.02,0.13479292984035487,0.13602211109537166,0.13132073852954548,0.36238203394973306,2.5121297094574007,0.16473729035343834,-0.2289579478462183,5.0,0.12070150235749552,0.2612180292495706,-0.3066820100754301,AAPL
2022-10-14,138.41,0.13689874901919036,0.13405317012075102,0.13290767436148213,0.36456504818959556,2.583450127990363,0.14527239237559061,-0.3237460801064856,5.0,0.12070150235749552,0.2612637986912935,-0.3045806139155217,AAPL
2022-10-17,142.39,0.13745418464964118,0.13715133431833237,0.133326248146523,0.3651386697496213,2.564876869999034,0.19489355076198994,-0.2638227314391111,5.0,0.12070150235749563,0.2613302052377873,-0.337387996834345,AAPL
2022-10-18,143.78,0.13859041127224903,0.13726247677550418,0.1341825034027857,0.3663093001860391,2.7464529666941706,0.18183349761442952,-0.2348130395193131,5.0,0.12070150235749563,0.26144081994316215,-0.3034359757627585,AAPL
2022-10-19,143.87,0.14010585196465292,0.13844672113918932,0.13532453267107292,0.3678648293477822,2.7791785544189604,0.17554074447936394,-0.1768040043806347,5.0,0.12070150235749563,0.2601060426429386,-0.30313084918988453,AAPL
2022-10-20,143.34,0.1390676387635875,0.13957527290767757,0.13454213988705832,0.3667998635319516,2.7891776720194144,0.1250280060310502,-0.1976538453740579,5.0,0.12070150235749552,0.2590744700620428,-0.2988741161408145,AAPL
2022-10-21,147.33,0.13196698746630225,0.13791128630691674,0.128190006365643,0.3580363198973576,2.5426072170449414,0.05580338263580584,-0.06739827840822257,5.0,0.11663861108382018,0.25779297882768093,-0.3012639348861644,AAPL
2022-10-24,149.56,0.12568149342489185,0.13087938011813094,0.1223832733725777,0.34983320793283434,2.644815246822,0.03812531092401069,-0.03593838749011195,5.0,0.1122961051990157,0.25699345388850364,-0.1804677909760957,AAPL
2022-10-25,152.38,0.12027016395575862,0.1249536478499067,0.11808125734669597,0.34362953503256377,2.655167708261175,0.042050793576617056,-0.09000045253819974,5.0,0.11138677707199618,0.24886635993838999,-0.16811246991930354,AAPL
2022-10-26,149.51,0.11944608840558898,0.12013730731632677,0.11746023773023,0.34272472588103414,2.7478802600943144,0.08869450991623194,-0.05284478038527468,5.0,0.1113867770719962,0.24226574436608356,-0.17553913599184814,AAPL
2022-10-27,145.0,0.12235702839476825,0.11907064966726466,0.11965390897222163,0.3459102614439497,2.6140860786701756,0.1639014380418488,-0.11599894022025906,5.0,0.11138677707199618,0.2363213903949964,-0.1917354016927139,AAPL
2022-10-28,155.72,0.133071831408424,0.12203768045583274,0.1277285361792528,0.35739129281398674,0.6341487625761961,0.3999363858932483,0.008858149837666016,5.0,0.1113867770719962,0.2282989058972222,-0.06439247461125952,AAPL
2022-10-31,153.45,0.14389657688877822,0.1313367067486979,0.13588601553313917,0.36862720400580745,1.7464296559801307,0.42964639436132385,-0.10364037545228291,5.0,0.11138677707199618,0.21461819018128347,-0.10095368407466647,AAPL
2022-11-01,150.57,0.15484718452174195,0.14266161747218575,0.14413834403735531,0.3796555597345511,1.707880880597289,0.4367874275994382,-0.02681261189033183,5.0,0.11138677707199622,0.2077352738024733,-0.10543800486013612,AAPL
2022-11-02,145.0,0.1675541472813653,0.15287497879035072,0.15371425384053328,0.39206409404653886,1.1074430015790704,0.493503221916356,-0.10819514204421844,5.0,0.1113867770719962,0.20469965901826975,-0.16909471976778662,AAPL
2022-11-03,138.89,0.18130206253655864,0.16520470146497246,0.164074620747705,0.40506125554995387,0.7215207309327147,0.539632434848612,-0.1287972075429095,5.0,0.11138677707199612,0.1991896098003408,-0.19789619999167612,AAPL
2022-11-04,138.4,0.17415832880274493,0.17827171415410703,0.1586911352376753,0.39836055933999703,2.566094277147887,0.06808918102106738,-0.16589846685636767,5.0,0.11138677707199626,0.19293857193519817,-0.1957535747739526,AAPL
2022-11-07,138.96,0.1694245185974297,0.17203464492195053,0.15512375722540153,0.3938575341737181,2.6206587018524474,0.10674659993979911,0.00398906630622866,5.0,0.1113867770719962,0.18699288417718762,-0.17227890821986075,AAPL
2022-11-08,139.51,0.16703584855021175,0.16844665336248,0.1533236662552451,0.39156566020942785,2.6725211805262368,0.135740255514155,-0.050147345912054386,5.0,0.1113867770719962,0.18855702488704612,-0.18689765856369803,AAPL
2022-11-09,134.87,0.16564017442507403,0.1660705156973563,0.1522718925316756,0.3902203128127438,2.479278579068257,0.12555627261473495,-0.09808108623383162,5.0,0.1113867770719962,0.19017390647194535,-0.19192240893291843,AAPL
2022-11-10,146.71,0.17920818774929254,0.16562616537703434,0.16249668615536322,0.403108777075572,0.1965197566944421,0.48315244162529425,0.02068375843387693,5.0,0.11138677707199615,0.20852122466136272,-0.01,AAPL
2022-11-11,149.67,0.19192482806320765,0.17898220240022056,0.17207988891979134,0.41482513053067477,1.6325469243039623,0.4680879566230538,0.17899890790230263,5.0,0.11138677707199615,0.21396599394889956,-0.01,AAPL
2022-11-14,148.37,0.2059270009113725,0.19175230988912517,0.18263186320184305,0.42735449360202477,1.5526893478807497,0.4949792826300363,0.2123094092736672,5.0,0.11138677707199615,0.21970393817752285,-0.01,AAPL
2022-11-15,150.07,0.21947639028313615,0.20581505033624126,0.1930666844522801,0.4393935416597291,1.6524081345461883,0.48918633788060834,0.23074491827677399,5.0,0.11229610519901567,0.2244331214351635,-0.01,AAPL
2022-11-16,148.78,0.22581122716351557,0.21835501491295872,0.19784058894321893,0.44479274830331816,2.3172479103158214,0.36748463030540285,0.13462088929230243,5.0,0.11229610519901567,0.2275024821272326,-0.01,AAPL
2022-11-17,150.75,0.21465536331633847,0.22382356338493992,0.18943358028206597,0.43523968141940594,2.159399920125763,0.04440702211965197,0.1981053918158318,5.0,0.11229610519901567,0.22820812556440367,-0.01,AAPL
2022-11-18,151.31,0.20419589053791143,0.21387648589734454,0.18227336016160584,0.42693484299317364,2.1378553391297483,0.02793766149487268,0.2063282145333636,5.0,0.11522621133942257,0.22868259300254362,-0.01,AAPL
2022-11-21,148.02,0.1964425637816443,0.20428727818944026,0.17756548926497856,0.4213852029497222,2.2364604712346097,0.05501505023103871,0.11920852562009207,5.0,0.11983246288886819,0.22971189656346783,-0.01,AAPL
2022-11-22,150.23,0.18785174317700254,0.19511004845844582,0.17109148561819595,0.4136320655101535,2.3492810101523443,0.06073097023159682,0.06879256332907879,5.0,0.11983246288886815,0.2309985509919035,-0.01,AAPL
2022-11-23,151.14,0.18024496423368638,0.18737896508537233,0.16600350404277875,0.4074352758939495,2.404954855874257,0.055226702073654474,0.08133183096669769,5.0,0.12244788867928005,0.23105251678687785,-0.01,AAPL
2022-11-24,151.07,0.16972289869267612,0.17667716518917587,0.15611837986139715,0.39511818467567034,2.4480519441738475,0.0474033735651575,0.08804897774202132,5.0,0.1145107650889334,0.23295914470413612,-0.01,AAPL
2022-11-25,148.11,0.16166179526657237,0.1670487739975215,0.14875777827279169,0.3856912991924911,2.4830031238849273,0.0655055587311902,0.0466314428325751,5.0,0.10929255537493215,0.234828864821708,-0.01,AAPL
2022-11-28,144.21,0.15527525044556587,0.1595937234669691,0.14312011625331525,0.3783121941641787,2.4914880841236506,0.07710937424747352,-0.04245048664079234,5.0,0.1059452519857181,0.23621276025039062,-0.01,AAPL
2022-11-29,141.16,0.14807504189896523,0.15340815071976976,0.13696744011567105,0.3700911240703714,2.5131519366348076,0.051766201924423154,-0.0070549671009433115,5.0,0.10299631465530912,0.23755667955595777,-0.01,AAPL
2022-11-30,148.72,0.15329492789015867,0.14720020607637707,0.14090112264706003,0.37536798298078117,2.028545349263026,0.26652483803164906,0.08691667049173515,5.0,0.10299631465530917,0.23758095872689458,-0.01,AAPL
2022-12-01,148.32,0.15822539500309904,0.15228631968784612,0.14461670041762492,0.3802850252345271,2.604655457376131,0.26599856706434144,0.04756025825454134,5.0,0.10299631465530917,0.23732423963633947,-0.01,AAPL
2022-12-02,147.76,0.16176226319549522,0.1571281781871221,0.14728206832943885,0.38377345964701476,2.6453529547384065,0.24641328713452293,0.04822631457542349,5.0,0.10299631465530917,0.2372494744355695,-0.01,AAPL
2022-12-05,146.6,0.1627577840711311,0.1605905951364548,0.14803228836963297,0.3847496437550436,2.6943179024149027,0.2021324903786593,0.1069866196540788,5.0,0.10299631465530917,0.2369274581662063,-0.01,AAPL
2022-12-06,142.91,0.16443495139948053,0.16155992740095826,0.14929619410107522,0.38638865679659284,2.5558378998511437,0.21577804304222242,0.1344360830535971,5.0,0.10299631465530917,0.23667709605670256,-0.01,AAPL
2022-12-07,140.94,0.15604663198039512,0.16321708448958816,0.1429747944340639,0.37812007938492753,2.4378998621530847,0.021976388092883024,0.1846807399580882,5.0,0.10299631465530912,0.23662176397538548,-0.01,AAPL
2022-12-08,142.66,0.14948622023031996,0.1549916106450837,0.13803089773909236,0.37152509705145403,2.5477101653395287,0.04809124328554701,0.1958839559796917,5.0,0.10299631465530912,0.23663539369759898,-0.01,AAPL
2022-12-09,142.19,0.14346064966631586,0.1485475950248656,0.133490054948797,0.3653629085564064,2.612610042098503,0.04834623989403452,0.1493983890480466,5.0,0.10299631465530917,0.23670646513321428,-0.01,AAPL
2022-12-12,144.5,0.139276472098185,0.14267152082902612,0.13033687761202095,0.36102199048260336,2.6554563962850035,0.07677485898962455,0.2632849830287174,5.0,0.10299631465530917,0.23683328344462193,-0.01,AAPL
2022-12-13,145.49,0.13424611924935312,0.13940519573225174,0.12727265786506875,0.3567529367294245,2.641258014699452,0.037358818083376856,0.25587160415624444,5.0,0.1059452519857181,0.23659610386371444,-0.01,AAPL
2022-12-14,143.24,0.12901473296552732,0.13358525639341678,0.12333030876504013,0.3511841522122548,2.6304557997676956,0.04125614367012577,0.15946379176316192,5.0,0.1059452519857181,0.23801078645777823,-0.01,AAPL
2022-12-15,136.55,0.13006893707612202,0.12854976542439545,0.12412475222632666,0.352313428961098,2.276005264597297,0.15527515824618193,0.07255567790870183,5.0,0.1059452519857181,0.23783236599643987,-0.01,AAPL
2022-12-19,132.43,0.13189140845565386,0.12958003832318354,0.12549815843514345,0.3542571924959936,2.5860338067909874,0.17415051592469843,-0.03402602239383306,5.0,0.1059452519857181,0.23755131454544648,-0.01,AAPL
2022-12-20,132.3,0.1310014115367065,0.13138126707053743,0.12482746077259682,0.3533092990180089,2.823428754377753,0.12352855846116788,-0.08526348894087457,5.0,0.1059452519857181,0.23710177026106058,-0.01,AAPL
2022-12-21,135.39,0.13408542211335991,0.13149868460459402,0.12797634788621454,0.3577378200389421,2.652595745010013,0.18698352109288244,0.02420324208532737,5.0,0.10929255537493215,0.2363971934084689,-0.01,AAPL
2022-12-22,132.26,0.13723477177490573,0.13443030625785468,0.13103810427052134,0.361991856635645,2.6554284616796164,0.1912292794482525,-0.047927972977414024,5.0,0.11208641934928179,0.23473763847557,-0.01,AAPL
2022-12-23,131.84,0.13643640667266257,0.13762353633501334,0.1311584513049357,0.36215804741153507,2.7945800172765107,0.1123523743397105,-0.018270390026813743,5.0,0.11501652548968866,0.23316614619501794,-0.01,AAPL
2022-12-26,131.86,0.13378223537454265,0.1370082864232245,0.12996697180055145,0.36050932276510056,2.736627094053412,0.06851224307769348,-0.04570996075936714,5.0,0.11829849465624699,0.2312562437352482,-0.01,AAPL
2022-12-27,130.04,0.1309607206930313,0.133540154529328,0.12784069106694082,0.35754816607967776,2.720706999092612,0.07711520016858424,-0.07416502994160909,5.0,0.11829849465624699,0.2295260645190101,-0.01,AAPL
2022-12-28,126.06,0.12684099072002766,0.13073954606443294,0.1247360811470719,0.35317995575495487,2.513071141311538,0.04390988695450375,-0.1753494860302831,5.0,0.11829849465624699,0.2284459010321496,-0.01,AAPL
2022-12-29,129.57,0.12654754227226261,0.12717243268707534,0.12487249984085314,0.3533730321358057,2.633467718014786,0.11587709622236332,-0.1383858854766368,5.0,0.11974960493527383,0.22712140501825,-0.01,AAPL
2022-12-30,129.94,0.1260760359382328,0.12645585000063875,0.12451717479491506,0.3528699120000387,2.831717221962754,0.11841712653048742,-0.17988446422635135,5.0,0.11974960493527383,0.226232754306523,-0.01,AAPL
