date,spot,filtered_variance,predicted_variance,forecast_average_variance,forecast_volatility,loglikelihood,mu,kappa,theta,xi,rho,ticker
2021-01-06,126.66,0.5266932380115862,0.5266711478761863,0.5266752995262707,0.7257239830171459,1.3634678683135975,0.49999999597138206,9.99999997641139,0.5266500568843296,0.050000009250110146,-0.010000003103791462,AAPL
2021-01-07,130.86,0.5266724916487848,0.5266922147420701,0.5266631717046726,0.7257156272980985,1.3761034909770815,0.49999999597138206,9.99999997641139,0.5266500568843296,0.050000009250110146,-0.010000003103791462,AAPL
2021-01-08,131.99,0.5266664420154804,0.5266723004169762,0.5266596352354537,0.7257131907547593,1.4213465264494252,0.49999999597138206,9.99999997641139,0.5266500568843296,0.050000009250110146,-0.010000003103791462,AAPL
2021-01-11,128.98,0.5266819015761516,0.5266664826776832,0.5266686725204757,0.725719417213344,1.3954049746289394,0.49999999597138206,9.99999997641139,0.5266500568843296,0.050000009250110146,-0.010000003103791462,AAPL
2021-01-12,128.82,0.5266834306524696,0.5266813362250105,0.5266695663814851,0.7257200330578487,1.4251895903992287,0.49999999597138206,9.99999997641139,0.5266500568843296,0.050000009250110146,-0.010000003103791462,AAPL
2021-01-13,130.89,0.5319810249470689,0.5319907203956973,0.5319716124617189,0.7293638409338091,1.4092401466128208,0.5,10.0,0.531958367419418,0.05,-0.01,AAPL
2021-01-14,128.91,0.5319909336324343,0.531980811356334,0.5319774048393707,0.729367811765347,1.4081657021038114,0.5,10.0,0.531958367419418,0.05,-0.01,AAPL
2021-01-15,127.07,0.5320007523661328,0.5319903402996715,0.5319831446334552,0.7293717465281029,1.4074194560215239,0.5,10.0,0.531958367419418,0.05,-0.01,AAPL
2021-01-19,127.82,0.5319969723654009,0.5319997539045289,0.5319809349365119,0.7293702317318084,1.4201832597517936,0.5,10.0,0.531958367419418,0.05,-0.01,AAPL
2021-01-20,132.03,0.531975488629278,0.5319961251516361,0.5319683760643299,0.7293616222864553,1.3671288226094684,0.5,10.0,0.531958367419418,0.05,-0.01,AAPL
2021-01-21,136.87,0.5672137731481995,0.5710709925333504,0.572917340445924,0.7569130336081709,1.3037321105534208,-0.5,9.973386691681768,0.580968014065561,1.8310210915835479,-0.01,AAPL
2021-01-22,138.97,0.5658527067537543,0.5677587569516618,0.5721206769744777,0.7563865922757209,1.3688056276241103,-0.5,9.973386691681768,0.580968014065561,1.8310210915835479,-0.01,AAPL
2021-01-25,142.9,0.5634037172339683,0.5664515329990536,0.5706872270705413,0.7554384336731493,1.3403422007167782,-0.5,9.973386691681768,0.580968014065561,1.8310210915835479,-0.01,AAPL
2021-01-26,143.18,0.5634899516505322,0.5640994755085558,0.5707377020583437,0.755471840678621,1.3907807370641503,-0.5,9.973386691681768,0.580968014065561,1.8310210915835479,-0.01,AAPL
2021-01-27,142.53,0.5642966620056374,0.5641822984034661,0.5712098881872297,0.7557842868088948,1.3947491131497858,-0.5,9.973386691681768,0.580968014065561,1.8310210915835479,-0.01,AAPL
2021-01-28,137.09,0.48200277098727157,0.48197626942419447,0.4820024619570976,0.6942639713805532,1.371733351256024,0.4487435236604709,10.0,0.4820020270966358,0.05,-0.01,AAPL
2021-01-29,131.74,0.48203166540859105,0.4820034870062955,0.4820193529364901,0.6942761359405133,1.3594224317738124,0.4487435236604709,10.0,0.4820020270966358,0.05,-0.01,AAPL
2021-02-01,134.14,0.4820211691343939,0.48203125881263986,0.48201321706862826,0.6942717170306077,1.4523020800788773,0.4487435236604709,10.0,0.4820020270966358,0.05,-0.01,AAPL
2021-02-02,134.94,0.48201731011044235,0.48202118031622376,0.48201096117662334,0.6942700923823691,1.4639276382914377,0.4487435236604709,10.0,0.4820020270966358,0.05,-0.01,AAPL
2021-02-03,133.92,0.48202286483257045,0.48201747247367166,0.4820142083327425,0.6942724309179664,1.4620451545455082,0.4487435236604709,10.0,0.4820020270966358,0.05,-0.01,AAPL
2021-02-04,137.39,0.5449050024699666,0.5479932716407347,0.5505466634263559,0.7419883175807797,1.3659972059220888,-0.49999999999999495,9.999999999999739,0.5584854846022929,1.9725215743651614,-0.01,AAPL
2021-02-05,136.77,0.5454727111012109,0.5454445371578913,0.5508785321523385,0.7422119186272466,1.407861627355366,-0.49999999999999495,9.999999999999739,0.5584854846022929,1.9725215743651614,-0.01,AAPL
2021-02-08,136.91,0.545546472077836,0.5459897585678846,0.5509216510340897,0.7422409656129805,1.4092029371130756,-0.49999999999999495,9.999999999999739,0.5584854846022929,1.9725215743651614,-0.01,AAPL
2021-02-09,135.99,0.5464410835631203,0.5460605565749574,0.5514446192567499,0.7425931721048544,1.4089623393277715,-0.49999999999999495,9.999999999999739,0.5584854846022929,1.9725215743651614,-0.01,AAPL
2021-02-10,135.36,0.54710672120788,0.5469196742342319,0.5518337349139283,0.7428551237717408,1.4093901739795776,-0.49999999999999495,9.999999999999739,0.5584854846022929,1.9725215743651614,-0.01,AAPL
2021-02-11,135.12,0.5170813276670145,0.5170793659199262,0.5170726460187967,0.7190776355991032,1.433619252314734,0.4999999793734027,10.0,0.517060429394429,0.05,-0.010000048151569591,AAPL
2021-02-12,135.34,0.5170808612873942,0.5170812123687938,0.517072373384558,0.7190774460268922,1.434096207866174,0.4999999793734027,10.0,0.517060429394429,0.05,-0.010000048151569591,AAPL
2021-02-16,133.16,0.5170920012927189,0.5170807555987267,0.5170788855620574,0.7190819741601492,1.4177985725240123,0.4999999793734027,10.0,0.517060429394429,0.05,-0.010000048151569591,AAPL
2021-02-17,130.84,0.5171041043517911,0.5170914696936961,0.5170859607174694,0.7190868937183248,1.4135207512848234,0.4999999793734027,10.0,0.517060429394429,0.05,-0.010000048151569591,AAPL
2021-02-18,129.71,0.5171099460895191,0.5171030795463594,0.5170893756559618,0.7190892682108124,1.4280196453707255,0.4999999793734027,10.0,0.517060429394429,0.05,-0.010000048151569591,AAPL
2021-02-19,129.87,0.5092453981292843,0.5093835104635218,0.5100314838806765,0.7141648856396375,1.4404730889350095,-0.4292955348318741,9.923331864346212,0.5111475200521223,0.05,-0.8284686355138214,AAPL
2021-02-22,126.01,0.5103545115473092,0.5093210226186784,0.5106822364312306,0.7146203442606645,1.3991454474179077,-0.4292955348318741,9.923331864346212,0.5111475200521223,0.05,-0.8284686355138214,AAPL
2021-02-23,125.86,0.5103751429243515,0.5103865313285496,0.5106943415243739,0.7146288138078214,1.4409691727095857,-0.4292955348318741,9.923331864346212,0.5111475200521223,0.05,-0.8284686355138214,AAPL
2021-02-24,125.32,0.5104657552850719,0.5104063031030819,0.5107475067136974,0.7146660106047421,1.4398500168902364,-0.4292955348318741,9.923331864346212,0.5111475200521223,0.05,-0.8284686355138214,AAPL
2021-02-25,121.0,0.511721508102249,0.5104933252150659,0.5114842973208282,0.7151813038110184,1.3810987640402865,-0.4292955348318741,9.923331864346212,0.5111475200521223,0.05,-0.8284686355138214,AAPL
2021-02-26,121.35,0.5056330205275456,0.5056332071108045,0.5055945254959944,0.7110517038134389,1.4442975995740581,0.49938415056357793,9.99971220931298,0.5055403543338176,0.05203900390006929,-0.010192436443559232,AAPL
2021-03-01,127.79,0.505595052736256,0.5056300543510588,0.505572330137615,0.711036096226918,1.2989392327632536,0.49938415056357793,9.99971220931298,0.5055403543338176,0.05203900390006929,-0.010192436443559232,AAPL
2021-03-02,125.16,0.5056070653547761,0.5055936267017387,0.5055793525206421,0.7110410343437586,1.422858788953097,0.49938415056357793,9.99971220931298,0.5055403543338176,0.05203900390006929,-0.010192436443559232,AAPL
2021-03-03,122.06,0.5056236977178916,0.5056051157298498,0.5055890755318446,0.7110478714769102,1.4033530326306978,0.49938415056357793,9.99971220931298,0.5055403543338176,0.05203900390006929,-0.010192436443559232,AAPL
2021-03-04,120.3,0.5056326383012273,0.5056211056071334,0.5055943020526539,0.7110515466916966,1.4285282518707931,0.49938415056357793,9.99971220931298,0.5055403543338176,0.05203900390006929,-0.010192436443559232,AAPL
2021-03-05,121.39,0.4148961944938915,0.4149119187059114,0.4079135805062473,0.6386811258415637,1.5248933514643421,-0.3192375490523963,2.502048891001849,0.3632431767248877,0.05000000148286787,-0.01000000053324662,AAPL
2021-03-08,116.41,0.4149108860004056,0.41485140412987676,0.407926285969674,0.638691072404863,1.4285390771814286,-0.3192375490523963,2.502048891001849,0.3632431767248877,0.05000000148286787,-0.01000000053324662,AAPL
2021-03-09,121.08,0.4149025372383675,0.414962128692423,0.40791906581899506,0.6386854200770479,1.4281206184331723,-0.3192375490523963,2.502048891001849,0.3632431767248877,0.05000000148286787,-0.01000000053324662,AAPL
2021-03-10,119.97,0.4148860360666748,0.41487845077062957,0.40790479532650076,0.6386742482099155,1.530398900721718,-0.3192375490523963,2.502048891001849,0.3632431767248877,0.05000000148286787,-0.01000000053324662,AAPL
2021-03-11,121.96,0.4148735114501232,0.41490120977687184,0.4078939638261794,0.638665768478458,1.5096628070045734,-0.3192375490523963,2.502048891001849,0.3632431767248877,0.05000000148286787,-0.01000000053324662,AAPL
2021-03-12,121.04,0.7861044621233954,0.7814173473161645,0.7918770054556112,0.8898747133476775,1.2284520927821392,-0.2926612866468145,9.999999925701234,0.8000000015009852,1.4000000045029555,-0.831779026841326,AAPL
2021-03-15,124.0,0.7574988328404743,0.7866578162938822,0.7751548468386277,0.880428785784874,1.2145381722736444,-0.2926612866468145,9.999999925701234,0.8000000015009852,1.4000000045029555,-0.831779026841326,AAPL
2021-03-16,125.57,0.7416880834450386,0.7591847300936934,0.7659122653652773,0.8751641362426121,1.2285900433935362,-0.2926612866468145,9.999999925701234,0.8000000015009852,1.4000000045029555,-0.831779026841326,AAPL
2021-03-17,124.78,0.7474829343059886,0.7439997421752196,0.7692997949420668,0.877097369134161,1.2551746250667954,-0.2926612866468145,9.999999925701234,0.8000000015009852,1.4000000045029555,-0.831779026841326,AAPL
2021-03-18,120.59,0.7839792968228819,0.7495699726277962,0.7906346852503462,0.8891764083973136,1.2259970192913716,-0.2926612866468145,9.999999925701234,0.8000000015009852,1.4000000045029555,-0.831779026841326,AAPL
2021-03-19,119.88,0.4966629706238913,0.496655055670999,0.49666800177661724,0.704746764289569,1.4513520107233728,-0.4924137625967004,9.973627460084115,0.4966751031286845,0.08528163086722254,-0.01910566104638842,AAPL
2021-03-22,123.37,0.4966077352925634,0.4966642272338504,0.49663567164026057,0.7047238265024538,1.3957211188142162,-0.4924137625967004,9.973627460084115,0.4966751031286845,0.08528163086722254,-0.01910566104638842,AAPL
2021-03-23,122.53,0.49661555429683457,0.4966111513058422,0.4966402482304282,0.7047270735755993,1.4520567959439492,-0.4924137625967004,9.973627460084115,0.4966751031286845,0.08528163086722254,-0.01910566104638842,AAPL
2021-03-24,120.08,0.4966498860068519,0.49661866764654405,0.4966603431377915,0.7047413306581298,1.4351384742306248,-0.4924137625967004,9.973627460084115,0.4966751031286845,0.08528163086722254,-0.01910566104638842,AAPL
2021-03-25,120.6,0.49663999419258903,0.4966516096901614,0.4966545532982768,0.7047372228698274,1.4500477208622264,-0.4924137625967004,9.973627460084115,0.4966751031286845,0.08528163086722254,-0.01910566104638842,AAPL
2021-03-26,121.21,0.13600913828683678,0.1360603252760484,0.12144892398898113,0.3484952280720371,1.977315235720441,-0.46161023794634803,2.019730496671296,0.005,0.1221042671347735,-0.01,AAPL
2021-03-29,121.39,0.13612654835349353,0.13615724297415,0.12155328522749044,0.3486449271500884,1.9832978827992742,-0.46161023794634803,2.019730496671296,0.005,0.1221042671347735,-0.01,AAPL
2021-03-30,119.98,0.13614943110855351,0.1360896931946627,0.12157362481783876,0.3486740954212669,1.973645565501304,-0.46161023794634803,2.019730496671296,0.005,0.1221042671347735,-0.01,AAPL
2021-03-31,122.18,0.13612198555329177,0.1362491012478131,0.12154922953198082,0.34863911073197285,1.9260510848405896,-0.46161023794634803,2.019730496671296,0.005,0.1221042671347735,-0.01,AAPL
2021-04-01,123.0,0.13596411196789815,0.13603958804742433,0.12140890184655541,0.34843780197698904,1.9655112895175813,-0.46161023794634803,2.019730496671296,0.005,0.1221042671347735,-0.01,AAPL
2021-04-05,125.9,0.4768274902574557,0.47684262262191623,0.4768148247463358,0.69051779466306,1.4399053199637881,0.447692660200811,10.0,0.4767970021177412,0.05,-0.01,AAPL
2021-04-06,126.23,0.4768251462809676,0.47682705357146915,0.47681345451441043,0.6905168024852186,1.4703354546117537,0.447692660200811,10.0,0.4767970021177412,0.05,-0.01,AAPL
2021-04-07,127.91,0.4768164533424215,0.4768247715983307,0.4768083728329253,0.6905131228535235,1.4614999499612398,0.447692660200811,10.0,0.4767970021177412,0.05,-0.01,AAPL
2021-04-08,130.38,0.4768039109779012,0.47681645551347174,0.47680104087018055,0.6905078137647542,1.4495977929476904,0.447692660200811,10.0,0.4767970021177412,0.05,-0.01,AAPL
2021-04-09,133.0,0.47679112665748985,0.4768043834337732,0.47679356746587775,0.6905024022158632,1.4471247105167906,0.447692660200811,10.0,0.4767970021177412,0.05,-0.01,AAPL
2021-04-12,131.26,0.48431189408068587,0.484303110250039,0.4843089942657389,0.6959231238188158,1.4534736719242145,0.5,10.0,0.48430491370994433,0.05,-0.01,AAPL
2021-04-13,134.41,0.4842977504357935,0.48431236408941913,0.48430072623324333,0.6959171834588103,1.4352270589413878,0.5,10.0,0.48430491370994433,0.05,-0.01,AAPL
2021-04-14,132.13,0.48431011919217154,0.48429879879404325,0.48430795670886984,0.6959223783647641,1.446650518224468,0.5,10.0,0.48430491370994433,0.05,-0.01,AAPL
2021-04-15,134.51,0.48430005520146246,0.48431066768534947,0.4843020735434728,0.6959181514685997,1.448741772932907,0.5,10.0,0.48430491370994433,0.05,-0.01,AAPL
2021-04-16,134.15,0.48430295742728585,0.4843010035547195,0.4843037701144487,0.6959193704118666,1.4632948726863333,0.5,10.0,0.48430491370994433,0.05,-0.01,AAPL
2021-04-19,134.85,0.26200150809415,0.2621906991189462,0.2604273889304752,0.5103208686017799,1.7296607877817582,0.2200948692484661,4.7638445051275005,0.2553532204343948,0.812669196141866,-0.01,AAPL
2021-04-20,133.12,0.2625064790311831,0.2619894385061343,0.260812797587751,0.5106983430438667,1.7151486915262517,0.2200948692484661,4.7638445051275005,0.2553532204343948,0.812669196141866,-0.01,AAPL
2021-04-21,133.49,0.26243264337493094,0.2624883883399889,0.26075644404530274,0.5106431670406476,1.731936626272407,0.2200948692484661,4.7638445051275005,0.2553532204343948,0.812669196141866,-0.01,AAPL
2021-04-22,131.94,0.26289005410755706,0.26241262938128784,0.2611055533570598,0.5109848856444384,1.7170873880584212,0.2200948692484661,4.7638445051275005,0.2553532204343948,0.812669196141866,-0.01,AAPL
2021-04-23,134.3,0.2622032485672286,0.2628607365186326,0.2605813631874972,0.5104717065494396,1.704412858563912,0.2200948692484661,4.7638445051275005,0.2553532204343948,0.812669196141866,-0.01,AAPL
2021-04-26,134.73,0.4872625781391069,0.4872832665714668,0.4874095650133941,0.6981472373456721,1.458209215468891,-0.4576945697305765,9.973924646646548,0.4876170263419852,0.20517807502075117,-0.01,AAPL
2021-04-27,134.39,0.4872756559879028,0.487277388383518,0.48741721958143613,0.6981527193826836,1.4610273722778528,-0.4576945697305765,9.973924646646548,0.4876170263419852,0.20517807502075117,-0.01,AAPL
2021-04-28,133.74,0.4872960240013157,0.48728992891847156,0.48742914114032426,0.6981612572610458,1.4608102379634011,-0.4576945697305765,9.973924646646548,0.4876170263419852,0.20517807502075117,-0.01,AAPL
2021-04-29,133.49,0.48730706754377134,0.4873095102229854,0.4874356050128213,0.6981658864573815,1.4610016949759579,-0.4576945697305765,9.973924646646548,0.4876170263419852,0.20517807502075117,-0.01,AAPL
2021-04-30,131.53,0.487355899898899,0.4873201059672283,0.48746418697540633,0.6981863554778239,1.452658208716041,-0.4576945697305765,9.973924646646548,0.4876170263419852,0.20517807502075117,-0.01,AAPL
2021-05-03,132.55,0.2535421977792337,0.2535475905824569,0.25238919322697523,0.5023835120970584,1.7435841872637452,0.4999999998587806,5.055503548914923,0.24890502751001622,0.05000000002457232,-0.01,AAPL
2021-05-04,127.94,0.2535825834458228,0.253542227903381,0.2524195372399869,0.5024137112380462,1.6086808495977702,0.4999999998587806,5.055503548914923,0.24890502751001622,0.05000000002457232,-0.01,AAPL
2021-05-05,128.15,0.25358522860425287,0.2535820738703478,0.2524215246956512,0.5024156891416223,1.745174928431677,0.4999999998587806,5.055503548914923,0.24890502751001622,0.05000000002457232,-0.01,AAPL
2021-05-06,129.68,0.2535701579365917,0.253581389086321,0.25241020125904046,0.5024044200233916,1.7353167071584807,0.4999999998587806,5.055503548914923,0.24890502751001622,0.05000000002457232,-0.01,AAPL
2021-05-07,130.21,0.2535648216233172,0.25356862241460476,0.2524061917880298,0.5024004297251644,1.7447323526024012,0.4999999998587806,5.055503548914923,0.24890502751001622,0.05000000002457232,-0.01,AAPL
2021-05-10,126.89,0.4390230929686448,0.43804506116430275,0.4397274870420067,0.6631195118845522,1.4738755151460186,-0.32333639246242823,7.397235730743602,0.4411247719270541,0.05,-0.9138897317039998,AAPL
2021-05-11,125.85,0.4393989985992439,0.4390939357544994,0.4399774049724969,0.6633079262096127,1.505597976003059,-0.32333639246242823,7.397235730743602,0.4411247719270541,0.05,-0.9138897317039998,AAPL
2021-05-12,122.81,0.4404097499310838,0.4394587868300732,0.4406493951225007,0.6638142775825936,1.4749477234481743,-0.32333639246242823,7.397235730743602,0.4411247719270541,0.05,-0.9138897317039998,AAPL
2021-05-13,124.94,0.4396771910324088,0.4404401979991235,0.440162359044783,0.6634473295181638,1.486317742939819,-0.32333639246242823,7.397235730743602,0.4411247719270541,0.05,-0.9138897317039998,AAPL
2021-05-14,127.43,0.4387716387760344,0.4397290469350992,0.43956030968068305,0.6629934461823005,1.4731909606972917,-0.32333639246242823,7.397235730743602,0.4411247719270541,0.05,-0.9138897317039998,AAPL
2021-05-17,126.27,0.4625835557654532,0.4625163809832884,0.4624325987609522,0.6800239692547257,1.479159592376279,0.4999999995999198,9.971724697642543,0.4622194795999994,0.3916521240564764,-0.01,AAPL
2021-05-18,124.85,0.4626630135331383,0.46256995723524597,0.4624791109317205,0.6800581673149146,1.4744914325021465,0.4999999995999198,9.971724697642543,0.4622194795999994,0.3916521240564764,-0.01,AAPL
2021-05-19,124.69,0.46266787166761886,0.4626462825399358,0.4624819547365134,0.6800602581657844,1.4839651284183653,0.4999999995999198,9.971724697642543,0.4622194795999994,0.3916521240564764,-0.01,AAPL
2021-05-20,127.22,0.462514035103709,0.46265093772672117,0.4623919034710495,0.6799940466438288,1.4626375474738411,0.4999999995999198,9.971724697642543,0.4622194795999994,0.3916521240564764,-0.01,AAPL
2021-05-21,125.43,0.4626070198961543,0.4625032084004488,0.4624463339524369,0.6800340682292593,1.4718947131849895,0.4999999995999198,9.971724697642543,0.4622194795999994,0.3916521240564764,-0.01,AAPL
2021-05-24,127.11,0.02289020869556618,0.022978252256507403,0.01921475318016779,0.13861729033626286,2.4492704836986947,0.04671447371328934,4.023873963652275,0.0050000000000000044,0.05,-0.14320501961041487,AAPL
2021-05-25,126.93,0.022864954157312063,0.02288426222912676,0.019194687062769715,0.13854489186819452,2.4959754066809583,0.04671447371328934,4.023873963652275,0.0050000000000000044,0.05,-0.14320501961041487,AAPL
2021-05-26,126.85,0.022850560121407192,0.022851071888908336,0.019183250210850544,0.13850361082242782,2.4990855451799723,0.04671447371328934,4.023873963652275,0.0050000000000000044,0.05,-0.14320501961041487,AAPL
2021-05-27,125.3,0.022947724994612027,0.022841535234874755,0.019260453038044578,0.13878203427693578,2.4276149481282054,0.04671447371328934,4.023873963652275,0.0050000000000000044,0.05,-0.14320501961041487,AAPL
2021-05-28,124.61,0.023020351517090767,0.022932527291231963,0.019318158798158215,0.1389897794737376,2.450461531102751,0.04671447371328934,4.023873963652275,0.0050000000000000044,0.05,-0.14320501961041487,AAPL
2021-06-01,124.31,0.05723152640689827,0.057215624476157245,0.0490798060628536,0.22153962639413655,2.2702653767784753,-0.07431557061416653,2.9361375561976213,0.005,0.05,-0.01,AAPL
2021-06-02,125.08,0.05720558455024479,0.05722892258927459,0.04905791292495663,0.22149020954650936,2.2649819468996424,-0.07431557061416653,2.9361375561976213,0.005,0.05,-0.01,AAPL
2021-06-03,123.54,0.05724375428974632,0.05720002730413398,0.0490901255526633,0.22156291556274327,2.2408981994053097,-0.07431557061416653,2.9361375561976213,0.005,0.05,-0.01,AAPL
2021-06-04,125.88,0.057177687211920146,0.05724619299508049,0.04903436949539188,0.22143705538006028,2.1921235791506377,-0.07431557061416653,2.9361375561976213,0.005,0.05,-0.01,AAPL
2021-06-07,125.9,0.05715876757493957,0.057177292628693976,0.04901840262660105,0.22140099960614687,2.2683606468382065,-0.07431557061416653,2.9361375561976213,0.005,0.05,-0.01,AAPL
2021-06-08,126.74,0.41924359884674556,0.4196621171286097,0.41819932005014776,0.6466833228483225,1.5257303441015795,0.4827431329024962,9.986289341306977,0.4167275034689478,1.623071922171352,-0.01,AAPL
2021-06-09,127.17,0.4189492515954383,0.41914483075379394,0.41802713851485,0.6465501825186116,1.5274811528111683,0.4827431329024962,9.986289341306977,0.4167275034689478,1.623071922171352,-0.01,AAPL
2021-06-10,126.12,0.41955749840166356,0.41886219089792576,0.41838293891207023,0.646825276958214,1.5228043632914234,0.4827431329024962,9.986289341306977,0.4167275034689478,1.623071922171352,-0.01,AAPL
2021-06-11,127.35,0.41883414177727224,0.4194462983869016,0.4179598038102396,0.6464981081258008,1.5244007291674955,0.4827431329024962,9.986289341306977,0.4167275034689478,1.623071922171352,-0.01,AAPL
2021-06-14,130.49,0.4169680738784859,0.41875163071381394,0.41686822767234194,0.6456533339744649,1.490652325420725,0.4827431329024962,9.986289341306977,0.4167275034689478,1.623071922171352,-0.01,AAPL
2021-06-15,129.7,0.016123084065376738,0.016171385080724576,0.01366315118021805,0.11688948276135903,2.520139758561421,-0.49201139341584377,4.3898011488402195,0.005,0.05061494768569256,-0.01,AAPL
2021-06-16,130.13,0.01608820348519444,0.016137285752847674,0.013635984637414191,0.11677321883640183,2.5202988503294175,-0.49201139341584377,4.3898011488402195,0.005,0.05061494768569256,-0.01,AAPL
2021-06-17,131.74,0.01601197897595208,0.016110646546621865,0.013576617609050181,0.11651874359539834,2.3910350177688806,-0.49201139341584377,4.3898011488402195,0.005,0.05061494768569256,-0.01,AAPL
2021-06-18,130.39,0.016040425205331384,0.016036485785207333,0.013598772794084443,0.11661377617624961,2.5636070207458457,-0.49201139341584377,4.3898011488402195,0.005,0.05061494768569256,-0.01,AAPL
2021-06-21,132.27,0.0159802026020243,0.01606778255154495,0.013551868759749258,0.11641249400192945,2.429150599400235,-0.49201139341584377,4.3898011488402195,0.005,0.05061494768569256,-0.01,AAPL
2021-06-22,133.98,0.0048792822969867195,0.0050301424771532766,0.004916725903721279,0.07011936896265737,2.254963204336799,-0.5,6.6782766013269335,0.005,0.05000000877438722,-0.01,AAPL
2021-06-23,133.69,0.004834788253103604,0.004919430135259972,0.00488603279739416,0.06990016307129876,2.568150287369539,-0.5,6.6782766013269335,0.005,0.05000000877438722,-0.01,AAPL
2021-06-24,133.4,0.004829867676540081,0.004876952485346919,0.00488263846038915,0.0698758789596893,2.668310728538877,-0.5,6.6782766013269335,0.005,0.05000000877438722,-0.01,AAPL
2021-06-25,133.14,0.0048454185775982745,0.004872498975828421,0.004893365861587287,0.06995259724690205,2.698693802271934,-0.5,6.6782766013269335,0.005,0.05000000877438722,-0.01,AAPL
2021-06-28,134.75,0.004786678707039838,0.0048869550278141105,0.004852845627071685,0.06966236880175469,2.5175040594281355,-0.5,6.6782766013269335,0.005,0.05000000877438722,-0.01,AAPL
2021-06-29,136.33,0.010070779765892266,0.010164509008973255,0.00878823170879791,0.09374556900887587,2.474957553374901,0.1401793762912959,5.16235752032236,0.005,0.05,-0.01,AAPL
2021-06-30,136.88,0.010011975306358507,0.010077787462250853,0.008744300611706512,0.09351096519503213,2.5557900015538446,0.1401793762912959,5.16235752032236,0.005,0.05,-0.01,AAPL
2021-07-01,137.27,0.009978894626103066,0.010024312482983078,0.008719587000057432,0.09337872884151632,2.597620263429693,0.1401793762912959,5.16235752032236,0.005,0.05,-0.01,AAPL
2021-07-02,139.96,0.009859186514277031,0.009991558991714555,0.00863015656017322,0.09289863594355528,2.321907690791157,0.1401793762912959,5.16235752032236,0.005,0.05,-0.01,AAPL
2021-07-06,141.95,0.009730376003857894,0.009874520237644901,0.008533925983708742,0.09237925082889957,2.26535487712438,0.1401793762912959,5.16235752032236,0.005,0.05,-0.01,AAPL
2021-07-07,144.67,0.005831262975351748,0.0062431716382889135,0.005616437781812805,0.07494289680692097,1.7246129180317769,-0.5,5.300852989430161,0.005,0.05,-0.28471011772792765,AAPL
2021-07-08,143.25,0.005793268718759291,0.005928053966499647,0.005588262467923033,0.07475468191306169,2.5843420879660544,-0.5,5.300852989430161,0.005,0.05,-0.28471011772792765,AAPL
2021-07-09,145.1,0.005653559980291125,0.005887657999437579,0.005484658978540218,0.07405848350148833,2.3774212792232285,-0.5,5.300852989430161,0.005,0.05,-0.28471011772792765,AAPL
2021-07-12,144.58,0.0056453517018452345,0.005755497599011505,0.00547857198428242,0.07401737623208769,2.6245492530070127,-0.5,5.300852989430161,0.005,0.05,-0.28471011772792765,AAPL
2021-07-13,145.69,0.00558002455300238,0.005745631497347858,0.0054301274800534136,0.07368939869515434,2.5386393821582116,-0.5,5.300852989430161,0.005,0.05,-0.28471011772792765,AAPL
2021-07-14,149.29,0.0051126916847486735,0.005217501641936906,0.005290064223539869,0.072732827688327,2.2169960281632637,0.5,9.885006223334026,0.005543013874806199,0.05,-0.01,AAPL
2021-07-15,148.47,0.005101431685099551,0.005131064939405405,0.0052834454317361645,0.07268731272881233,2.6696868520462758,0.5,9.885006223334026,0.005543013874806199,0.05,-0.01,AAPL
2021-07-16,146.34,0.005169024971893021,0.005120267511983911,0.00532317775025794,0.07296011067876707,2.604174924473951,0.5,9.885006223334026,0.005543013874806199,0.05,-0.01,AAPL
2021-07-19,142.53,0.005326444234621641,0.005185209875435248,0.00541571108581399,0.0735915150395342,1.8261414272949166,0.5,9.885006223334026,0.005543013874806199,0.05,-0.01,AAPL
2021-07-20,146.15,0.005324183258340227,0.005336432369631439,0.005414382051023038,0.07358248467551934,2.7031884719895514,0.5,9.885006223334026,0.005543013874806199,0.05,-0.01,AAPL
2021-07-21,145.38,0.0037729072368707464,0.003798842499577404,0.004224621832455339,0.06499709095379068,2.724085839673432,-0.4993721814385913,7.016023970072188,0.005175417416146642,0.0855105919108545,-0.02948797986356989,AAPL
2021-07-22,146.78,0.0037507777057131557,0.0038450085805834533,0.004209619687868652,0.06488158203888568,2.5914555292536874,-0.4993721814385913,7.016023970072188,0.005175417416146642,0.0855105919108545,-0.02948797986356989,AAPL
2021-07-23,148.53,0.0036732448343336716,0.0038229997644521063,0.004157058278484387,0.06447525322543826,2.371418455198479,-0.4993721814385913,7.016023970072188,0.005175417416146642,0.0855105919108545,-0.02948797986356989,AAPL
2021-07-26,148.99,0.0036253975524805464,0.003748389845895872,0.004124621448470738,0.06422321580605209,2.487775462397031,-0.4993721814385913,7.016023970072188,0.005175417416146642,0.0855105919108545,-0.02948797986356989,AAPL
2021-07-27,146.81,0.0037146486892944645,0.0037011790645919973,0.0041851269535116455,0.06469255717245721,2.730697467818751,-0.4993721814385913,7.016023970072188,0.005175417416146642,0.0855105919108545,-0.02948797986356989,AAPL
2021-07-28,144.99,0.004442982214169292,0.004280511382148688,0.004616842142246931,0.06794734830916457,2.5130112032661835,0.04215757121112118,6.733084312956957,0.005,0.05,-0.2962001137955249,AAPL
2021-07-29,145.6,0.004547510229722427,0.004490806514013457,0.00468874420988879,0.06847440550956825,2.698977320624543,0.04215757121112118,6.733084312956957,0.005,0.05,-0.2962001137955249,AAPL
2021-07-30,145.95,0.004602751334617113,0.004591069767911904,0.0047267431103723626,0.06875131351743298,2.7208291585484887,0.04215757121112118,6.733084312956957,0.005,0.05,-0.2962001137955249,AAPL
2021-08-02,145.54,0.004680966186166406,0.004645768963428054,0.004780545045833737,0.06914148570745163,2.709979940332385,0.04215757121112118,6.733084312956957,0.005,0.05,-0.2962001137955249,AAPL
2021-08-03,147.33,0.004625908902762389,0.004721168056221359,0.004742672591309998,0.06886706463404693,2.647003690458428,0.04215757121112118,6.733084312956957,0.005,0.05,-0.2962001137955249,AAPL
2021-08-04,146.95,0.0035521574682930014,0.003621296790129236,0.004425469285523165,0.06652420075072804,2.6834270429115263,-0.5,9.620884871851406,0.00571037197236498,0.05,-0.36837810956285255,AAPL
2021-08-05,147.03,0.0035750090520305267,0.0036370076810499086,0.004439074078414482,0.06662637674685966,2.6940601512473763,-0.5,9.620884871851406,0.00571037197236498,0.05,-0.36837810956285255,AAPL
2021-08-06,146.1,0.003656943021814583,0.0036589603215588795,0.0044878538348847126,0.0669914459829366,2.7379291315037313,-0.5,9.620884871851406,0.00571037197236498,0.05,-0.36837810956285255,AAPL
2021-08-09,146.12,0.0037193335268244842,0.0037377599035153253,0.004524998301928831,0.06726810761370376,2.733738203667953,-0.5,9.620884871851406,0.00571037197236498,0.05,-0.36837810956285255,AAPL
2021-08-10,145.61,0.0037989732464878997,0.003797843371444287,0.004572412166297633,0.06761961376921369,2.736511510183222,-0.5,9.620884871851406,0.00571037197236498,0.05,-0.36837810956285255,AAPL
2021-08-11,145.91,0.005144444345876287,0.005121406393300276,0.005087284506441861,0.07132520246337798,2.6912540357296852,0.48890812629813923,9.314598076155653,0.005,0.06899110545291727,-0.01,AAPL
2021-08-12,148.88,0.005075665983183805,0.005141712894555894,0.005045723271178044,0.0710332546852391,2.546225972998341,0.48890812629813923,9.314598076155653,0.005,0.06899110545291727,-0.01,AAPL
2021-08-13,149.1,0.005039942128103578,0.005075439101574375,0.005024136139885629,0.07088114093244852,2.662502024586872,0.48890812629813923,9.314598076155653,0.005,0.06899110545291727,-0.01,AAPL
2021-08-16,151.13,0.004970704069144241,0.005041102145469267,0.004982297120389261,0.07058538885909223,2.5232452383660977,0.48890812629813923,9.314598076155653,0.005,0.06899110545291727,-0.01,AAPL
2021-08-17,150.17,0.004970400728615378,0.004974438972567441,0.004982113818452554,0.07058409040607205,2.7107321709583894,0.48890812629813923,9.314598076155653,0.005,0.06899110545291727,-0.01,AAPL
2021-08-18,146.37,0.05584951816527662,0.040501581268472364,0.08116891477813444,0.2849015878827888,2.1690777287556644,-0.21434636211615776,9.30669844445868,0.1198699204143127,1.4937156189786522,-0.6632840875393884,AAPL
2021-08-19,146.69,0.06115925609895967,0.05821483312865894,0.08437870713305816,0.29048013207973133,2.3868956371108387,-0.21434636211615776,9.30669844445868,0.1198699204143127,1.4937156189786522,-0.6632840875393884,AAPL
2021-08-20,148.19,0.05665587176963068,0.06332877064960485,0.08165636400198446,0.2857557768479659,2.264530376933754,-0.21434636211615776,9.30669844445868,0.1198699204143127,1.4937156189786522,-0.6632840875393884,AAPL
2021-08-23,149.67,0.049621878807560534,0.058991428562876536,0.07740424137065544,0.2782161774064467,2.210518847065944,-0.21434636211615776,9.30669844445868,0.1198699204143127,1.4937156189786522,-0.6632840875393884,AAPL
2021-08-24,149.63,0.04960045935970792,0.05221771648575668,0.07739129308943653,0.2781929062529031,2.276846669906312,-0.21434636211615776,9.30669844445868,0.1198699204143127,1.4937156189786522,-0.6632840875393884,AAPL
2021-08-25,148.36,0.005113574695177834,0.005076652893421851,0.005066393018034472,0.07117859943855648,2.649352158173355,0.5,10.0,0.005,0.05,-0.010000000008604015,AAPL
2021-08-26,147.53,0.005161553727988283,0.005110432683977706,0.00509444039941351,0.07137534868155468,2.593223951572848,0.5,10.0,0.005,0.05,-0.010000000008604015,AAPL
2021-08-27,148.59,0.005164963786344904,0.005156493849881372,0.005096433836997606,0.07138931178403113,2.707391332113158,0.5,10.0,0.005,0.05,-0.010000000008604015,AAPL
2021-08-30,153.09,0.0050541216069162525,0.005159780421763571,0.005031638181536997,0.07093404106306786,2.2060441103698736,0.5,10.0,0.005,0.05,-0.010000000008604015,AAPL
2021-08-31,151.82,0.00503424578162697,0.0050533433811779105,0.005020019255113157,0.07085209421825975,2.693233357535894,0.5,10.0,0.005,0.05,-0.010000000008604015,AAPL
2021-09-01,152.54,0.005012680787208049,0.005034460876004232,0.0050074128812978725,0.07076307569133689,2.6894462388766796,0.4999999999999604,9.99999999999961,0.005,0.05000000000007715,-0.010000000000037191,AAPL
2021-09-02,153.71,0.0049482520770460494,0.004983290516520356,0.004969749416658803,0.07049644967414177,2.656877735098594,0.4999999999999604,9.99999999999961,0.005,0.05000000000007715,-0.010000000000037191,AAPL
2021-09-03,154.31,0.0049228483377353255,0.004950523539264395,0.004954899005486146,0.07039104350331898,2.6781725746904343,0.4999999999999604,9.99999999999961,0.005,0.05000000000007715,-0.010000000000037191,AAPL
2021-09-07,156.7,0.004856674256590935,0.004926036805954936,0.004916215239212727,0.07011572747403201,2.4980361839505094,0.4999999999999604,9.99999999999961,0.005,0.05000000000007715,-0.010000000000037191,AAPL
2021-09-08,155.12,0.004870878346614543,0.004862079096255911,0.0049245186064691745,0.07017491436738042,2.710052142460625,0.4999999999999604,9.99999999999961,0.005,0.05000000000007715,-0.010000000000037191,AAPL
2021-09-09,154.12,0.004915115226191104,0.004876170569104943,0.004950378415636321,0.07035892562878089,2.64707159504706,0.5,10.0,0.005,0.05,-0.01,AAPL
2021-09-10,149.02,0.005083915250586825,0.004918251804156171,0.005049054824552729,0.0710567014753199,1.5002182645354047,0.5,10.0,0.005,0.05,-0.01,AAPL
2021-09-13,149.62,0.0051674859915085075,0.005080792009948709,0.005097908257093135,0.0713996376537944,2.381942628084989,0.5,10.0,0.005,0.05,-0.01,AAPL
2021-09-14,148.24,0.005255336801831069,0.00516083031970993,0.00514926371461786,0.07175837034533225,2.3161297984040443,0.5,10.0,0.005,0.05,-0.01,AAPL
2021-09-15,149.1,0.005283622610912866,0.00524522511750547,0.005165798914026028,0.07187349242958789,2.644611336503594,0.5,10.0,0.005,0.05,-0.01,AAPL
2021-09-16,148.85,0.005240272350526986,0.005201065819164796,0.005170472330551978,0.07190599648535564,2.67123402381861,0.3056632547198962,9.999834043820446,0.00507224939530763,0.31850134478848574,-0.010345289465678222,AAPL
2021-09-17,146.01,0.005363385664239959,0.0052337730191993614,0.005242441967229059,0.0724047095652559,2.2771148146485998,0.3056632547198962,9.999834043820446,0.00507224939530763,0.31850134478848574,-0.010345289465678222,AAPL
2021-09-20,143.0,0.005540456048706287,0.005351832066025963,0.005345953852759354,0.07311603006700619,1.7893793744090907,0.3056632547198962,9.999834043820446,0.00507224939530763,0.31850134478848574,-0.010345289465678222,AAPL
2021-09-21,143.41,0.005619799812493295,0.00552193778412402,0.005392336666121491,0.07343253138848947,2.459156810867027,0.3056632547198962,9.999834043820446,0.00507224939530763,0.31850134478848574,-0.010345289465678222,AAPL
2021-09-22,145.8,0.0055732833690786705,0.005597958511316392,0.00536514406256713,0.07324714371610083,2.6888621364912235,0.3056632547198962,9.999834043820446,0.00507224939530763,0.31850134478848574,-0.010345289465678222,AAPL
2021-09-23,146.75,0.0061490903808171515,0.0061978126645954035,0.005921121488943157,0.07694882383079782,2.649757766045048,0.34012517749146837,9.914260621358645,0.005597123477286535,0.33314061117879074,-0.020259153796634333,AAPL
2021-09-24,146.93,0.006101606903003736,0.0061275925165773515,0.0058932492518585025,0.07676750127403198,2.680427867296743,0.34012517749146837,9.914260621358645,0.005597123477286535,0.33314061117879074,-0.020259153796634333,AAPL
2021-09-27,145.38,0.00614080885107381,0.006081578362000073,0.005916260329418637,0.07691723038057621,2.6298299827567635,0.34012517749146837,9.914260621358645,0.005597123477286535,0.33314061117879074,-0.020259153796634333,AAPL
2021-09-28,141.96,0.006306849399369637,0.006119541168345677,0.00601372415769913,0.07754820538026093,2.0574864118399967,0.34012517749146837,9.914260621358645,0.005597123477286535,0.33314061117879074,-0.020259153796634333,AAPL
2021-09-29,142.84,0.006352422942754233,0.006279116750647518,0.006040475285975677,0.07772049463285523,2.5967571179712996,0.34012517749146837,9.914260621358645,0.005597123477286535,0.33314061117879074,-0.020259153796634333,AAPL
2021-09-30,141.3,0.005464988805974253,0.0053785177169629605,0.005279266060513971,0.07265855806795213,2.491725207845755,0.14615762076461405,9.440482724485868,0.005,0.12066495894682694,-0.027407310024486643,AAPL
2021-10-01,142.6,0.0054540886550500335,0.005447774229423885,0.0052727195755910995,0.07261349444553057,2.7051930126175128,0.14615762076461405,9.440482724485868,0.005,0.12066495894682694,-0.027407310024486643,AAPL
2021-10-04,139.19,0.005563065985752255,0.005437418706378594,0.005338169903511946,0.07306278056241731,2.248428047799845,0.14615762076461405,9.440482724485868,0.005,0.12066495894682694,-0.027407310024486643,AAPL
2021-10-05,141.08,0.005548743964687214,0.005541771285152208,0.005329568289128881,0.07300389228752725,2.7036064132031177,0.14615762076461405,9.440482724485868,0.005,0.12066495894682694,-0.027407310024486643,AAPL
2021-10-06,142.0,0.005503365931425242,0.005528584412331838,0.0053023148490027455,0.07281699560544053,2.685253431789653,0.14615762076461405,9.440482724485868,0.005,0.12066495894682694,-0.027407310024486643,AAPL
2021-10-07,143.29,0.006940607938214411,0.007001329932109002,0.006681783394325236,0.08174217634933166,2.6067188319635965,0.2706897115120628,9.871545645644241,0.006312094922563531,0.3530159461516642,-0.014469672780537644,AAPL
2021-10-08,142.99,0.006902055586734415,0.006916155829685522,0.0066591070780890466,0.08160335212532048,2.6762453842361458,0.2706897115120628,9.871545645644241,0.006312094922563531,0.3530159461516642,-0.014469672780537644,AAPL
2021-10-11,142.8,0.006885372824417961,0.006879013189518446,0.006649294353846341,0.08154320544255261,2.680481678529302,0.2706897115120628,9.871545645644241,0.006312094922563531,0.3530159461516642,-0.014469672780537644,AAPL
2021-10-12,141.48,0.006926743444953585,0.006863027818326373,0.006673628363008919,0.08169227847850076,2.601806362540933,0.2706897115120628,9.871545645644241,0.006312094922563531,0.3530159461516642,-0.014469672780537644,AAPL
2021-10-13,140.96,0.0069648846768200386,0.006902955710074821,0.006696062860574918,0.08182947427776203,2.6067828142820058,0.2706897115120628,9.871545645644241,0.006312094922563531,0.3530159461516642,-0.014469672780537644,AAPL
2021-10-14,143.75,0.005438548576182079,0.005504038835852043,0.005256369877036515,0.07250082673346915,2.5859858043085913,0.20970638504160394,9.999594090054641,0.005,0.29831539561187514,-0.01,AAPL
2021-10-15,144.83,0.00535087914693054,0.005421255087412646,0.005205119452299651,0.0721465137917256,2.5674067156903635,0.20970638504160394,9.999594090054641,0.005,0.29831539561187514,-0.01,AAPL
2021-10-18,146.54,0.005242467413008451,0.005337060104920965,0.005141743342093373,0.07170595053475948,2.4580563722972535,0.20970638504160394,9.999594090054641,0.005,0.29831539561187514,-0.01,AAPL
2021-10-19,148.78,0.005107117419952798,0.005232897177165796,0.005062619470848232,0.0711520869043785,2.270274211223403,0.20970638504160394,9.999594090054641,0.005,0.29831539561187514,-0.01,AAPL
2021-10-20,149.34,0.005016894573011507,0.005102807403773113,0.005009876350855478,0.07078048001289253,2.5047986239625395,0.20970638504160394,9.999594090054641,0.005,0.29831539561187514,-0.01,AAPL
2021-10-21,149.46,0.004495673176662429,0.004622761803830144,0.004704245810096907,0.06858750476651639,2.629184953036164,0.062247312212987495,9.933923534802936,0.005,0.09265314259966856,-0.349834243231936,AAPL
2021-10-22,148.69,0.0045064699257065235,0.004515620016263711,0.0047105773864068706,0.06863364616867496,2.7166640950809415,0.062247312212987495,9.933923534802936,0.005,0.09265314259966856,-0.349834243231936,AAPL
2021-10-25,148.65,0.004526543320354517,0.0045259566732056555,0.0047223490993081076,0.06871935025382667,2.7197023308632406,0.062247312212987495,9.933923534802936,0.005,0.09265314259966856,-0.349834243231936,AAPL
2021-10-26,149.26,0.0045015786494362955,0.004545250579667481,0.004707708977700548,0.06861274646667737,2.7098310247089326,0.062247312212987495,9.933923534802936,0.005,0.09265314259966856,-0.349834243231936,AAPL
2021-10-27,148.85,0.004530087316515979,0.004521305709886292,0.0047244274177025486,0.06873447037478755,2.7200340181898386,0.062247312212987495,9.933923534802936,0.005,0.09265314259966856,-0.349834243231936,AAPL
2021-10-28,152.48,0.005161762021351914,0.005237931752617442,0.005094562162672714,0.0713762016548423,2.4426499147015353,0.5,10.0,0.005,0.05000001920859942,-0.010000009259529978,AAPL
2021-10-29,149.8,0.005189533075935867,0.005155184053819539,0.005110796449059675,0.07148983458548268,2.6543474462715464,0.5,10.0,0.005,0.05000001920859942,-0.010000009259529978,AAPL
2021-11-01,148.98,0.005231087609840887,0.00518222397727186,0.005135088223866115,0.07165952988867647,2.6002101417517665,0.5,10.0,0.005,0.05000001920859942,-0.010000009259529978,AAPL
2021-11-02,150.0,0.005230321788121429,0.005221712408911117,0.005134640543023552,0.07165640615481321,2.7058932567239915,0.5,10.0,0.005,0.05000001920859942,-0.010000009259529978,AAPL
2021-11-03,151.48,0.005195169060568329,0.005221211231400957,0.0051140911092721385,0.07151287373104327,2.6779025181563023,0.5,10.0,0.005,0.05000001920859942,-0.010000009259529978,AAPL
2021-11-04,150.96,0.003945437675103826,0.0039915690750831345,0.004383528387632711,0.06620821994007021,2.7236599695371546,0.0697036635814661,9.99999999848312,0.005,0.21312046435644275,-0.3125121078862391,AAPL
2021-11-05,151.24,0.003931514465737084,0.0039874668329957785,0.004375389216409722,0.06614672491068414,2.7229146629822196,0.0697036635814661,9.99999999848312,0.005,0.21312046435644275,-0.3125121078862391,AAPL
2021-11-08,150.44,0.0040427974099599044,0.003974115382561649,0.004440442532306225,0.06663664556613144,2.7199211575688524,0.0697036635814661,9.99999999848312,0.005,0.21312046435644275,-0.3125121078862391,AAPL
2021-11-09,150.83,0.0040791398294344975,0.004080834908677389,0.004461687431163233,0.06679586387766262,2.73077330589467,0.0697036635814661,9.99999999848312,0.005,0.21312046435644275,-0.3125121078862391,AAPL
2021-11-10,147.94,0.004473321609203142,0.00411562271767707,0.004692116559535242,0.06849902597508406,2.447255030990225,0.0697036635814661,9.99999999848312,0.005,0.21312046435644275,-0.3125121078862391,AAPL
2021-11-11,147.87,0.005021305921583355,0.004838420763462636,0.0050127832588512415,0.07080101170782266,2.6042528833493033,0.13048588487816853,9.461067849228161,0.005,0.22605189190314517,-0.19276120276441372,AAPL
2021-11-12,149.99,0.004927666659033931,0.005020909447694066,0.00495660099388206,0.07040313198915273,2.687837968442134,0.13048588487816853,9.461067849228161,0.005,0.22605189190314517,-0.19276120276441372,AAPL
2021-11-15,150.0,0.00488261479114634,0.0049304732281143515,0.004929570495028213,0.07021090011549641,2.7062273017840255,0.13048588487816853,9.461067849228161,0.005,0.22605189190314517,-0.19276120276441372,AAPL
2021-11-16,151.0,0.004768651524694581,0.004887129775624999,0.004861194108262387,0.06972226407871726,2.6680820545459825,0.13048588487816853,9.461067849228161,0.005,0.22605189190314517,-0.19276120276441372,AAPL
2021-11-17,153.65,0.004459567585084217,0.004777583811346631,0.004675748010972347,0.06837944143507131,2.384806592344559,0.13048588487816853,9.461067849228161,0.005,0.22605189190314517,-0.19276120276441372,AAPL
2021-11-18,157.89,0.00462536427027832,0.0048095621280026535,0.0047809970194332245,0.06914475409915943,1.606881066599514,0.09188869259479261,9.999999999045272,0.005,0.05,-0.06582134699520528,AAPL
2021-11-19,160.56,0.004457831815680156,0.004640248865371177,0.004683061601137903,0.06843289852942007,1.6289520409207128,0.09188869259479261,9.999999999045272,0.005,0.05,-0.06582134699520528,AAPL
2021-11-22,161.13,0.004359597079473304,0.004479491339907327,0.004625635951853265,0.0680120279939752,2.248626345215881,0.09188869259479261,9.999999999045272,0.005,0.05,-0.06582134699520528,AAPL
2021-11-23,161.42,0.004308846455468704,0.004385058758316518,0.004595968365339592,0.06779357171103756,2.531439696040497,0.09188869259479261,9.999999999045272,0.005,0.05,-0.06582134699520528,AAPL
2021-11-24,161.98,0.004276964538159821,0.004336092915536938,0.0045773309680950305,0.06765597511007458,2.6093458680557355,0.09188869259479261,9.999999999045272,0.005,0.05,-0.06582134699520528,AAPL
2021-11-26,156.81,0.004187313060913085,0.003990645438648244,0.004524922884250673,0.06726754703607582,2.224340578229481,0.1674128006618109,9.99999999844855,0.005,0.05,-0.3210146841629189,AAPL
2021-11-29,160.24,0.004177910035977155,0.004219656216264411,0.004519426103447355,0.0672266770222012,2.7071595365565493,0.1674128006618109,9.99999999844855,0.005,0.05,-0.3210146841629189,AAPL
2021-11-30,165.45,0.0039492560568781115,0.004210743030853337,0.00438576052120356,0.06622507471648152,1.8462466707482172,0.1674128006618109,9.99999999844855,0.005,0.05,-0.3210146841629189,AAPL
2021-12-01,164.68,0.0038773946566455554,0.0039911651584816354,0.004343752085834157,0.0659071474563583,2.560849300229937,0.1674128006618109,9.99999999844855,0.005,0.05,-0.3210146841629189,AAPL
2021-12-02,163.8,0.0039008363065050075,0.003922050279470568,0.0043574555070016565,0.06601102564724817,2.7235282359050137,0.1674128006618109,9.99999999844855,0.005,0.05,-0.3210146841629189,AAPL
2021-12-03,161.87,0.004143414246216871,0.004085330100338069,0.004499092429674069,0.06707527435407229,2.6550285122799875,0.07387485249272706,9.992998419763842,0.005,0.3083577169704311,-0.017065317955524614,AAPL
2021-12-06,165.25,0.00409309561243309,0.004177435466090174,0.004469667489462962,0.06685557186549945,2.574005790843628,0.07387485249272706,9.992998419763842,0.005,0.3083577169704311,-0.017065317955524614,AAPL
2021-12-07,171.18,0.0038760217042215143,0.004129267974121831,0.004342728693827862,0.06589938310658046,1.3354802863267206,0.07387485249272706,9.992998419763842,0.005,0.3083577169704311,-0.017065317955524614,AAPL
2021-12-08,175.14,0.003640562709407238,0.003920760689766212,0.004205038809910337,0.0648462705936921,1.0203282422085203,0.07387485249272706,9.992998419763842,0.005,0.3083577169704311,-0.017065317955524614,AAPL
2021-12-09,174.52,0.0035517952361067387,0.003694405859391736,0.0041531300556746425,0.06444478299811895,2.285936015007313,0.07387485249272706,9.992998419763842,0.005,0.3083577169704311,-0.017065317955524614,AAPL
2021-12-10,179.5,0.003959984445500215,0.0041620794468144595,0.004390114106243416,0.06625793617555119,1.6460096999752576,0.4118560951904527,9.934406740172852,0.005,0.296127636929746,-0.01000000203138067,AAPL
2021-12-13,175.89,0.003998358995786645,0.00400106214351581,0.004412617708999821,0.06642753727935291,2.7262741859104973,0.4118560951904527,9.934406740172852,0.005,0.296127636929746,-0.01000000203138067,AAPL
2021-12-14,174.32,0.004092546531124627,0.004037863569919864,0.004467851160962916,0.06684198651269213,2.6510022945828475,0.4118560951904527,9.934406740172852,0.005,0.296127636929746,-0.01000000203138067,AAPL
2021-12-15,179.33,0.00401852708487078,0.004128601371803597,0.004424444679263123,0.06651649930102398,2.415254183083488,0.4118560951904527,9.934406740172852,0.005,0.296127636929746,-0.01000000203138067,AAPL
2021-12-16,172.29,0.004214841312632511,0.004057377483718483,0.004539567263475994,0.06737631084792335,2.0880166413057317,0.4118560951904527,9.934406740172852,0.005,0.296127636929746,-0.01000000203138067,AAPL
2021-12-17,170.91,0.0022871408251908263,0.0020344941660255245,0.003414128183781899,0.05843054153250592,2.2852412468151417,0.13883541488508744,10.0,0.005,0.05,-0.95,AAPL
2021-12-20,169.84,0.0026364764553525166,0.0023947780331354807,0.0036183413384559466,0.06015265030284157,2.3523253759784906,0.13883541488508744,10.0,0.005,0.05,-0.95,AAPL
2021-12-21,172.96,0.002698322315253519,0.0027303699721414887,0.0036544949313433,0.060452418738569096,2.7607128262552028,0.13883541488508744,10.0,0.005,0.05,-0.95,AAPL
2021-12-22,175.6,0.0025993395710724415,0.002789833575434386,0.003596632014703059,0.059971926888362184,2.5479575407540995,0.13883541488508744,10.0,0.005,0.05,-0.95,AAPL
2021-12-23,176.29,0.002531763926196593,0.0026946157914835567,0.0035571289281932667,0.05964167107143517,2.610428701978344,0.13883541488508744,10.0,0.005,0.05,-0.95,AAPL
2021-12-27,180.33,0.004125935000951587,0.004287418900958073,0.004487704444569485,0.06699033097820524,2.1339801469039044,0.31069760417580683,9.945519413570613,0.005,0.26510477650007647,-0.020160652845880266,AAPL
2021-12-28,179.39,0.0041028738223283946,0.004160484828162225,0.00447418812790595,0.06688937230910416,2.6494477148751914,0.31069760417580683,9.945519413570613,0.005,0.26510477650007647,-0.020160652845880266,AAPL
2021-12-29,179.37,0.004112254153496377,0.0041383632535598736,0.004479686005033001,0.06693045648307652,2.7110645172916383,0.31069760417580683,9.945519413570613,0.005,0.26510477650007647,-0.020160652845880266,AAPL
2021-12-30,178.39,0.004170099686569469,0.004147385408487025,0.004513589672983457,0.06718325440899285,2.7157173269161285,0.31069760417580683,9.945519413570613,0.005,0.26510477650007647,-0.020160652845880266,AAPL
2021-12-31,177.58,0.004248996735363858,0.004202807767114791,0.004559831780238586,0.06752652649321292,2.6791088139061827,0.31069760417580683,9.945519413570613,0.005,0.26510477650007647,-0.020160652845880266,AAPL
2022-01-03,181.96,0.004454166556129541,0.004546525456134987,0.0046397818300200335,0.0681159440220866,2.5219892943948086,0.5,7.5428299304741495,0.005,0.05,-0.01,AAPL
2022-01-04,179.72,0.00449515986366545,0.004468915055213074,0.00466683501700928,0.06831423729362189,2.704768076194528,0.5,7.5428299304741495,0.005,0.05,-0.01,AAPL
2022-01-05,174.86,0.004691440298807778,0.0045128022584322025,0.004796368631967875,0.06925582020283837,1.9719967702885097,0.5,7.5428299304741495,0.005,0.05,-0.01,AAPL
2022-01-06,172.0,0.004908778954726643,0.004702477893260948,0.0049397994418241865,0.07028370680196219,1.721028558109106,0.5,7.5428299304741495,0.005,0.05,-0.01,AAPL
2022-01-07,172.13,0.0050369799651625215,0.004911020238068886,0.00502440461559539,0.07088303475159194,2.344365502290214,0.5,7.5428299304741495,0.005,0.05,-0.01,AAPL
2022-01-10,172.17,0.006292442674952919,0.006225380855994445,0.0063575212149110175,0.07973406558624123,2.6014600026222383,0.27593916871558316,9.99941383278069,0.006449104505152247,0.3591301975169886,-0.012894347950544668,AAPL
2022-01-11,175.0,0.006248909721423475,0.006298850594930627,0.006332072188092728,0.07957431864673883,2.641148385150875,0.27593916871558316,9.99941383278069,0.006449104505152247,0.3591301975169886,-0.012894347950544668,AAPL
2022-01-12,175.56,0.0062175054001792785,0.006256875896951897,0.006313713465590402,0.07945887908591714,2.6594241049334806,0.27593916871558316,9.99941383278069,0.006449104505152247,0.3591301975169886,-0.012894347950544668,AAPL
2022-01-13,172.3,0.006317696544539203,0.006226706186907904,0.0063722844311015344,0.07982658974991688,2.5162067112249815,0.27593916871558316,9.99941383278069,0.006449104505152247,0.3591301975169886,-0.012894347950544668,AAPL
2022-01-14,173.1,0.006352675172254849,0.006322983266272786,0.006392732665430509,0.07995456625753472,2.6738271940969005,0.27593916871558316,9.99941383278069,0.006449104505152247,0.3591301975169886,-0.012894347950544668,AAPL
2022-01-17,173.07,0.005021716328605497,0.004992766650957492,0.005012696102599627,0.07080039620369102,2.6946009169523566,0.3468879653107937,9.997927594162448,0.005,0.3141357256686341,-0.015465924377407686,AAPL
2022-01-18,169.85,0.005150396586490609,0.005021058947249912,0.005087926947846752,0.07132970592850325,2.3319827695145525,0.3468879653107937,9.997927594162448,0.005,0.3141357256686341,-0.015465924377407686,AAPL
2022-01-19,166.22,0.005346886151184849,0.005144577170312914,0.005202801414817318,0.07213044721071205,1.7800744787556004,0.3468879653107937,9.997927594162448,0.005,0.3141357256686341,-0.015465924377407686,AAPL
2022-01-20,164.52,0.005513721239036328,0.005333330260782532,0.005300338868364784,0.0728034262130896,1.970694240762643,0.3468879653107937,9.997927594162448,0.005,0.3141357256686341,-0.015465924377407686,AAPL
2022-01-21,162.4,0.005675845636003338,0.005493475824096095,0.005395122292174036,0.07345149618744357,1.953188811203332,0.3468879653107937,9.997927594162448,0.005,0.3141357256686341,-0.015465924377407686,AAPL
2022-01-24,162.09,0.005404305734074115,0.005346708339857287,0.005505706616960183,0.07420044889999106,2.5638775076226414,-0.4813300473309097,9.999999999893127,0.00564839570844358,0.05910159758173458,-0.01,AAPL
2022-01-25,160.03,0.0054895123926280865,0.0054137240713316714,0.005555516367355746,0.07453533636709334,2.452508257768748,-0.4813300473309097,9.999999999893127,0.00564839570844358,0.05910159758173458,-0.01,AAPL
2022-01-26,159.69,0.005538734098158976,0.005495356308983901,0.005584290185131788,0.07472810840059976,2.6219142297506997,-0.4813300473309097,9.999999999893127,0.00564839570844358,0.05910159758173458,-0.01,AAPL
2022-01-27,159.08,0.005575168083897533,0.005543363677134039,0.00560558861140916,0.07487047890463343,2.659146706276447,-0.4813300473309097,9.999999999893127,0.00564839570844358,0.05910159758173458,-0.01,AAPL
2022-01-28,170.31,0.005321672886621369,0.005578595048064017,0.00545740145424231,0.07387422726663413,-0.31272632743988726,-0.4813300473309097,9.999999999893127,0.00564839570844358,0.05910159758173458,-0.01,AAPL
2022-01-31,174.58,0.0055847486511430115,0.005935091672427006,0.005474299039935918,0.07398850613396596,0.5623173592363573,0.30520061702167167,9.993325180845698,0.005318756868353511,0.32604262924535393,-0.02321601821516208,AAPL
2022-02-01,174.54,0.005392293217696682,0.005574393362621777,0.005361758209775141,0.07322402754407287,2.1130621603436532,0.30520061702167167,9.993325180845698,0.005318756868353511,0.32604262924535393,-0.02321601821516208,AAPL
2022-02-02,175.77,0.005252616181838559,0.0053894528498403815,0.005280080237434321,0.07266416061191597,2.368475743337005,0.30520061702167167,9.993325180845698,0.005318756868353511,0.32604262924535393,-0.02321601821516208,AAPL
2022-02-03,173.0,0.005286314357055127,0.005255356182260584,0.005299785685837956,0.07279962696221702,2.687147035102582,0.30520061702167167,9.993325180845698,0.005318756868353511,0.32604262924535393,-0.02321601821516208,AAPL
2022-02-04,172.38,0.005335305823371971,0.005287670287543733,0.005328434086100601,0.07299612377448957,2.666668894653893,0.30520061702167167,9.993325180845698,0.005318756868353511,0.32604262924535393,-0.02321601821516208,AAPL
2022-02-07,171.67,0.006217841129452938,0.006166846392488878,0.006202563476825993,0.07875635515198753,2.6328699193605374,0.2810437124430758,9.913233152284876,0.006180847701764638,0.3494736738954089,-0.010054625147753795,AAPL
2022-02-08,174.81,0.006152445607899108,0.006216492951125474,0.006164175186666763,0.07851226137786864,2.597560827628813,0.2810437124430758,9.913233152284876,0.006180847701764638,0.3494736738954089,-0.010054625147753795,AAPL
2022-02-09,176.22,0.00608096622327724,0.006153700508775728,0.006122215564783346,0.07824458808622707,2.5692770017989788,0.2810437124430758,9.913233152284876,0.006180847701764638,0.3494736738954089,-0.010054625147753795,AAPL
2022-02-10,172.33,0.006171896530000766,0.006084946349119491,0.00617559321077241,0.07858494264661908,2.5165789503663922,0.2810437124430758,9.913233152284876,0.006180847701764638,0.3494736738954089,-0.010054625147753795,AAPL
2022-02-11,168.43,0.006350151891685027,0.006172277152018069,0.006280232158274975,0.0792479157976724,1.9537930694057641,0.2810437124430758,9.913233152284876,0.006180847701764638,0.3494736738954089,-0.010054625147753795,AAPL
2022-02-14,169.12,0.0053733976404165265,0.00528878485374662,0.005218302881811418,0.07223782168512156,2.5091051747424395,0.3998756366225565,9.99774136920449,0.005,0.28328328463595603,-0.01000000038597607,AAPL
2022-02-15,172.79,0.005306934175798361,0.005358726480380938,0.005179445737869289,0.07196836623037436,2.6329890316905504,0.3998756366225565,9.99774136920449,0.005,0.28328328463595603,-0.01000000038597607,AAPL
2022-02-16,172.61,0.0052785540045907605,0.005294679695907689,0.00516285357849193,0.07185299978770497,2.6995911775085744,0.3998756366225565,9.99774136920449,0.005,0.28328328463595603,-0.01000000038597607,AAPL
2022-02-17,168.95,0.0053733991736930236,0.005267611377803405,0.005218303778224898,0.07223782788972062,2.390373883940826,0.3998756366225565,9.99774136920449,0.005,0.28328328463595603,-0.01000000038597607,AAPL
2022-02-18,167.6,0.005466278988986919,0.0053586867898047785,0.005272604955163648,0.07261270519105902,2.3793112085624086,0.3998756366225565,9.99774136920449,0.005,0.28328328463595603,-0.01000000038597607,AAPL
2022-02-21,167.3,0.005531004549138303,0.005460964908706956,0.0053104941387821115,0.07287313729202353,2.521535338116206,0.47332259295419704,9.994513801650113,0.005,0.05000023396051031,-0.04318130779025614,AAPL
2022-02-22,164.34,0.005634498123763231,0.0055099946721384185,0.005371009907196517,0.07328717423394435,2.1206095325451617,0.47332259295419704,9.994513801650113,0.005,0.05000023396051031,-0.04318130779025614,AAPL
2022-02-23,160.15,0.005798676648404077,0.005609598943465244,0.005467009969150035,0.07393923159696775,1.352316076316314,0.47332259295419704,9.994513801650113,0.005,0.05000023396051031,-0.04318130779025614,AAPL
2022-02-24,162.77,0.005811105473024715,0.005767007965914672,0.005474277472230604,0.07398836038344547,2.628882103652149,0.47332259295419704,9.994513801650113,0.005,0.05000023396051031,-0.04318130779025614,AAPL
2022-02-25,164.82,0.005757934662627226,0.005778895036883114,0.005443186919410471,0.07377795686660393,2.683644348470814,0.47332259295419704,9.994513801650113,0.005,0.05000023396051031,-0.04318130779025614,AAPL
2022-02-28,164.95,0.00804502327076572,0.008280902729893569,0.008521638177894007,0.09231271948054616,2.59719625127168,-0.4568368973640668,9.778984398218702,0.00920984015198735,0.07045737260539302,-0.9021433684651333,AAPL
2022-03-01,163.18,0.008182764575993599,0.008090290795962574,0.008603019071062899,0.09275246126687366,2.6522763998611634,-0.4568368973640668,9.778984398218702,0.00920984015198735,0.07045737260539302,-0.9021433684651333,AAPL
2022-03-02,166.47,0.0077556985907018955,0.00822241659352585,0.00835069816218525,0.0913821545061466,2.4109943665400753,-0.4568368973640668,9.778984398218702,0.00920984015198735,0.07045737260539302,-0.9021433684651333,AAPL
2022-03-03,166.28,0.007553541767145523,0.00781226081812747,0.008231259023475289,0.09072628628724581,2.586444780788332,-0.4568368973640668,9.778984398218702,0.00920984015198735,0.07045737260539302,-0.9021433684651333,AAPL
2022-03-04,163.16,0.007884791021913947,0.007617785362299401,0.008426969091490008,0.09179852445159457,2.5826458517655833,-0.4568368973640668,9.778984398218702,0.00920984015198735,0.07045737260539302,-0.9021433684651333,AAPL
2022-03-07,159.31,0.006990726782453812,0.006327831386897742,0.00616394809221793,0.07851081512898672,1.9343617314178112,0.1451943835368054,9.996107338167583,0.005,0.30330429903458206,-0.19019419408781058,AAPL
2022-03-08,157.47,0.007522710836051191,0.0069117411778734095,0.006474991189509157,0.08046732995141044,2.0581613223446436,0.1451943835368054,9.996107338167583,0.005,0.30330429903458206,-0.19019419408781058,AAPL
2022-03-09,162.98,0.007068850711467796,0.007422828618700805,0.006209625981787644,0.07880118007864885,2.4847468115772777,0.1451943835368054,9.996107338167583,0.005,0.30330429903458206,-0.19019419408781058,AAPL
2022-03-10,158.34,0.007413899126855076,0.006986932338122642,0.00641137061513095,0.08007103480741928,2.406081782893656,0.1451943835368054,9.996107338167583,0.005,0.30330429903458206,-0.19019419408781058,AAPL
2022-03-11,154.8,0.008030751704103077,0.007318204154671548,0.006772035065318595,0.08229237549930489,1.913637139086417,0.1451943835368054,9.996107338167583,0.005,0.30330429903458206,-0.19019419408781058,AAPL
2022-03-14,150.64,0.009913876288947732,0.009644117964853649,0.009401419016677733,0.09696091489191783,1.3715816920072632,0.2559101301044601,9.988703375339567,0.00867935839745406,0.4164024366422161,-0.01068977855725984,AAPL
2022-03-15,155.12,0.009830670905196744,0.009864965239103185,0.009352752787271134,0.09670963130563126,2.623479854700835,0.2559101301044601,9.988703375339567,0.00867935839745406,0.4164024366422161,-0.01068977855725984,AAPL
2022-03-16,159.65,0.009602726656269614,0.009785276158709166,0.00921942983856145,0.09601786208076835,2.0602974655485826,0.2559101301044601,9.988703375339567,0.00867935839745406,0.4164024366422161,-0.01068977855725984,AAPL
2022-03-17,160.99,0.009432141885324003,0.00956617594238196,0.009119656035210501,0.09549689018607099,2.327467208280428,0.2559101301044601,9.988703375339567,0.00867935839745406,0.4164024366422161,-0.01068977855725984,AAPL
2022-03-18,163.92,0.00923431637099001,0.009402234706158197,0.00900394931733911,0.09488914225209916,2.149819643575181,0.2559101301044601,9.988703375339567,0.00867935839745406,0.4164024366422161,-0.01068977855725984,AAPL
2022-03-21,165.39,0.005591265192315613,0.005717983916383673,0.0053467681324947305,0.07312159826272079,2.3196403264488312,0.3555786825166442,9.932101480314252,0.005,0.31431633272892884,-0.013832939230717316,AAPL
2022-03-22,168.88,0.005391777683506176,0.005568070433128014,0.005229771712301354,0.07231716056581144,1.9714340827952046,0.3555786825166442,9.932101480314252,0.005,0.31431633272892884,-0.013832939230717316,AAPL
2022-03-23,170.22,0.005242551879862041,0.005376422516292223,0.005142253025386871,0.0717095044285405,2.2834594840436786,0.3555786825166442,9.932101480314252,0.005,0.31431633272892884,-0.013832939230717316,AAPL
2022-03-24,174.09,0.00504208353938533,0.005232979329093723,0.005024681362189218,0.07088498686033043,1.8573068531776458,0.3555786825166442,9.932101480314252,0.005,0.31431633272892884,-0.013832939230717316,AAPL
2022-03-25,174.71,0.00492095761284558,0.005040564126375102,0.004953642830090981,0.07038212010227442,2.3760420013609953,0.3555786825166442,9.932101480314252,0.005,0.31431633272892884,-0.013832939230717316,AAPL
2022-03-28,175.59,0.004736509735791991,0.004809361059415096,0.00484596113157091,0.06961293796106374,2.4927982942233515,0.20024463179488194,9.99880438364396,0.005,0.10309923891769508,-0.01,AAPL
2022-03-29,179.0,0.004628150955443989,0.0047471465406943025,0.004782613576930387,0.06915644277238663,2.133595069025853,0.20024463179488194,9.99880438364396,0.005,0.10309923891769508,-0.01,AAPL
2022-03-30,177.76,0.004606852770195094,0.0046429695580627595,0.0047701624589917635,0.0690663627172574,2.663197673913655,0.20024463179488194,9.99880438364396,0.005,0.10309923891769508,-0.01,AAPL
2022-03-31,174.68,0.004678946855264237,0.004622575082976255,0.004812309334201219,0.06937081039025866,2.5898732638280486,0.20024463179488194,9.99880438364396,0.005,0.10309923891769508,-0.01,AAPL
2022-04-01,174.26,0.004738066702908782,0.004691827806254878,0.004846871349083396,0.06961947535771436,2.6332513826784636,0.20024463179488194,9.99880438364396,0.005,0.10309923891769508,-0.01,AAPL
2022-04-04,178.46,0.004700030133760676,0.004790923064319941,0.00482464487116786,0.0694596636269415,2.541838102972162,0.31701885893320697,9.999999407770066,0.005,0.2880231085221998,-0.01973616687256011,AAPL
2022-04-05,175.09,0.004777648478473455,0.004711929392215097,0.004870018678235493,0.06978551911561233,2.6248508382998685,0.31701885893320697,9.999999407770066,0.005,0.2880231085221998,-0.01973616687256011,AAPL
2022-04-06,171.59,0.004948997178032064,0.004786677550555396,0.0049701849838148255,0.07049953889079577,2.155101998036858,0.31701885893320697,9.999999407770066,0.005,0.2880231085221998,-0.01973616687256011,AAPL
2022-04-07,172.25,0.0050293744004162285,0.0049509848511206656,0.005017171564043853,0.07083199534139818,2.5854378093511343,0.31701885893320697,9.999999407770066,0.005,0.2880231085221998,-0.01973616687256011,AAPL
2022-04-08,170.13,0.005152443491664542,0.005028370616855682,0.005089114778279528,0.07133803178024697,2.3865796046991856,0.31701885893320697,9.999999407770066,0.005,0.2880231085221998,-0.01973616687256011,AAPL
2022-04-11,165.76,0.005798161787964791,0.0052601005377255206,0.005625888235644762,0.07500592133721685,1.638321566385708,0.20434875930186747,9.989124905506308,0.00538316383269005,0.2918582383209501,-0.13731430655377447,AAPL
2022-04-12,167.71,0.0059418631930426265,0.0057818376583327336,0.005709936451564716,0.07556412145697664,2.6192146718217364,0.20434875930186747,9.989124905506308,0.00538316383269005,0.2918582383209501,-0.13731430655377447,AAPL
2022-04-13,170.35,0.005798127619623404,0.00591970932168806,0.005625868251232411,0.07500578811820066,2.653655773360895,0.20434875930186747,9.989124905506308,0.00538316383269005,0.2918582383209501,-0.13731430655377447,AAPL
2022-04-14,165.31,0.006166541536652742,0.005781808635902053,0.00584134653712409,0.07642870231218171,2.224605637059283,0.20434875930186747,9.989124905506308,0.00538316383269005,0.2918582383209501,-0.13731430655377447,AAPL
2022-04-15,165.29,0.006362631400610268,0.0061354640886293055,0.005956035765226554,0.07717535724067984,2.533801674373398,0.20434875930186747,9.989124905506308,0.00538316383269005,0.2918582383209501,-0.13731430655377447,AAPL
2022-04-18,165.09,0.005558796988576749,0.005491526841751693,0.005328148952397922,0.07299417067408823,2.6182880637330226,0.23896425973284385,9.905274089417551,0.005,0.3077211521759007,-0.020957832662119726,AAPL
2022-04-19,167.46,0.005494639502990861,0.005536944386903997,0.005290472994735523,0.07273563772137784,2.669927198385162,0.23896425973284385,9.905274089417551,0.005,0.3077211521759007,-0.020957832662119726,AAPL
2022-04-20,167.23,0.005465438983238286,0.005475272909961859,0.00527332522879876,0.07261766471595434,2.701775339286584,0.23896425973284385,9.905274089417551,0.005,0.3077211521759007,-0.020957832662119726,AAPL
2022-04-21,166.45,0.005475393176612917,0.005447205634027341,0.005279170747286916,0.07265790216684566,2.688601245682814,0.23896425973284385,9.905274089417551,0.005,0.3077211521759007,-0.020957832662119726,AAPL
2022-04-22,161.83,0.005647205963040808,0.005456828397655045,0.00538006639817165,0.07334893590347205,1.9983122417527872,0.23896425973284385,9.905274089417551,0.005,0.3077211521759007,-0.020957832662119726,AAPL
2022-04-25,162.91,0.0054878626609826545,0.0054317077517680445,0.005285282187554136,0.0726999462692658,2.61301153006648,0.16781380328114956,9.993462496102543,0.005,0.26318872005980304,-0.01,AAPL
2022-04-26,156.81,0.005688815916003632,0.005468726276376401,0.005402791455578538,0.07350368327899316,1.2592918854825799,0.16781380328114956,9.993462496102543,0.005,0.26318872005980304,-0.01,AAPL
2022-04-27,156.55,0.005796194812744633,0.005661330692873889,0.005465582255140285,0.07392957632193144,2.1607093918203284,0.16781380328114956,9.993462496102543,0.005,0.26318872005980304,-0.01,AAPL
2022-04-28,163.8,0.005624821318010531,0.005764756388316528,0.005365370024575092,0.07324868616279129,2.1154915843059356,0.16781380328114956,9.993462496102543,0.005,0.26318872005980304,-0.01,AAPL
2022-04-29,157.78,0.005705540105694876,0.0056002268620432005,0.005412571079644414,0.07357017792315317,2.3664747909629424,0.16781380328114956,9.993462496102543,0.005,0.26318872005980304,-0.01,AAPL
2022-05-02,157.89,0.0058057172805076095,0.005743743975472171,0.005471002821990121,0.07396622757711874,2.591780283012479,0.20945532072763948,10.0,0.005,0.29143356651291685,-0.01,AAPL
2022-05-03,159.38,0.005765677327763491,0.005773676157332375,0.0054475964346740275,0.07380783450741546,2.6981642944720936,0.20945532072763948,10.0,0.005,0.29143356651291685,-0.01,AAPL
2022-05-04,166.07,0.005531270438003541,0.00573539858555705,0.005310567840101367,0.07287364297262329,1.520253764118169,0.20945532072763948,10.0,0.005,0.29143356651291685,-0.01,AAPL
2022-05-05,156.86,0.005683527068465682,0.005510212849912932,0.005399573381312045,0.07348178945366018,1.8492504583732923,0.20945532072763948,10.0,0.005,0.29143356651291685,-0.01,AAPL
2022-05-06,157.28,0.005743950536447834,0.005656523740981356,0.005434895478308765,0.07372174359243523,2.4859457957681257,0.20945532072763948,10.0,0.005,0.29143356651291685,-0.01,AAPL
2022-05-09,152.2,0.015614962511277596,0.01259051575061676,0.013903372241041665,0.11791256184580871,1.7316775727588685,-0.17747671208745747,7.94195779147258,0.010769405579763837,0.3386102204179971,-0.577244091096696,AAPL
2022-05-10,154.48,0.015695505108117423,0.015462251094049861,0.013955464872884895,0.11813325049656805,2.605637509970264,-0.17747671208745747,7.94195779147258,0.010769405579763837,0.3386102204179971,-0.577244091096696,AAPL
2022-05-12,142.57,0.022639179211559047,0.015540255232281197,0.01844643329086735,0.13581764719971903,-1.0005690353375063,-0.17747671208745747,7.94195779147258,0.010769405579763837,0.3386102204179971,-0.577244091096696,AAPL
2022-05-13,147.03,0.02261444684316811,0.022265095003604074,0.01843043710733527,0.13575874596995682,2.566224206430557,-0.17747671208745747,7.94195779147258,0.010769405579763837,0.3386102204179971,-0.577244091096696,AAPL
2022-05-16,145.56,0.023348877239931003,0.022241143373321393,0.01890544553485258,0.1374970746410722,2.458749576927025,-0.17747671208745747,7.94195779147258,0.010769405579763837,0.3386102204179971,-0.577244091096696,AAPL
2022-05-17,149.28,0.01428484183323757,0.014796572308569012,0.011940662087489515,0.10927333658074835,2.4087762490293776,0.21600054964496315,9.977925801522572,0.008633554214332732,0.4150781993531635,-0.14041390397876233,AAPL
2022-05-18,140.79,0.015554121220711741,0.01406142905852903,0.012683438625974191,0.11262077350992662,1.1247740905480677,0.21600054964496315,9.977925801522572,0.008633554214332732,0.4150781993531635,-0.14041390397876233,AAPL
2022-05-19,137.28,0.016674514678917507,0.015280231792530685,0.013339087794186882,0.11549496869641934,1.2735363566436635,0.21600054964496315,9.977925801522572,0.008633554214332732,0.4150781993531635,-0.14041390397876233,AAPL
2022-05-20,137.62,0.016938767820800782,0.01635625625067405,0.013493727533828723,0.116162504853454,2.360696492183948,0.21600054964496315,9.977925801522572,0.008633554214332732,0.4150781993531635,-0.14041390397876233,AAPL
2022-05-23,143.1,0.015727469136895753,0.016610006563496427,0.012784881039998513,0.11307024825301532,2.1013681667778483,0.21600054964496315,9.977925801522572,0.008633554214332732,0.4150781993531635,-0.14041390397876233,AAPL
2022-05-24,140.5,0.024006136979915535,0.023276240108316415,0.016650574563222047,0.12903710537369492,2.437806205432664,0.2490388301870373,9.997982145327704,0.006297576031973618,0.26923630719479963,-0.6049852920542894,AAPL
2022-05-25,140.55,0.023600166842593282,0.02330356631318864,0.016413231266509024,0.12811413374998493,2.485874271524448,0.2490388301870373,9.997982145327704,0.006297576031973618,0.26923630719479963,-0.6049852920542894,AAPL
2022-05-26,143.73,0.021144007076906283,0.022913719574717106,0.014977280681849895,0.12238170076383927,2.3061668203156866,0.2490388301870373,9.997982145327704,0.006297576031973618,0.26923630719479963,-0.6049852920542894,AAPL
2022-05-27,149.57,0.016519829692804865,0.020554981528221106,0.012273836748343935,0.11078734922518878,1.5016201205884427,0.2490388301870373,9.997982145327704,0.006297576031973618,0.26923630719479963,-0.6049852920542894,AAPL
2022-05-30,149.64,0.014704061729208327,0.016114301846755552,0.011212279961461843,0.10588805391290296,2.3819546332820845,0.2490388301870373,9.997982145327704,0.006297576031973618,0.26923630719479963,-0.6049852920542894,AAPL
2022-05-31,148.78,0.011336576293467857,0.011506999085668213,0.009944541395122708,0.09972232144872435,2.5890479489145934,-0.038134504700995255,9.993147653001245,0.007984149038721765,0.28859552915537096,-0.4006300285258301,AAPL
2022-06-01,148.7,0.01114825876900283,0.011203638440292707,0.009834419323118033,0.09916864082520256,2.612737510454298,-0.038134504700995255,9.993147653001245,0.007984149038721765,0.28859552915537096,-0.4006300285258301,AAPL
2022-06-02,151.2,0.010188948994112408,0.011022788237369241,0.009273445614455611,0.09629873111550126,2.441336203408616,-0.038134504700995255,9.993147653001245,0.007984149038721765,0.28859552915537096,-0.4006300285258301,AAPL
2022-06-03,145.32,0.011582913829353126,0.010101518683768518,0.01008859171620289,0.10044198184127437,2.0406092067446857,-0.038134504700995255,9.993147653001245,0.007984149038721765,0.28859552915537096,-0.4006300285258301,AAPL
2022-06-06,146.13,0.011863355273899623,0.011440207918440137,0.010252584913528397,0.10125504882981587,2.582170844731079,-0.038134504700995255,9.993147653001245,0.007984149038721765,0.28859552915537096,-0.4006300285258301,AAPL
2022-06-07,148.61,0.013222759952841454,0.01426729033664742,0.013169787265572563,0.11475969355820258,2.4609439549232506,-0.3823092033057177,9.143176329795855,0.01308715581332081,0.19482352832039904,-0.7992932369439774,AAPL
2022-06-08,148.0,0.012914119045990217,0.013217839598382852,0.012981714493992215,0.11393732704426682,2.578608820028509,-0.3823092033057177,9.143176329795855,0.01308715581332081,0.19482352832039904,-0.7992932369439774,AAPL
2022-06-09,142.62,0.015179905598149988,0.012920402481540805,0.014362389405239673,0.1198431867284898,1.9609662908136223,-0.3823092033057177,9.143176329795855,0.01308715581332081,0.19482352832039904,-0.7992932369439774,AAPL
2022-06-10,137.15,0.01861959537813658,0.015103986263966362,0.016458391509751633,0.128290262723839,1.0091611614476041,-0.3823092033057177,9.143176329795855,0.01308715581332081,0.19482352832039904,-0.7992932369439774,AAPL
2022-06-13,131.93,0.022699778411417074,0.018418864943669178,0.018944683231263575,0.13763968625096315,0.5069989068266261,-0.3823092033057177,9.143176329795855,0.01308715581332081,0.19482352832039904,-0.7992932369439774,AAPL
2022-06-14,132.8,0.01638869964749204,0.015715978058324254,0.01449241866431159,0.12038446188903114,2.357743982614863,-0.4590153128597568,9.999100147274337,0.011823736412725447,0.08447656858709524,-0.8704835013692237,AAPL
2022-06-15,135.45,0.015784074331619633,0.016207692669922835,0.014138954076242272,0.1189073339884562,2.49313168836727,-0.4590153128597568,9.999100147274337,0.011823736412725447,0.08447656858709524,-0.8704835013692237,AAPL
2022-06-16,130.09,0.016788160767509865,0.01562702442288355,0.014725944050249292,0.12135050082405631,1.980498754573412,-0.4590153128597568,9.999100147274337,0.011823736412725447,0.08447656858709524,-0.8704835013692237,AAPL
2022-06-20,131.56,0.016628562201022015,0.01659123032095522,0.014632642562403576,0.12096546020415735,2.570685532151509,-0.4590153128597568,9.999100147274337,0.011823736412725447,0.08447656858709524,-0.8704835013692237,AAPL
2022-06-21,135.87,0.015247595316925678,0.016437980945738673,0.013825327886668945,0.11758115447072692,1.964816952030695,-0.4590153128597568,9.999100147274337,0.011823736412725447,0.08447656858709524,-0.8704835013692237,AAPL
2022-06-22,135.23,0.018165272405565768,0.018803609713359037,0.015811013115287785,0.12574185108899816,2.470421357628665,-0.364209275378384,9.996114050191599,0.012496663680912389,0.1771217042374913,-0.7194838276848765,AAPL
2022-06-23,138.27,0.01618949718338465,0.017940452032235044,0.014655807348199082,0.12106117192642356,2.15902074475512,-0.364209275378384,9.996114050191599,0.012496663680912389,0.1771217042374913,-0.7194838276848765,AAPL
2022-06-27,141.69,0.013736990756498724,0.016043039209762355,0.013221864085648637,0.1149863647814324,1.850387106795719,-0.364209275378384,9.996114050191599,0.012496663680912389,0.1771217042374913,-0.7194838276848765,AAPL
2022-06-28,137.45,0.014520221528492933,0.013687814173408697,0.013679807223416211,0.11696070803229694,2.4626173037276042,-0.364209275378384,9.996114050191599,0.012496663680912389,0.1771217042374913,-0.7194838276848765,AAPL
2022-06-29,139.26,0.013945050162085346,0.014439998883062799,0.013343513260378838,0.11551412580450426,2.546270281167671,-0.364209275378384,9.996114050191599,0.012496663680912389,0.1771217042374913,-0.7194838276848765,AAPL
2022-06-30,136.89,0.013734246284438137,0.013112452655605011,0.0123372164333077,0.11107302297726347,2.4997090541566327,-0.18302035106074138,9.97606308236628,0.010365898046996818,0.2826041921571281,-0.3791328677138541,AAPL
2022-07-01,138.9,0.013152679122010244,0.013601036821455637,0.01199685553254774,0.10953015809605927,2.5479996277276333,-0.18302035106074138,9.97606308236628,0.010365898046996818,0.2826041921571281,-0.3791328677138541,AAPL
2022-07-04,138.93,0.012790823924469659,0.013042367573234515,0.011785080575266072,0.10855911097308264,2.579585176621405,-0.18302035106074138,9.97606308236628,0.010365898046996818,0.2826041921571281,-0.3791328677138541,AAPL
2022-07-05,141.61,0.011645749081484254,0.012694941035078955,0.011114928045730148,0.10542735909492444,2.3182397193549757,-0.18302035106074138,9.97606308236628,0.010365898046996818,0.2826041921571281,-0.3791328677138541,AAPL
2022-07-06,142.96,0.01064471408836203,0.0115951221459909,0.010529074521041905,0.10261127872237975,2.3659179586659085,-0.18302035106074138,9.97606308236628,0.010365898046996818,0.2826041921571281,-0.3791328677138541,AAPL
2022-07-07,146.35,0.011430606962123455,0.01294180398917888,0.010006907151724746,0.1000345297970893,2.118236756023585,0.33893565809232173,9.999999999998819,0.00800350810127815,0.16947581643622966,-0.6819340524254789,AAPL
2022-07-08,147.02,0.010482387673917338,0.01129501513150899,0.009452601104907433,0.09722448819565693,2.450662907282382,0.33893565809232173,9.999999999998819,0.00800350810127815,0.16947581643622966,-0.6819340524254789,AAPL
2022-07-11,144.86,0.010807831923844591,0.010384167841493763,0.009642847936922296,0.09819800373185952,2.570385759419378,0.33893565809232173,9.999999999998819,0.00800350810127815,0.16947581643622966,-0.6819340524254789,AAPL
2022-07-12,145.9,0.010618903258234908,0.010696590520183236,0.009532404811511193,0.09763403510821005,2.627393443453891,0.33893565809232173,9.999999999998819,0.00800350810127815,0.16947581643622966,-0.6819340524254789,AAPL
2022-07-13,145.46,0.01067742568857522,0.01051494303465006,0.00956661560791194,0.0978090773288039,2.621450665241556,0.33893565809232173,9.999999999998819,0.00800350810127815,0.16947581643622966,-0.6819340524254789,AAPL
2022-07-14,148.5,0.008645300840227584,0.008858497730216186,0.008915172137985396,0.09442018924989187,2.3425864805724603,-0.210166022518218,9.997817432406723,0.009295024847721524,0.22897667493525556,-0.07947672765536329,AAPL
2022-07-15,150.14,0.008449044302179043,0.008671155758747773,0.008800433299768979,0.09381062466356878,2.315808763468453,-0.210166022518218,9.997817432406723,0.009295024847721524,0.22897667493525556,-0.07947672765536329,AAPL
2022-07-18,147.05,0.008561419347036105,0.008482757159072207,0.008866131911492313,0.09416013971682664,2.6136505923214512,-0.210166022518218,9.997817432406723,0.009295024847721524,0.22897667493525556,-0.07947672765536329,AAPL
2022-07-19,150.94,0.00837339785617164,0.008590705120241182,0.008756207586748688,0.0935746097333496,2.326723520183061,-0.210166022518218,9.997817432406723,0.009295024847721524,0.22897667493525556,-0.07947672765536329,AAPL
2022-07-20,153.02,0.008159739233062473,0.008410110452132358,0.008631294845322454,0.09290476223166633,2.2186060084559434,-0.210166022518218,9.997817432406723,0.009295024847721524,0.22897667493525556,-0.07947672765536329,AAPL
2022-07-21,155.36,0.005569273327374553,0.006185795313967901,0.006341366467959932,0.07963269722896452,2.1708533522645364,0.11310712594451544,9.99436644687724,0.007428546328062612,0.3765880041568761,-0.16047110181383956,AAPL
2022-07-22,154.14,0.005500127639622746,0.005643055116024698,0.006300934643742137,0.07937842681574218,2.661689147339916,0.11310712594451544,9.99436644687724,0.007428546328062612,0.3765880041568761,-0.16047110181383956,AAPL
2022-07-25,152.97,0.005671181728104207,0.005576756220762036,0.0064009557594773975,0.08000597327373374,2.6854284361022076,0.11310712594451544,9.99436644687724,0.007428546328062612,0.3765880041568761,-0.16047110181383956,AAPL
2022-07-26,151.55,0.005995607367652473,0.005741024111330262,0.006590658412765688,0.08118287019295196,2.5977068360861315,0.11310712594451544,9.99436644687724,0.007428546328062612,0.3765880041568761,-0.16047110181383956,AAPL
2022-07-27,156.73,0.005505809395319113,0.006052585145653211,0.0063042569586258725,0.07939935112219666,2.218197084420828,0.11310712594451544,9.99436644687724,0.007428546328062612,0.3765880041568761,-0.16047110181383956,AAPL
2022-07-28,157.4,0.006185172542500361,0.00666581920313547,0.007362913841762602,0.08580742299919397,2.455931172551324,0.08670105929624543,9.911651180292079,0.009037272909036836,0.42325898603229284,-0.16782385667482586,AAPL
2022-07-29,162.58,0.005219150667395449,0.006297502984352832,0.006795799337397743,0.08243663831936467,1.5034079937402258,0.08670105929624543,9.911651180292079,0.009037272909036836,0.42325898603229284,-0.16782385667482586,AAPL
2022-08-01,161.57,0.004964982403534052,0.005369455034269777,0.0066465868685089005,0.0815266022136879,2.5152730302825153,0.08670105929624543,9.911651180292079,0.009037272909036836,0.42325898603229284,-0.16782385667482586,AAPL
2022-08-02,160.05,0.005149979112378479,0.005125236639969444,0.006755191362412358,0.08218997117904567,2.702360416143998,0.08670105929624543,9.911651180292079,0.009037272909036836,0.42325898603229284,-0.16782385667482586,AAPL
2022-08-03,166.12,0.004455498422656331,0.005303051977762152,0.006347488304859992,0.07967112591685895,1.774379501639037,0.08670105929624543,9.911651180292079,0.009037272909036836,0.42325898603229284,-0.16782385667482586,AAPL
2022-08-04,165.81,1e-10,0.0007756435627754854,0.002178071224454887,0.04666981063230155,2.18200560481957,-0.49851476649964616,2.8432337084923596,0.014361767325728808,0.07794690247685569,-0.9477009199395691,AAPL
2022-08-05,165.32,1e-10,16.673817484712643,0.002178071224454887,0.04666981063230155,1.577437883245218,-0.49851476649964616,2.8432337084923596,0.014361767325728808,0.07794690247685569,-0.9477009199395691,AAPL
2022-08-08,164.88,0.00016203922970703388,0.00016203922970703388,0.002315535888923798,0.048120015470943044,2.717763001370142,-0.49851476649964616,2.8432337084923596,0.014361767325728808,0.07794690247685569,-0.9477009199395691,AAPL
2022-08-09,164.92,1.4722415806609068,1.5676822370733134,1.2511430295952393,1.118545050319941,0.6855218583087392,-0.49851476649964616,2.8432337084923596,0.014361767325728808,0.07794690247685569,-0.9477009199395691,AAPL
2022-08-10,169.2,1e-10,5.4734153829584,0.002178071224454887,0.04666981063230155,1.4376128663945755,-0.49851476649964616,2.8432337084923596,0.014361767325728808,0.07794690247685569,-0.9477009199395691,AAPL
2022-08-11,168.53,0.006760677338353191,0.006886062377589042,0.00782465585224118,0.08845708480523863,2.631466674891446,0.16631439356828928,9.952913495684257,0.009330045557806917,0.40182785372102897,-0.08250891669632467,AAPL
2022-08-12,172.1,0.006500402308483517,0.006862148534537482,0.00767216102973383,0.08759087298191422,2.266127672973794,0.16631439356828928,9.952913495684257,0.009330045557806917,0.40182785372102897,-0.08250891669632467,AAPL
2022-08-15,173.18,0.0063372611074167425,0.006612284621951403,0.007576576799034593,0.08704353393006624,2.440743759121609,0.16631439356828928,9.952913495684257,0.009330045557806917,0.40182785372102897,-0.08250891669632467,AAPL
2022-08-16,173.03,0.006330433270647655,0.006455620320139133,0.007572576377800438,0.08702055146803218,2.635454822726668,0.16631439356828928,9.952913495684257,0.009330045557806917,0.40182785372102897,-0.08250891669632467,AAPL
2022-08-17,174.6,0.0062624121402092055,0.0064490764020774805,0.007532722880451289,0.08679126039211142,2.5724872914429873,0.16631439356828928,9.952913495684257,0.009330045557806917,0.40182785372102897,-0.08250891669632467,AAPL
2022-08-18,174.16,0.0019290585884912518,0.0020176460694756315,0.0038710380710893495,0.062217666872756885,2.7531483230247256,0.41348392106620635,9.999911452566979,0.006603776823034527,0.13912296197971658,-0.8241807378242533,AAPL
2022-08-19,171.53,0.002388605223730913,0.0021146289793705364,0.004139679053376945,0.06434033768466672,2.6128457862528878,0.41348392106620635,9.999911452566979,0.006603776823034527,0.13912296197971658,-0.8241807378242533,AAPL
2022-08-22,167.58,0.003214337829697105,0.002555968443061829,0.004622384401133365,0.06798811955873882,1.8478656495747394,0.41348392106620635,9.999911452566979,0.006603776823034527,0.13912296197971658,-0.8241807378242533,AAPL
2022-08-23,167.18,0.003874137338845827,0.00334902136069104,0.005008088864311835,0.07076785191251628,2.2387795674947126,0.41348392106620635,9.999911452566979,0.006603776823034527,0.13912296197971658,-0.8241807378242533,AAPL
2022-08-24,167.64,0.004327677387991778,0.003982872144092653,0.005273218526823217,0.07261693002890729,2.573530277547144,0.41348392106620635,9.999911452566979,0.006603776823034527,0.13912296197971658,-0.8241807378242533,AAPL
2022-08-25,170.12,0.007494207777506704,0.007900220335613994,0.010559975200875805,0.10276173996617517,2.5379608004401177,-0.49874420627310745,10.0,0.014874055669248463,0.09102827473348366,-0.9278519164667743,AAPL
2022-08-26,163.65,0.008615559527137015,0.007787161265468967,0.01121549029444149,0.10590321191749327,2.1222603011199794,-0.49874420627310745,10.0,0.014874055669248463,0.09102827473348366,-0.9278519164667743,AAPL
2022-08-29,161.37,0.009653756115184006,0.008864005101713701,0.01182239489309001,0.10873083690053163,2.1809402131933515,-0.49874420627310745,10.0,0.014874055669248463,0.09102827473348366,-0.9278519164667743,AAPL
2022-08-30,158.92,0.010698616043255367,0.00986099087549519,0.012433194719048761,0.11150423632781295,2.1662338000754002,-0.49874420627310745,10.0,0.014874055669248463,0.09102827473348366,-0.9278519164667743,AAPL
2022-08-31,157.17,0.011605365040475584,0.010864446072446299,0.01296325823743125,0.1138563052159662,2.3056250902423874,-0.49874420627310745,10.0,0.014874055669248463,0.09102827473348366,-0.9278519164667743,AAPL
2022-09-01,157.97,0.010758234128747952,0.010422910609122482,0.01154269038925523,0.10743691353187335,2.6120693629761815,-0.25484355817307114,10.0,0.012646559980258992,0.19129609984446153,-0.5949409881764238,AAPL
2022-09-02,155.85,0.011548997705081028,0.01083322038539336,0.012004951637698644,0.10956711020054624,2.4674037695011393,-0.25484355817307114,10.0,0.012646559980258992,0.19129609984446153,-0.5949409881764238,AAPL
2022-09-05,155.81,0.011923233072127348,0.01159244855034558,0.01222372057592506,0.11056093603043102,2.5980705189955304,-0.25484355817307114,10.0,0.012646559980258992,0.19129609984446153,-0.5949409881764238,AAPL
2022-09-06,154.53,0.012447359617499347,0.011952014899634378,0.012530112269292511,0.11193798403264421,2.5524711571586027,-0.25484355817307114,10.0,0.012646559980258992,0.19129609984446153,-0.5949409881764238,AAPL
2022-09-07,155.97,0.012215946711749586,0.012455280655558454,0.012394833885310971,0.11133208830032325,2.601372134793865,-0.25484355817307114,10.0,0.012646559980258992,0.19129609984446153,-0.5949409881764238,AAPL
2022-09-08,154.41,0.015486054771071081,0.014927253113455663,0.015389438099833272,0.12405417405244078,2.5452741096846703,-0.05323335925462935,7.496982701467064,0.015200646456116776,0.47740749962224877,-0.3096319012433147,AAPL
2022-09-09,157.37,0.014380587932879557,0.015478888824418391,0.01465819485805992,0.1210710322829533,2.4455732069833243,-0.05323335925462935,7.496982701467064,0.015200646456116776,0.47740749962224877,-0.3096319012433147,AAPL
2022-09-12,163.42,0.011233176991499498,0.014404535643734562,0.012576248208504314,0.11214387280856816,1.4833393944739326,-0.05323335925462935,7.496982701467064,0.015200646456116776,0.47740749962224877,-0.3096319012433147,AAPL
2022-09-13,153.84,0.01418078484274694,0.011351431518960453,0.014526029283935664,0.12052397804559749,1.6701640745784654,-0.05323335925462935,7.496982701467064,0.015200646456116776,0.47740749962224877,-0.3096319012433147,AAPL
2022-09-14,155.31,0.014747485037086547,0.01421243341110312,0.014900889635151997,0.12206920019051488,2.5753506552174383,-0.05323335925462935,7.496982701467064,0.015200646456116776,0.47740749962224877,-0.3096319012433147,AAPL
2022-09-15,152.36,0.02077111194767618,0.01850758462023805,0.020838599924435788,0.14435581015129176,2.350705645231008,-0.4008779333384335,9.999999944425882,0.020933567521141984,0.34257085912838364,-0.7109552666344919,AAPL
2022-09-16,150.46,0.02302656290199104,0.020777558026566112,0.022157081968790314,0.14885255109936918,2.3566691141954648,-0.4008779333384335,9.999999944425882,0.020933567521141984,0.34257085912838364,-0.7109552666344919,AAPL
2022-09-19,154.53,0.02046350692639661,0.022943513248719682,0.020658781473258867,0.14373163003757686,2.322120043772327,-0.4008779333384335,9.999999944425882,0.020933567521141984,0.34257085912838364,-0.7109552666344919,AAPL
2022-09-20,156.91,0.017328183078051517,0.0204821599609204,0.018825947028612174,0.13720767846083606,2.212487940285712,-0.4008779333384335,9.999999944425882,0.020933567521141984,0.34257085912838364,-0.7109552666344919,AAPL
2022-09-21,153.72,0.01864016722114693,0.017471249637310393,0.019592901207704322,0.139974644874364,2.4790473153173536,-0.4008779333384335,9.999999944425882,0.020933567521141984,0.34257085912838364,-0.7109552666344919,AAPL
2022-09-22,152.71,0.010303646290267001,0.009967878474981262,0.009551103921773016,0.09772974942039407,2.5493676661678735,0.10649991816046364,9.910703924939787,0.008481119259973281,0.3974311864132834,-0.16681465307612076,AAPL
2022-09-23,150.57,0.010801189828816615,0.01023204523971799,0.009843206011880209,0.09921293268460624,2.380671219408727,0.10649991816046364,9.910703924939787,0.008481119259973281,0.3974311864132834,-0.16681465307612076,AAPL
2022-09-26,150.9,0.010942669457366981,0.010710203288908815,0.009926267074893151,0.09963065328950298,2.5940284327146785,0.10649991816046364,9.910703924939787,0.008481119259973281,0.3974311864132834,-0.16681465307612076,AAPL
2022-09-27,151.78,0.010807529262486886,0.010845786510799371,0.00984692782048932,0.09923168758259289,2.629658225549639,0.10649991816046364,9.910703924939787,0.008481119259973281,0.3974311864132834,-0.16681465307612076,AAPL
2022-09-28,149.8,0.011085116500581686,0.01071628929776125,0.010009896095930986,0.10004946824411905,2.52817306821363,0.10649991816046364,9.910703924939787,0.008481119259973281,0.3974311864132834,-0.16681465307612076,AAPL
2022-09-29,142.57,0.017129411872485414,0.014045610343600856,0.014970035217346593,0.12235209527158329,0.98183146989986,-0.18125645568566465,9.999989567287058,0.011931404234940933,0.27123007165845653,-0.4875982033228367,AAPL
2022-09-30,138.09,0.020149177093124526,0.016923265216064465,0.01673531776382622,0.1293650561930316,0.8795847298354649,-0.18125645568566465,9.999989567287058,0.011931404234940933,0.27123007165845653,-0.4875982033228367,AAPL
2022-10-03,142.57,0.01933148527668333,0.019823157230348443,0.016257314678653472,0.12750417514204573,2.5308142446579773,-0.18125645568566465,9.999989567287058,0.011931404234940933,0.27123007165845653,-0.4875982033228367,AAPL
2022-10-04,146.13,0.017140676919583247,0.019037907046367764,0.014976620494536741,0.12237900348726795,2.1205602607381007,-0.18125645568566465,9.999989567287058,0.011931404234940933,0.27123007165845653,-0.4875982033228367,AAPL
2022-10-05,146.5,0.015957705488612126,0.016933979424720746,0.014285083680414689,0.11952022289309323,2.426642284381728,-0.18125645568566465,9.999989567287058,0.011931404234940933,0.27123007165845653,-0.4875982033228367,AAPL
2022-10-06,145.44,0.025079077321027727,0.024781163309853582,0.022325953775040673,0.1494187196272297,2.466388853677925,-0.006690438269150433,8.239936659328079,0.017490847556954944,0.536886345557197,-0.30832042179777863,AAPL
2022-10-07,140.08,0.028490055899268143,0.02483312717959052,0.024499378176538446,0.15652277207019574,1.8125966685776143,-0.006690438269150433,8.239936659328079,0.017490847556954944,0.536886345557197,-0.30832042179777863,AAPL
2022-10-10,140.4,0.02922630129238053,0.02813154455725453,0.02496850270082855,0.1580142484107954,2.4248639203415547,-0.006690438269150433,8.239936659328079,0.017490847556954944,0.536886345557197,-0.30832042179777863,AAPL
2022-10-11,138.95,0.03025984172989179,0.028843989240158407,0.02562705916938909,0.16008453757121294,2.3710393288059612,-0.006690438269150433,8.239936659328079,0.017490847556954944,0.536886345557197,-0.30832042179777863,AAPL
2022-10-12,138.3,0.030793768575575593,0.029843981385056395,0.025967269349079676,0.1611436295640621,2.4145431086645037,-0.006690438269150433,8.239936659328079,0.017490847556954944,0.536886345557197,-0.30832042179777863,AAPL
2022-10-13,143.02,0.017500631021782474,0.01965242942515033,0.015960859501320975,0.12633629526514134,2.0408425882742334,-0.3662382620761727,9.995683676302525,0.013793046177881926,0.18680731159726305,-0.7379304406460673,AAPL
2022-10-14,138.41,0.018642888099785968,0.017353620821268123,0.01662873366111591,0.12895244728626096,2.358810644495303,-0.3662382620761727,9.995683676302525,0.013793046177881926,0.18680731159726305,-0.7379304406460673,AAPL
2022-10-17,142.39,0.016955096389396997,0.018450552863214398,0.01564188709899599,0.1250675301546968,2.2914690483419786,-0.3662382620761727,9.995683676302525,0.013793046177881926,0.18680731159726305,-0.7379304406460673,AAPL
2022-10-18,143.78,0.015450457870047472,0.01682971030822955,0.014762129637862892,0.12149950468155371,2.3312701444118087,-0.3662382620761727,9.995683676302525,0.013793046177881926,0.18680731159726305,-0.7379304406460673,AAPL
2022-10-19,143.87,0.014697678750904804,0.015384763289148395,0.014321982028896141,0.11967448361658445,2.500191796973631,-0.3662382620761727,9.995683676302525,0.013793046177881926,0.18680731159726305,-0.7379304406460673,AAPL
2022-10-20,143.34,0.01622466975368987,0.0162350522214183,0.014966918767976737,0.12233935903043115,2.556237145063918,-0.1016844229917666,7.8194715886214885,0.012623148554620451,0.4370232345804981,-0.2893995471527961,AAPL
2022-10-21,147.33,0.014344665387618609,0.016115588457978447,0.013743464013547937,0.11723252114301703,2.1498359633322153,-0.1016844229917666,7.8194715886214885,0.012623148554620451,0.4370232345804981,-0.2893995471527961,AAPL
2022-10-24,149.56,0.012570639600208022,0.014291011883869942,0.012588977181891024,0.1122006113258347,2.1691929153018443,-0.1016844229917666,7.8194715886214885,0.012623148554620451,0.4370232345804981,-0.2893995471527961,AAPL
2022-10-25,152.38,0.010699313630213826,0.012572825804454624,0.01137117008718734,0.10663568861871404,2.062322824019152,-0.1016844229917666,7.8194715886214885,0.012623148554620451,0.4370232345804981,-0.2893995471527961,AAPL
2022-10-26,149.51,0.011054143944456748,0.010760265784028888,0.011602083824841666,0.10771296962224032,2.5881020129695496,-0.1016844229917666,7.8194715886214885,0.012623148554620451,0.4370232345804981,-0.2893995471527961,AAPL
2022-10-27,145.0,0.011883122310528866,0.011566653525278525,0.011486009904983956,0.10717280394290314,1.8943658682336137,0.32421958818633506,7.320504137399698,0.01068899296873338,0.09702940271829451,-0.13800895640972305,AAPL
2022-10-28,155.72,0.011368424735161206,0.011852663365516491,0.011142477031067364,0.10555793210871159,0.9249634306263153,0.32421958818633506,7.320504137399698,0.01068899296873338,0.09702940271829451,-0.13800895640972305,AAPL
2022-10-31,153.45,0.011265496371310102,0.011350652195233124,0.011073777899123631,0.10523201936256679,2.5647478430574138,0.32421958818633506,7.320504137399698,0.01068899296873338,0.09702940271829451,-0.13800895640972305,AAPL
2022-11-01,150.57,0.0113931512216971,0.01125037173187593,0.011158980627330603,0.10563607635334911,2.472730828836854,0.32421958818633506,7.320504137399698,0.01068899296873338,0.09702940271829451,-0.13800895640972305,AAPL
2022-11-02,145.0,0.011795221842786347,0.01137556308594867,0.011427341083238235,0.10689874219670797,1.336316030541936,0.32421958818633506,7.320504137399698,0.01068899296873338,0.09702940271829451,-0.13800895640972305,AAPL
2022-11-03,138.89,0.012265629287159513,0.01164438307932869,0.011888871280248353,0.10903610081183365,0.1269949117626532,0.0693657673203647,9.958602613205533,0.011356159814707268,0.4635651916511589,-0.02673557342694203,AAPL
2022-11-04,138.4,0.012563781397525342,0.012229843049226474,0.012063510509467218,0.10983401344514011,1.9067215930041184,0.0693657673203647,9.958602613205533,0.011356159814707268,0.4635651916511589,-0.02673557342694203,AAPL
2022-11-07,138.96,0.01263832485079704,0.012516272401171591,0.012107173494802819,0.11003260196324914,2.5195235166242447,0.0693657673203647,9.958602613205533,0.011356159814707268,0.4635651916511589,-0.02673557342694203,AAPL
2022-11-08,139.51,0.012609224074466963,0.012587817453550088,0.012090128043936416,0.10995511831623127,2.606125800486681,0.0693657673203647,9.958602613205533,0.011356159814707268,0.4635651916511589,-0.02673557342694203,AAPL
2022-11-09,134.87,0.012897927246035303,0.012559923825847363,0.012259232664037455,0.11072141917459989,1.895122790935126,0.0693657673203647,9.958602613205533,0.011356159814707268,0.4635651916511589,-0.02673557342694203,AAPL
2022-11-10,146.71,0.012295505939579785,0.014079029892400285,0.011662358459151648,0.10799240000644326,-0.07561364310823881,-0.039354546612393154,8.408497131660535,0.010575681867478216,0.28471049963070677,-0.18737270236306133,AAPL
2022-11-11,149.67,0.010886004380348565,0.012239394598964282,0.010771760185066486,0.1037870906474716,1.117838564471521,-0.039354546612393154,8.408497131660535,0.010575681867478216,0.28471049963070677,-0.18737270236306133,AAPL
2022-11-14,148.37,0.010507832144671185,0.01087672587709676,0.010532810793208489,0.10262948306022246,2.486722139039247,-0.039354546612393154,8.408497131660535,0.010575681867478216,0.28471049963070677,-0.18737270236306133,AAPL
2022-11-15,150.07,0.010060744945195,0.010510946597150905,0.010250317250997558,0.10124385043545883,2.4250203933273338,-0.039354546612393154,8.408497131660535,0.010575681867478216,0.28471049963070677,-0.18737270236306133,AAPL
2022-11-16,148.78,0.01007290531472188,0.010078734839680692,0.010258000821151808,0.10128178918814482,2.630472140339438,-0.039354546612393154,8.408497131660535,0.010575681867478216,0.28471049963070677,-0.18737270236306133,AAPL
2022-11-17,150.75,0.011200015716145158,0.011333395133988233,0.01130942272975264,0.10634576968433036,2.5184172738372856,0.0003498821357504684,9.77695976718826,0.011467437288333129,0.47047709923571307,-0.028271659131900412,AAPL
2022-11-18,151.31,0.01110913902036622,0.01121039446843497,0.011255725337835922,0.10609300324637776,2.562795869140666,0.0003498821357504684,9.77695976718826,0.011467437288333129,0.47047709923571307,-0.028271659131900412,AAPL
2022-11-21,148.02,0.011297120678237177,0.011123302218493336,0.011366800291313605,0.10661519728122068,2.4472305119261546,0.0003498821357504684,9.77695976718826,0.011467437288333129,0.47047709923571307,-0.028271659131900412,AAPL
2022-11-22,150.23,0.011237104242986365,0.011304037721401983,0.011331337667838092,0.10644875606524527,2.5986577644206235,0.0003498821357504684,9.77695976718826,0.011467437288333129,0.47047709923571307,-0.028271659131900412,AAPL
2022-11-23,151.14,0.011152914929082398,0.011246241892877151,0.011281591728627255,0.10621483761051115,2.5725455933173826,0.0003498821357504684,9.77695976718826,0.011467437288333129,0.47047709923571307,-0.028271659131900412,AAPL
2022-11-24,151.07,0.018519388832397024,0.01855307868027012,0.018667954350129235,0.13663072257047182,2.537445796640612,-0.030191846619605306,9.99998701940114,0.018877012791544846,0.6144425990291116,-0.01026922712424414,AAPL
2022-11-25,148.11,0.01871057232178805,0.01853369097898394,0.01877971566056192,0.13703910266986544,2.3751533873395427,-0.030191846619605306,9.99998701940114,0.018877012791544846,0.6144425990291116,-0.01026922712424414,AAPL
2022-11-28,144.21,0.019046846216517838,0.018717374742664106,0.0189762933632653,0.13775446767079935,1.9569676058656562,-0.030191846619605306,9.99998701940114,0.018877012791544846,0.6144425990291116,-0.01026922712424414,AAPL
2022-11-29,141.16,0.019380038451293116,0.019040321721149667,0.019171069601020423,0.138459631665769,1.9182824526517628,-0.030191846619605306,9.99998701940114,0.018877012791544846,0.6144425990291116,-0.01026922712424414,AAPL
2022-11-30,148.72,0.0189926071035489,0.019360397417585773,0.01894458647078508,0.13763933475131693,1.8077186691320943,-0.030191846619605306,9.99998701940114,0.018877012791544846,0.6144425990291116,-0.01026922712424414,AAPL
2022-12-01,148.32,0.010473647825030402,0.011210372966615978,0.011689779372018554,0.10811928307207071,2.4721445917761513,-0.31313242200443325,9.998899755514373,0.013401310432901607,0.21296919148919408,-0.5388256463216932,AAPL
2022-12-02,147.76,0.010370542973636588,0.010590017848244315,0.011629503589141865,0.10784017613645605,2.6089359045778586,-0.31313242200443325,9.998899755514373,0.013401310432901607,0.21296919148919408,-0.5388256463216932,AAPL
2022-12-05,146.6,0.010689763108785978,0.010490816719538998,0.01181612180638403,0.10870198621177089,2.619000339498942,-0.31313242200443325,9.998899755514373,0.013401310432901607,0.21296919148919408,-0.5388256463216932,AAPL
2022-12-06,142.91,0.01198451551091292,0.010797424176871573,0.012573042684642106,0.11212957988257205,2.210805895273049,-0.31313242200443325,9.998899755514373,0.013401310432901607,0.21296919148919408,-0.5388256463216932,AAPL
2022-12-07,140.94,0.013194219185116582,0.012040967008033476,0.013280243510071033,0.11523993886700493,2.2385781761110937,-0.31313242200443325,9.998899755514373,0.013401310432901607,0.21296919148919408,-0.5388256463216932,AAPL
2022-12-08,142.66,0.010703663034622382,0.01070931109961748,0.010696436578758314,0.1034235784468818,2.6318421392377704,-0.3193552013388839,9.999949372770775,0.010686267609590468,0.3324944575224853,-0.01271664909654555,AAPL
2022-12-09,142.19,0.010711169451259168,0.010703119816753315,0.010700824658911598,0.1034447903903894,2.6294323420734824,-0.3193552013388839,9.999949372770775,0.010686267609590468,0.3324944575224853,-0.01271664909654555,AAPL
2022-12-12,144.5,0.010620965501115224,0.010710323861985671,0.010648093484700631,0.10318959969251083,2.462122835723299,-0.3193552013388839,9.999949372770775,0.010686267609590468,0.3324944575224853,-0.01271664909654555,AAPL
2022-12-13,145.49,0.010537052353603119,0.01062375214360145,0.01059903977039,0.10295163801703205,2.4716826941950765,-0.3193552013388839,9.999949372770775,0.010686267609590468,0.3324944575224853,-0.01271664909654555,AAPL
2022-12-14,143.24,0.010577777066374352,0.010543178698753763,0.010622846509678076,0.10306719414866243,2.6058362906749,-0.3193552013388839,9.999949372770775,0.010686267609590468,0.3324944575224853,-0.01271664909654555,AAPL
2022-12-15,136.55,0.010481789130713385,0.010178348083627498,0.01026531878960052,0.10131790952048171,0.977158970693832,-0.014954322989717066,9.4171042995024,0.009938890097722954,0.3807276767019442,-0.010214669929795216,AAPL
2022-12-19,132.43,0.010789351752764567,0.010461949529599224,0.010450246848568661,0.10222644886998991,0.7084427353485874,-0.014954322989717066,9.4171042995024,0.009938890097722954,0.3807276767019442,-0.010214669929795216,AAPL
2022-12-20,132.3,0.010923481262195035,0.010757856353848183,0.010530894846897919,0.1026201483476706,2.14199482371271,-0.014954322989717066,9.4171042995024,0.009938890097722954,0.3807276767019442,-0.010214669929795216,AAPL
2022-12-21,135.39,0.010832943590175389,0.010887044729315676,0.010476457295811814,0.10235456656061719,2.577897635570389,-0.014954322989717066,9.4171042995024,0.009938890097722954,0.3807276767019442,-0.010214669929795216,AAPL
2022-12-22,132.26,0.010908660719399757,0.010799849348586577,0.010521983704855669,0.10257672106699292,2.415272378485674,-0.014954322989717066,9.4171042995024,0.009938890097722954,0.3807276767019442,-0.010214669929795216,AAPL
2022-12-23,131.84,0.014574444689459311,0.01420607438285515,0.012179302537413284,0.11035987738944478,2.4634757346057716,0.5,6.240407063230118,0.006435936774596616,0.05,-0.9499642407130168,AAPL
2022-12-26,131.86,0.014593387379096576,0.014383614076450613,0.012192670441733883,0.11042042583568441,2.547036865026218,0.5,6.240407063230118,0.006435936774596616,0.05,-0.9499642407130168,AAPL
2022-12-27,130.04,0.014880778121925271,0.014396295791812008,0.012395482820879995,0.11133500267606768,2.371905526804402,0.5,6.240407063230118,0.006435936774596616,0.05,-0.9499642407130168,AAPL
2022-12-28,126.06,0.015703316638012794,0.014673267473881424,0.01297595034653882,0.11391202898087112,1.62256653582245,0.5,6.240407063230118,0.006435936774596616,0.05,-0.9499642407130168,AAPL
2022-12-29,129.57,0.015302561373801994,0.015477724299671536,0.012693136335934557,0.11266381999530531,2.55489910183769,0.5,6.240407063230118,0.006435936774596616,0.05,-0.9499642407130168,AAPL
2022-12-30,129.94,0.018890589920716922,0.019425544408477435,0.01663963082980404,0.1289946930296128,2.4811375345926803,-0.26287160737878423,9.822281232509779,0.013405898644719784,0.3415760152534129,-0.314262323253424,AAPL
