date,spot,filtered_variance,predicted_variance,forecast_average_variance,forecast_volatility,loglikelihood,mu,kappa,theta,xi,rho,ticker
2021-01-06,126.66,0.008097014355728738,0.008010769025304398,0.003774558287914851,0.061437433930095514,2.054018824539225,-0.5,15.0,1e-06,0.0010267706781112928,-0.95,AAPL
2021-01-07,130.86,1.2479675784872144,1.256946476525627,0.5816791466004795,0.76267892759698,0.9318689490564034,-0.5,15.0,1e-06,0.0010267706781112928,-0.95,AAPL
2021-01-08,131.99,1.1685348986108068,1.1716595061006956,0.5446555156743799,0.7380078019061722,0.9844367279511999,-0.5,15.0,1e-06,0.0010267706781112928,-0.95,AAPL
2021-01-11,128.98,0.0033526240318449262,0.0033247051809439654,0.0015631944437874675,0.0395372538726132,2.666676830212561,-0.5,15.0,1e-06,0.0010267706781112928,-0.95,AAPL
2021-01-12,128.82,0.3593226193700848,0.3601873845909722,0.1674810729375584,0.4092445148533556,1.5869700065700656,-0.5,15.0,1e-06,0.0010267706781112928,-0.95,AAPL
2021-01-13,130.89,0.03227589428603325,0.03246753550683934,0.03227397323761235,0.17964958457400437,2.383625603287467,0.5,0.001,1e-06,0.47890856998032866,0.95,AAPL
2021-01-14,128.91,0.03234823486355241,0.03212297963727906,0.03234630950931563,0.1798507979112565,2.354819638796995,0.5,0.001,1e-06,0.47890856998032866,0.95,AAPL
2021-01-15,127.07,0.032325029390104086,0.03195451731153298,0.03232310541709067,0.17978627705442557,2.258330459243448,0.5,0.001,1e-06,0.47890856998032866,0.95,AAPL
2021-01-19,127.82,0.032443418360586986,0.032396224058174994,0.0324414873408907,0.1801152057459078,2.4292899235338763,0.5,0.001,1e-06,0.47890856998032866,0.95,AAPL
2021-01-20,132.03,0.031966241980967286,0.03239162320005562,0.03196433936349976,0.17878573590613922,2.0757745391329596,0.5,0.001,1e-06,0.47890856998032866,0.95,AAPL
2021-01-21,136.87,0.10187011665734241,0.08867904752696631,0.1043546694018595,0.3230397334723076,1.7189182742531237,-0.09828645871465465,0.7426053888023436,0.1597467802207427,0.4878812423463257,0.9499999647158386,AAPL
2021-01-22,138.97,0.11015123585035706,0.10240039978452842,0.11228029337189643,0.33508251725790833,2.0087974096618337,-0.09828645871465465,0.7426053888023436,0.1597467802207427,0.4878812423463257,0.9499999647158386,AAPL
2021-01-25,142.9,0.12089360292454114,0.10997154781216523,0.12256150778188907,0.350087857232851,1.871413613933679,-0.09828645871465465,0.7426053888023436,0.1597467802207427,0.4878812423463257,0.9499999647158386,AAPL
2021-01-26,143.18,0.12384896730802403,0.12110076318640495,0.12539000309176015,0.3541045087142497,2.058961842162949,-0.09828645871465465,0.7426053888023436,0.1597467802207427,0.4878812423463257,0.9499999647158386,AAPL
2021-01-27,142.53,0.1232400442376377,0.12415634995340952,0.1248072201164066,0.35328065347030624,2.0358420524520606,-0.09828645871465465,0.7426053888023436,0.1597467802207427,0.4878812423463257,0.9499999647158386,AAPL
2021-01-28,137.09,0.1100238750495139,0.12360471618376323,0.11220380624503398,0.3349683660363079,1.7564754415284818,-0.09885606937512909,0.7415886121591325,0.16087210393621398,0.48846691782550833,0.95,AAPL
2021-01-29,131.74,0.09651204006565164,0.11226042934504221,0.09927124159634254,0.3150733908097327,1.663789457360019,-0.09885606937512909,0.7415886121591325,0.16087210393621398,0.48846691782550833,0.95,AAPL
2021-02-01,134.14,0.09873450710732422,0.09459764819621341,0.10139842852027586,0.31843119903721095,2.041132997814903,-0.09885606937512909,0.7415886121591325,0.16087210393621398,0.48846691782550833,0.95,AAPL
2021-02-02,134.94,0.10291618503683149,0.1001381697387842,0.10540083235572448,0.3246549435257755,2.102659799019786,-0.09885606937512909,0.7415886121591325,0.16087210393621398,0.48846691782550833,0.95,AAPL
2021-02-03,133.92,0.10092618480726788,0.10275537471534335,0.10349614608250698,0.32170816912616157,2.0994744718182976,-0.09885606937512909,0.7415886121591325,0.16087210393621398,0.48846691782550833,0.95,AAPL
2021-02-04,137.39,0.10932299410468334,0.10078325649374165,0.11146440762728248,0.33386285751380385,1.9641580357596262,-0.09942716105790363,0.7547409860028346,0.1584275767739728,0.49473318148985473,0.95,AAPL
2021-02-05,136.77,0.10961107009297669,0.10951334746641805,0.11173992084071177,0.33427521720987896,2.1018494178665077,-0.09942716105790363,0.7547409860028346,0.1584275767739728,0.49473318148985473,0.95,AAPL
2021-02-08,136.91,0.11218284048819302,0.11160111529534333,0.1141995382839638,0.33793422183017185,2.0672170791324866,-0.09942716105790363,0.7547409860028346,0.1584275767739728,0.49473318148985473,0.95,AAPL
2021-02-09,135.99,0.11105843657367533,0.1130980016059766,0.11312416876942519,0.33633936547693194,2.057194852887345,-0.09942716105790363,0.7547409860028346,0.1584275767739728,0.49473318148985473,0.95,AAPL
2021-02-10,135.36,0.11029895349637765,0.1120237021423236,0.11239780617179565,0.3352578204483762,2.054318362721116,-0.09942716105790363,0.7547409860028346,0.1584275767739728,0.49473318148985473,0.95,AAPL
2021-02-11,135.12,0.0038943531326124424,0.0038921319265909915,0.0028015809584792523,0.05292996276665281,2.7247921913263027,-0.4999931971020014,14.99508835402205,0.0018472024228935382,0.0026240247033615907,0.9473370696081063,AAPL
2021-02-12,135.34,0.020674375558894533,0.02067447246008669,0.010624401796369348,0.10307473888576846,2.4955546190715996,-0.4999931971020014,14.99508835402205,0.0018472024228935382,0.0026240247033615907,0.9473370696081063,AAPL
2021-02-16,133.16,0.002493065471582345,0.002460299074300565,0.002148302790184614,0.04634978738014463,2.6391504554917886,-0.4999931971020014,14.99508835402205,0.0018472024228935382,0.0026240247033615907,0.9473370696081063,AAPL
2021-02-17,130.84,0.0015343979126791036,0.0014573057194411376,0.0017013734377749727,0.04124770827300558,2.330121193924898,-0.4999931971020014,14.99508835402205,0.0018472024228935382,0.0026240247033615907,0.9473370696081063,AAPL
2021-02-18,129.71,0.001625114343226791,0.0015529079645943966,0.0017436652992039504,0.04175721852810542,2.3807813629739765,-0.4999931971020014,14.99508835402205,0.0018472024228935382,0.0026240247033615907,0.9473370696081063,AAPL
2021-02-19,129.87,0.0875190994287384,0.08789389671801473,0.09356104790913775,0.3058775047451802,2.1338331758435896,0.10109431578471616,0.5120842426184415,0.28978626468508395,0.550349455920711,0.9480223794267486,AAPL
2021-02-22,126.01,0.07834295602583904,0.08869526628404856,0.08465900626476561,0.2909622076228554,1.931152959000111,0.10109431578471616,0.5120842426184415,0.28978626468508395,0.550349455920711,0.9480223794267486,AAPL
2021-02-23,125.86,0.07582081325266192,0.07821119858272141,0.08221220274240776,0.28672670392275595,2.137075090655329,0.10109431578471616,0.5120842426184415,0.28978626468508395,0.550349455920711,0.9480223794267486,AAPL
2021-02-24,125.32,0.07483693150770171,0.07672927110616001,0.08125771065545911,0.28505738133831776,2.175985252703975,0.10109431578471616,0.5120842426184415,0.28978626468508395,0.550349455920711,0.9480223794267486,AAPL
2021-02-25,121.0,0.06359337632653897,0.07519045731169172,0.0703500131556705,0.26523576899745344,1.8572676734671076,0.10109431578471616,0.5120842426184415,0.28978626468508395,0.550349455920711,0.9480223794267486,AAPL
2021-02-26,121.35,0.062388613870248855,0.06390803125032107,0.06936585638308118,0.2633739857751353,2.194588710611195,0.10168267105395497,0.5273702883234304,0.2893325983429231,0.5524506915519123,0.95,AAPL
2021-03-01,127.79,0.08344856218471984,0.06793267547982396,0.0897783305332151,0.29963032312036625,1.5367552220603122,0.10168267105395497,0.5273702883234304,0.2893325983429231,0.5524506915519123,0.95,AAPL
2021-03-02,125.16,0.0775795569858008,0.08049312278308207,0.08408976401248827,0.28998235120863525,2.2191168089434936,0.10168267105395497,0.5273702883234304,0.2893325983429231,0.5524506915519123,0.95,AAPL
2021-03-03,122.06,0.09285628613556998,0.10268882628588472,0.09889682024130092,0.31447864830748196,1.9329041778126623,0.10168267105395497,0.5273702883234304,0.2893325983429231,0.5524506915519123,0.95,AAPL
2021-03-04,120.3,0.0832701268070818,0.090096216830716,0.08960538103309673,0.29934157919189364,2.0279814749294527,0.10168267105395497,0.5273702883234304,0.2893325983429231,0.5524506915519123,0.95,AAPL
2021-03-05,121.39,0.06281293667243969,0.06141191208917007,0.0697771339113849,0.26415361801683673,2.2272918574656315,0.10168267149716612,0.5273703044267993,0.28933259969004366,0.5524506909382998,0.9499999978859168,AAPL
2021-03-08,116.41,0.05512713916269482,0.06743738334989757,0.062327631163354824,0.24965502431025663,1.770730375141373,0.10168267149716612,0.5273703044267993,0.28933259969004366,0.5524506909382998,0.9499999978859168,AAPL
2021-03-09,121.08,0.06061293432846774,0.051951733708847314,0.06764476918458692,0.26008608033608205,2.0054858740573036,0.10168267149716612,0.5273703044267993,0.28933259969004366,0.5524506909382998,0.9499999978859168,AAPL
2021-03-10,119.97,0.0619506442410424,0.06271585521972156,0.06894135209054525,0.26256685261194956,2.29778865242306,0.10168267149716612,0.5273703044267993,0.28933259969004366,0.5524506909382998,0.9499999978859168,AAPL
2021-03-11,121.96,0.0704835153114814,0.06591372947150376,0.07721188568282716,0.27787026772007684,2.17577498247934,0.10168267149716612,0.5273703044267993,0.28933259969004366,0.5524506909382998,0.9499999978859168,AAPL
2021-03-12,121.04,0.0006882456921715437,0.0007125829465337574,0.0003213257363792467,0.017925560978090664,2.7511606164595213,-0.49998914395572525,14.99999925282429,1e-06,0.003861259939112759,0.9482480533557232,AAPL
2021-03-15,124.0,0.0004913279614151687,0.0005997028455055897,0.00022954223328975598,0.015150651249690754,1.989103607575002,-0.49998914395572525,14.99999925282429,1e-06,0.003861259939112759,0.9482480533557232,AAPL
2021-03-16,125.57,0.0003364315328966786,0.00046216866681447755,0.00015734489092312576,0.012543719182249169,1.7327084146376939,-0.49998914395572525,14.99999925282429,1e-06,0.003861259939112759,0.9482480533557232,AAPL
2021-03-17,124.78,0.0007805295498122979,0.000839411665708667,0.00036433931215196095,0.019087674351579896,2.502870478420654,-0.49998914395572525,14.99999925282429,1e-06,0.003861259939112759,0.9482480533557232,AAPL
2021-03-18,120.59,0.0002941194292191048,0.00022511900446886557,0.00013762318742950718,0.011731290953237295,2.5048124284824254,-0.49998914395572525,14.99999925282429,1e-06,0.003861259939112759,0.9482480533557232,AAPL
2021-03-19,119.88,0.024453264777658308,0.02693276724039606,0.029873703696791404,0.17284011020822512,2.3012213460912094,0.2219206378647956,0.3983951702771424,0.25665662412218415,0.6698024442109882,0.95,AAPL
2021-03-22,123.37,0.02789536452205738,0.025228379326108552,0.033235452788767744,0.1823059318529371,2.256903738571488,0.2219206378647956,0.3983951702771424,0.25665662412218415,0.6698024442109882,0.95,AAPL
2021-03-23,122.53,0.027782821682109226,0.02778561266404722,0.03312553709250715,0.1820042227326255,2.488004340055193,0.2219206378647956,0.3983951702771424,0.25665662412218415,0.6698024442109882,0.95,AAPL
2021-03-24,120.08,0.025502328098025363,0.02754610126157786,0.030898278208441793,0.17577906077926855,2.2787013883262452,0.2219206378647956,0.3983951702771424,0.25665662412218415,0.6698024442109882,0.95,AAPL
2021-03-25,120.6,0.03704526355856154,0.03759368889586767,0.04217176116498342,0.20535764209053292,2.369395438425221,0.2219206378647956,0.3983951702771424,0.25665662412218415,0.6698024442109882,0.95,AAPL
2021-03-26,121.21,0.036933103443845865,0.03608433167573821,0.044950513166747114,0.21201536068584068,2.399531479157606,0.23473476655546852,0.6583022280307417,0.24691861088577616,0.6511848737301907,0.95,AAPL
2021-03-29,121.39,0.037887925080733104,0.0374693146586651,0.04586887897214162,0.21417021028177943,2.4069929096269416,0.23473476655546852,0.6583022280307417,0.24691861088577616,0.6511848737301907,0.95,AAPL
2021-03-30,119.98,0.035474527781556346,0.03856411710330576,0.04354762705579321,0.20868068203787626,2.3438777797761317,0.23473476655546852,0.6583022280307417,0.24691861088577616,0.6511848737301907,0.95,AAPL
2021-03-31,122.18,0.03912072858858926,0.035553411920773215,0.04705461308482514,0.21692075300631136,2.3253616680590117,0.23473476655546852,0.6583022280307417,0.24691861088577616,0.6511848737301907,0.95,AAPL
2021-04-01,123.0,0.042277159417857674,0.03977225884773361,0.050090528934138345,0.22380913505515887,2.3710127674842534,0.23473476655546852,0.6583022280307417,0.24691861088577616,0.6511848737301907,0.95,AAPL
2021-04-05,125.9,0.04839644181589816,0.041697381442645565,0.05594092035813966,0.23651832985656665,2.1466802081295446,0.23868756597195814,0.6601213376502474,0.24546483146553286,0.6459945761990173,0.9499999919672203,AAPL
2021-04-06,126.23,0.05158245467085323,0.048953071809592075,0.059004961314596704,0.24290936851961206,2.340824263561661,0.23868756597195814,0.6601213376502474,0.24546483146553286,0.6459945761990173,0.9499999919672203,AAPL
2021-04-07,127.91,0.06030056139244137,0.055553701935423305,0.06738930791764461,0.25959450671700396,2.2411375732170873,0.23868756597195814,0.6601213376502474,0.24546483146553286,0.6459945761990173,0.9499999919672203,AAPL
2021-04-08,130.38,0.06626833760082819,0.058994716660890845,0.07312861643707777,0.2704230323716487,2.147945998213876,0.23868756597195814,0.6601213376502474,0.24546483146553286,0.6459945761990173,0.9499999919672203,AAPL
2021-04-09,133.0,0.07684647561658475,0.06828912978016888,0.08330178572386349,0.2886204873598953,2.0919517064137594,0.23868756597195814,0.6601213376502474,0.24546483146553286,0.6459945761990173,0.9499999919672203,AAPL
2021-04-12,131.26,0.02044385773354268,0.02047262208088796,0.02204479323667432,0.14847489092999638,2.556266227176411,0.18439942210033128,0.7245795098010717,0.05863784412325518,0.4881362249678882,0.9499999996591488,AAPL
2021-04-13,134.41,0.023261439539314817,0.020562270748996525,0.024744273551289893,0.1573031263239542,2.2714747780249773,0.18439942210033128,0.7245795098010717,0.05863784412325518,0.4881362249678882,0.9499999996591488,AAPL
2021-04-14,132.13,0.022246551661632995,0.02334432481438853,0.0237719256174228,0.1541814697602238,2.490685447132605,0.18439942210033128,0.7245795098010717,0.05863784412325518,0.4881362249678882,0.9499999996591488,AAPL
2021-04-15,134.51,0.024310786454712182,0.022335756055326783,0.025749636141123022,0.1604669316124759,2.41666425111829,0.18439942210033128,0.7245795098010717,0.05863784412325518,0.4881362249678882,0.9499999996591488,AAPL
2021-04-16,134.15,0.02457186469863895,0.024307888366820407,0.025999771054193127,0.16124444503359836,2.509208521191661,0.18439942210033128,0.7245795098010717,0.05863784412325518,0.4881362249678882,0.9499999996591488,AAPL
2021-04-19,134.85,0.017931419593944297,0.017469766459726088,0.018052030905553226,0.13435784646068583,2.5373305761982907,0.05655212000242056,0.5628273683377926,0.02161243667053097,0.5038548877426144,0.95,AAPL
2021-04-20,133.12,0.017182570198631935,0.017971886333725706,0.017327718127672132,0.1316347907191413,2.499397565088484,0.05655212000242056,0.5628273683377926,0.02161243667053097,0.5038548877426144,0.95,AAPL
2021-04-21,133.49,0.017008539767732072,0.01715061354389036,0.017159389935608435,0.1309938545719166,2.55008949433837,0.05655212000242056,0.5628273683377926,0.02161243667053097,0.5038548877426144,0.95,AAPL
2021-04-22,131.94,0.016125860190792107,0.01710791235746001,0.01630563202333074,0.1276935081487338,2.473723557184557,0.05655212000242056,0.5628273683377926,0.02161243667053097,0.5038548877426144,0.95,AAPL
2021-04-23,134.3,0.017325408440156186,0.016408120221058198,0.017465876166062384,0.1321585266491057,2.477044340453218,0.05655212000242056,0.5628273683377926,0.02161243667053097,0.5038548877426144,0.95,AAPL
2021-04-26,134.73,0.016658756950451,0.016015974744732375,0.016726851913405342,0.1293323312764652,2.5426557450528597,0.06256054498986116,0.6394183369145552,0.01849355890825745,0.5190406238534186,0.95,AAPL
2021-04-27,134.39,0.01667867088777948,0.016609299524134258,0.016746026785234742,0.12940644027727036,2.572057125429313,0.06256054498986116,0.6394183369145552,0.01849355890825745,0.5190406238534186,0.95,AAPL
2021-04-28,133.74,0.016249775013905905,0.01667132464444876,0.016333048514085773,0.12780081578020452,2.553909548489546,0.06256054498986116,0.6394183369145552,0.01849355890825745,0.5190406238534186,0.95,AAPL
2021-04-29,133.49,0.01603159690819488,0.016417342489148723,0.016122967647405166,0.12697624835930996,2.5532552144550458,0.06256054498986116,0.6394183369145552,0.01849355890825745,0.5190406238534186,0.95,AAPL
2021-04-30,131.53,0.014446835586333143,0.0160005648558581,0.014597021536113985,0.1208181341360393,2.4167903592070266,0.06256054498986116,0.6394183369145552,0.01849355890825745,0.5190406238534186,0.95,AAPL
2021-05-03,132.55,0.011756966038496764,0.01176164798107493,0.011572465587305562,0.1075753948972792,2.6081794274308243,0.03542315375654441,0.6206644398227786,0.006639197037954689,0.5170059484844592,0.9499999993007853,AAPL
2021-05-04,127.94,0.010481015228520574,0.011721372182819323,0.01034251402038107,0.10169815150916496,1.8722029012795236,0.03542315375654441,0.6206644398227786,0.006639197037954689,0.5170059484844592,0.9499999993007853,AAPL
2021-05-05,128.15,0.009997135020081286,0.010492159951809299,0.009876078154734529,0.09937845920889762,2.4811525975206554,0.03542315375654441,0.6206644398227786,0.006639197037954689,0.5170059484844592,0.9499999993007853,AAPL
2021-05-06,129.68,0.0100425586924907,0.009952100893769966,0.009919864260451617,0.09959851535264778,2.617327597839268,0.03542315375654441,0.6206644398227786,0.006639197037954689,0.5170059484844592,0.9499999993007853,AAPL
2021-05-07,130.21,0.010109434637287537,0.010048541590094828,0.009984329263686312,0.09992161559785907,2.613988821010541,0.03542315375654441,0.6206644398227786,0.006639197037954689,0.5170059484844592,0.9499999993007853,AAPL
2021-05-10,126.89,0.009919892781414707,0.010053217149561533,0.009801620633045164,0.09900313446070869,2.3156610153077657,0.03542315430715921,0.6206644568651153,0.006639198807880527,0.5170059514272949,0.9499999970489121,AAPL
2021-05-11,125.85,0.009753106829160673,0.009838127787588746,0.00964084747352647,0.09818781733762326,2.401389129741275,0.03542315430715921,0.6206644568651153,0.006639198807880527,0.5170059514272949,0.9499999970489121,AAPL
2021-05-12,122.81,0.009587383724427818,0.009671403693573666,0.009481098844861589,0.09737093429181826,1.9130093653535634,0.03542315430715921,0.6206644568651153,0.006639198807880527,0.5170059514272949,0.9499999970489121,AAPL
2021-05-13,124.94,0.009489050942800961,0.009489047808983742,0.009386311053847081,0.09688297607860259,2.644558923808497,0.03542315430715921,0.6206644568651153,0.006639198807880527,0.5170059514272949,0.9499999970489121,AAPL
2021-05-14,127.43,0.009432031479651503,0.009440709770842659,0.009331347196755355,0.09659889852765069,2.4063081792170453,0.03542315430715921,0.6206644568651153,0.006639198807880527,0.5170059514272949,0.9499999970489121,AAPL
2021-05-17,126.27,0.009441744386232753,0.009442204911010776,0.009340710052397179,0.09664734891551438,2.646155504644885,0.035423155242690504,0.6206644556172793,0.0066392018151032175,0.5170059538502102,0.9499999932228288,AAPL
2021-05-18,124.85,0.00948274780158633,0.00947155308949732,0.009380235255502384,0.0968516146251697,2.568162374251773,0.035423155242690504,0.6206644556172793,0.0066392018151032175,0.5170059538502102,0.9499999932228288,AAPL
2021-05-19,124.69,0.009451852033620303,0.009445395081002061,0.009350453309451834,0.09669774200803158,2.616085239252392,0.035423155242690504,0.6206644556172793,0.0066392018151032175,0.5170059538502102,0.9499999932228288,AAPL
2021-05-20,127.22,0.00945341243571614,0.00946328527516016,0.009351957457563204,0.0967055192714625,2.476801042004719,0.035423155242690504,0.6206644556172793,0.0066392018151032175,0.5170059538502102,0.9499999932228288,AAPL
2021-05-21,125.43,0.009362609810027858,0.00936116040656998,0.009264428353173561,0.0962519005172031,2.6246029313369084,0.035423155242690504,0.6206644556172793,0.0066392018151032175,0.5170059538502102,0.9499999932228288,AAPL
2021-05-24,127.11,0.00936191981152078,0.009361755984173215,0.009263763276158531,0.09624844557788209,2.5830042384757905,0.03542315566018835,0.6206644685394509,0.006639203157130765,0.5170059533864949,0.9499999915153698,AAPL
2021-05-25,126.93,0.00930827207615743,0.009307192203777959,0.009212049592884228,0.09597942275761107,2.64039277846406,0.03542315566018835,0.6206644685394509,0.006639203157130765,0.5170059533864949,0.9499999915153698,AAPL
2021-05-26,126.85,0.009302952799757657,0.009302319432208606,0.00920692208147814,0.09595270752552082,2.6477342806329776,0.03542315566018835,0.6206644685394509,0.006639203157130765,0.5170059533864949,0.9499999915153698,AAPL
2021-05-27,125.3,0.009266345063204931,0.009277434061459644,0.00917163408878553,0.09576864877811282,2.559867653602413,0.03542315566018835,0.6206644685394509,0.006639203157130765,0.5170059533864949,0.9499999915153698,AAPL
2021-05-28,124.61,0.009248804303777397,0.009263432004900096,0.009154725690485347,0.09568033073984092,2.564006479479337,0.03542315566018835,0.6206644685394509,0.006639203157130765,0.5170059533864949,0.9499999915153698,AAPL
2021-06-01,124.31,0.009526154534330235,0.009534965835428011,0.009370540854140083,0.09680155398618394,2.6030022471488623,0.023873294264570896,0.6076332870968334,0.005119343049929622,0.50537723653835,0.95,AAPL
2021-06-02,125.08,0.009513594109332864,0.009511271894098172,0.009358423963876502,0.09673894750242273,2.642833736236771,0.023873294264570896,0.6076332870968334,0.005119343049929622,0.50537723653835,0.95,AAPL
2021-06-03,123.54,0.00948896829894206,0.00950305442802346,0.009334667742075121,0.09661608428245848,2.563603108828526,0.023873294264570896,0.6076332870968334,0.005119343049929622,0.50537723653835,0.95,AAPL
2021-06-04,125.88,0.009425471530758784,0.00940737767587052,0.009273413176856996,0.09629856269361965,2.541796050192157,0.023873294264570896,0.6076332870968334,0.005119343049929622,0.50537723653835,0.95,AAPL
2021-06-07,125.9,0.009395346724480237,0.009385803689383465,0.009244352140151214,0.09614755399983514,2.620385321703049,0.023873294264570896,0.6076332870968334,0.005119343049929622,0.50537723653835,0.95,AAPL
2021-06-08,126.74,0.010238882101553989,0.01021987185731632,0.010073828928490583,0.10036846580719755,2.574999700595372,-0.008945972292054266,0.5708498227726426,0.005270743343714472,0.4748149751808228,0.95,AAPL
2021-06-09,127.17,0.01027393206754883,0.010255211650928686,0.010107714452752777,0.10053712972207221,2.5934700889141116,-0.008945972292054266,0.5708498227726426,0.005270743343714472,0.4748149751808228,0.95,AAPL
2021-06-10,126.12,0.010162891795451632,0.010173612410198984,0.010000363197839035,0.1000018159727064,2.6267169372832573,-0.008945972292054266,0.5708498227726426,0.005270743343714472,0.4748149751808228,0.95,AAPL
2021-06-11,127.35,0.010159730388510398,0.010136265420896962,0.009997306820220134,0.09998653319432639,2.600587339983494,-0.008945972292054266,0.5708498227726426,0.005270743343714472,0.4748149751808228,0.95,AAPL
2021-06-14,130.49,0.01027419840055745,0.010181648287471035,0.010107971937556807,0.10053841025974504,2.149134508661622,-0.008945972292054266,0.5708498227726426,0.005270743343714472,0.4748149751808228,0.95,AAPL
2021-06-15,129.7,0.009795743087411645,0.009799605977605097,0.009470390837900302,0.09731593311426603,2.6015260873372426,-0.017428689672978635,0.5707565243972655,1e-06,0.4711318969072856,0.95,AAPL
2021-06-16,130.13,0.009734631382806122,0.00973939243294808,0.009411309082461128,0.09701190175674904,2.608396002254319,-0.017428689672978635,0.5707565243972655,1e-06,0.4711318969072856,0.95,AAPL
2021-06-17,131.74,0.0096831173435187,0.009695580130937742,0.009361506186428203,0.09675487680953453,2.483039132847999,-0.017428689672978635,0.5707565243972655,1e-06,0.4711318969072856,0.95,AAPL
2021-06-18,130.39,0.0096544843606563,0.009652458452364954,0.00933382430614209,0.09661171930020752,2.6399573037963786,-0.017428689672978635,0.5707565243972655,1e-06,0.4711318969072856,0.95,AAPL
2021-06-21,132.27,0.009642989065809068,0.009656992387590435,0.009322710850818771,0.09655418608646013,2.5336598727991255,-0.017428689672978635,0.5707565243972655,1e-06,0.4711318969072856,0.95,AAPL
2021-06-22,133.98,0.010992693242233087,0.011029759693883534,0.01069922306028153,0.1034370487798329,2.389150883474946,-0.10114159579858381,0.4847672885679458,0.0006256641651589535,0.4702734471285447,0.94999999961376,AAPL
2021-06-23,133.69,0.010958271362379477,0.010975016711654462,0.010665775596074742,0.10327524193181414,2.589707472414309,-0.10114159579858381,0.4847672885679458,0.0006256641651589535,0.4702734471285447,0.94999999961376,AAPL
2021-06-24,133.4,0.010870326509003546,0.010875739792936656,0.01058032028834685,0.1028606838804159,2.625014984580704,-0.10114159579858381,0.4847672885679458,0.0006256641651589535,0.4702734471285447,0.94999999961376,AAPL
2021-06-25,133.14,0.010908500482343549,0.01090683828897454,0.010617413631660777,0.10304083477758115,2.6270409592493427,-0.10114159579858381,0.4847672885679458,0.0006256641651589535,0.4702734471285447,0.94999999961376,AAPL
2021-06-28,134.75,0.010754290221531241,0.010795917006817035,0.010467568759713776,0.10231113702678597,2.5393724616841427,-0.10114159579858381,0.4847672885679458,0.0006256641651589535,0.4702734471285447,0.94999999961376,AAPL
2021-06-29,136.33,0.01069153027510931,0.010754206522506138,0.01040658546786291,0.10201267307478473,2.434400595113368,-0.10114159502140417,0.48476730733381285,0.0006256661036094048,0.47027344652184944,0.94999999961376,AAPL
2021-06-30,136.88,0.010573299547049534,0.010625521827478224,0.010291701619061944,0.10144802422453551,2.525819301576709,-0.10114159502140417,0.48476730733381285,0.0006256661036094048,0.47027344652184944,0.94999999961376,AAPL
2021-07-01,137.27,0.010478271126771271,0.010525257177050662,0.010199363266366331,0.10099189703320921,2.5751153669678852,-0.10114159502140417,0.48476730733381285,0.0006256661036094048,0.47027344652184944,0.94999999961376,AAPL
2021-07-02,139.96,0.010324549411643406,0.010464634965956066,0.01004999311050257,0.10024965391712118,2.267748407969768,-0.10114159502140417,0.48476730733381285,0.0006256661036094048,0.47027344652184944,0.94999999961376,AAPL
2021-07-06,141.95,0.01009429460889402,0.010270865588154265,0.00982625636812725,0.09912747534426189,2.207342658032826,-0.10114159502140417,0.48476730733381285,0.0006256661036094048,0.47027344652184944,0.94999999961376,AAPL
2021-07-07,144.67,0.009496737073018818,0.010033898641268024,0.00926005628200941,0.09622918622751317,1.9923383583197118,-0.14449778651482248,0.444132997143149,0.0003854494793785622,0.4693366085789435,0.9499999638252328,AAPL
2021-07-08,143.25,0.00939858517789805,0.00953628118350025,0.009164454044984437,0.09573115503839091,2.6108943947088084,-0.14449778651482248,0.444132997143149,0.0003854494793785622,0.4693366085789435,0.9499999638252328,AAPL
2021-07-09,145.1,0.008833174727044488,0.009315266225712548,0.008613731067375209,0.09281018838131516,2.472041254516489,-0.14449778651482248,0.444132997143149,0.0003854494793785622,0.4693366085789435,0.9499999638252328,AAPL
2021-07-12,144.58,0.00902364198024503,0.009179940582725976,0.008799250618103889,0.09380432089250414,2.626535576779011,-0.14449778651482248,0.444132997143149,0.0003854494793785622,0.4693366085789435,0.9499999638252328,AAPL
2021-07-13,145.69,0.00859209251681688,0.00898664215583267,0.008378911366988118,0.09153639367480083,2.5750933348988743,-0.14449778651482248,0.444132997143149,0.0003854494793785622,0.4693366085789435,0.9499999638252328,AAPL
2021-07-14,149.29,0.0025266528486478207,0.005877720118405705,0.0024733573618564543,0.04973285998066524,2.0444213751709652,-0.15709726871637086,0.35958751140435163,1.020403253039833e-06,0.4661366342982013,0.9499999133131536,AAPL
2021-07-15,148.47,0.0009203022917976427,0.002433333734984444,0.0009009037542797209,0.030015058791875136,2.600664823788526,-0.15709726871637086,0.35958751140435163,1.020403253039833e-06,0.4661366342982013,0.9499999133131536,AAPL
2021-07-16,146.34,0.0024390877504288947,0.0010279115672631178,0.0023876400481574103,0.04886348379063255,2.6922679180765208,-0.15709726871637086,0.35958751140435163,1.020403253039833e-06,0.4661366342982013,0.9499999133131536,AAPL
2021-07-19,142.53,0.010129785904104443,0.002468349865239361,0.009916050335040238,0.0995793670146594,2.0411174296580166,-0.15709726871637086,0.35958751140435163,1.020403253039833e-06,0.4661366342982013,0.9499999133131536,AAPL
2021-07-20,146.15,0.008264935138651078,0.010075796285491379,0.008090551348393529,0.08994749217400966,2.7329540072554925,-0.15709726871637086,0.35958751140435163,1.020403253039833e-06,0.4661366342982013,0.9499999133131536,AAPL
2021-07-21,145.38,0.008436151126171054,0.008311627243529074,0.008258748854841506,0.09087765872227072,2.675105808953564,-0.16022503778308092,0.3583684454599758,1e-06,0.46339353603409644,0.9407283408802447,AAPL
2021-07-22,146.78,0.007034878261279968,0.008412438808136358,0.006886946592819984,0.08298762915531437,2.601326629262825,-0.16022503778308092,0.3583684454599758,1e-06,0.46339353603409644,0.9407283408802447,AAPL
2021-07-23,148.53,0.00495401478537205,0.006984654656662315,0.00484984640003896,0.06964083859373722,2.4615434502635907,-0.16022503778308092,0.3583684454599758,1e-06,0.46339353603409644,0.9407283408802447,AAPL
2021-07-26,148.99,0.0034262617791579386,0.004927907100181983,0.003354224039651932,0.05791566316336136,2.5665957887662842,-0.16022503778308092,0.3583684454599758,1e-06,0.46339353603409644,0.9407283408802447,AAPL
2021-07-27,146.81,0.004644875936323732,0.0035858976101508233,0.0045472091457050764,0.06743299745454799,2.661693827688547,-0.16022503778308092,0.3583684454599758,1e-06,0.46339353603409644,0.9407283408802447,AAPL
2021-07-28,144.99,0.007144175353042566,0.004369050124637397,0.006990034039424397,0.08360642343399458,2.5422799576478616,-0.15672704888618,0.3678361706334015,1.0203917564839522e-06,0.4675642563629039,0.9499999133619987,AAPL
2021-07-29,145.6,0.007950586917506722,0.007111043473287282,0.00777904414213432,0.08819888968765037,2.7101528210192685,-0.15672704888618,0.3678361706334015,1.0203917564839522e-06,0.4675642563629039,0.9499999133619987,AAPL
2021-07-30,145.95,0.007846896278569155,0.007905701567779033,0.0076775910314853535,0.08762186388958725,2.693158450746181,-0.15672704888618,0.3678361706334015,1.0203917564839522e-06,0.4675642563629039,0.9499999133619987,AAPL
2021-08-02,145.54,0.008082597262101695,0.007843660090884441,0.007908205850792185,0.08892809370942449,2.672002678715846,-0.15672704888618,0.3678361706334015,1.0203917564839522e-06,0.4675642563629039,0.9499999133619987,AAPL
2021-08-03,147.33,0.006913409255843348,0.008141256834505839,0.006764247617110242,0.0822450461554387,2.577220872906915,-0.15672704888618,0.3678361706334015,1.0203917564839522e-06,0.4675642563629039,0.9499999133619987,AAPL
2021-08-04,146.95,0.007910723350767753,0.0080007823496544,0.007642708319857436,0.08742258472418575,2.646792126746203,-0.23414585342912658,0.582489195370965,1e-06,0.4241645281384543,0.939692534002361,AAPL
2021-08-05,147.03,0.007229887318296944,0.00734800919326517,0.0069849419046406624,0.08357596487412312,2.660883656166168,-0.23414585342912658,0.582489195370965,1e-06,0.4241645281384543,0.939692534002361,AAPL
2021-08-06,146.1,0.007184679472718678,0.007075556507061265,0.006941265892932272,0.08331425984147174,2.6693586948194468,-0.23414585342912658,0.582489195370965,1e-06,0.4241645281384543,0.939692534002361,AAPL
2021-08-09,146.12,0.0071428488160121435,0.007119157513443497,0.0069008526365889385,0.08307137073979783,2.6790569189899665,-0.23414585342912658,0.582489195370965,1e-06,0.4241645281384543,0.939692534002361,AAPL
2021-08-10,145.61,0.007320803744932304,0.007220279850571387,0.0070727776964909185,0.08409980794562445,2.671995245801305,-0.23414585342912658,0.582489195370965,1e-06,0.4241645281384543,0.939692534002361,AAPL
2021-08-11,145.91,0.007628194549275222,0.007701092417164546,0.007477997979279562,0.08647541835272936,2.677587045604664,-0.13727259084106408,0.33524544075712626,1e-06,0.4133083197368382,0.9414635091284526,AAPL
2021-08-12,148.88,0.005186798085894022,0.007565907419575524,0.005084678088802122,0.07130692875732429,2.3814909954579644,-0.13727259084106408,0.33524544075712626,1e-06,0.4133083197368382,0.9414635091284526,AAPL
2021-08-13,149.1,0.003879520916467375,0.005306843159132768,0.0038031441393252237,0.06166963709415861,2.5584949234962044,-0.13727259084106408,0.33524544075712626,1e-06,0.4133083197368382,0.9414635091284526,AAPL
2021-08-16,151.13,0.0008282335146784763,0.0036623081784910028,0.0008119434311244955,0.028494621091084815,2.3925498485229086,-0.13727259084106408,0.33524544075712626,1e-06,0.4133083197368382,0.9414635091284526,AAPL
2021-08-17,150.17,1e-10,0.0008328001364077409,1.9790273975367734e-08,0.0001406779086259379,2.698230179370817,-0.13727259084106408,0.33524544075712626,1e-06,0.4133083197368382,0.9414635091284526,AAPL
2021-08-18,146.37,0.009680190233290229,0.009271551322399318,0.009301630003603421,0.09644495841464924,2.3029243037587106,-0.07930982610962584,0.6747713318770153,1e-06,0.5229669032215749,0.7133704393153519,AAPL
2021-08-19,146.69,0.009635520135652244,0.00942901753114711,0.009258706986249468,0.09622217512740744,2.5976358993692554,-0.07930982610962584,0.6747713318770153,1e-06,0.5229669032215749,0.7133704393153519,AAPL
2021-08-20,148.19,0.009134424151907593,0.00927061116681216,0.008777209233981773,0.0936867612524938,2.632642422911311,-0.07930982610962584,0.6747713318770153,1e-06,0.5229669032215749,0.7133704393153519,AAPL
2021-08-23,149.67,0.00852119592539606,0.008826562193917198,0.00818796481321054,0.09048737377784008,2.544076443011513,-0.07930982610962584,0.6747713318770153,1e-06,0.5229669032215749,0.7133704393153519,AAPL
2021-08-24,149.63,0.007768974879854375,0.007954177047849953,0.007465163684512323,0.08640117872177626,2.631175008779472,-0.07930982610962584,0.6747713318770153,1e-06,0.5229669032215749,0.7133704393153519,AAPL
2021-08-25,148.36,0.00668290372824537,0.006213785173713404,0.006496891933555541,0.08060329976840613,2.6627645689773165,-0.08669991932421516,0.4765669598719745,1e-06,0.4982911875756908,0.72433278941641,AAPL
2021-08-26,147.53,0.007236145914449898,0.006347351526073908,0.007034732884402695,0.08387331449515212,2.6517662945004394,-0.08669991932421516,0.4765669598719745,1e-06,0.4982911875756908,0.72433278941641,AAPL
2021-08-27,148.59,0.006653054194589048,0.007039212507379489,0.006467873355499882,0.08042308969133106,2.6870759898161705,-0.08669991932421516,0.4765669598719745,1e-06,0.4982911875756908,0.72433278941641,AAPL
2021-08-30,153.09,0.0027162397574504744,0.00636715320570147,0.0026406525235067187,0.051387279783101175,1.9938536135559046,-0.08669991932421516,0.4765669598719745,1e-06,0.4982911875756908,0.72433278941641,AAPL
2021-08-31,151.82,0.0014079492353595055,0.002493718279083623,0.0013687823806799893,0.03699705908149983,2.630458147582404,-0.08669991932421516,0.4765669598719745,1e-06,0.4982911875756908,0.72433278941641,AAPL
2021-09-01,152.54,0.005099454208139254,0.005432294135744087,0.004873193406151991,0.06980826173277767,2.6261463860114476,-0.07856859461371772,0.7684633426232668,1e-06,0.5221846392743,0.7088305094503669,AAPL
2021-09-02,153.71,0.10880216222672509,0.10652247728648945,0.10397375008108585,0.32244960859192534,2.067758828401099,-0.07856859461371772,0.7684633426232668,1e-06,0.5221846392743,0.7088305094503669,AAPL
2021-09-03,154.31,0.1009831051812196,0.09948934185013059,0.096501689604673,0.3106472108432216,2.1040630342044935,-0.07856859461371772,0.7684633426232668,1e-06,0.5221846392743,0.7088305094503669,AAPL
2021-09-07,156.7,0.11336113617393097,0.10903722536022542,0.10833040445074466,0.32913584498007,2.02001725502409,-0.07856859461371772,0.7684633426232668,1e-06,0.5221846392743,0.7088305094503669,AAPL
2021-09-08,155.12,0.12269304099524456,0.12454889328000718,0.11724817506927017,0.342415208583483,2.027846010394591,-0.07856859461371772,0.7684633426232668,1e-06,0.5221846392743,0.7088305094503669,AAPL
2021-09-09,154.12,0.003520635599186481,0.0034930477754642197,0.00356342612649935,0.05969443966149066,2.677938832523285,0.47281942775968133,14.621777122493178,0.003601943278241609,0.0011167517776498853,-0.95,AAPL
2021-09-10,149.02,0.0036508862020785226,0.003525351944972499,0.0036251285670857057,0.060209040576027335,1.4783053761731808,0.47281942775968133,14.621777122493178,0.003601943278241609,0.0011167517776498853,-0.95,AAPL
2021-09-13,149.62,0.0037170286468341572,0.0036480483501009076,0.003656461629483532,0.060468683047371984,2.3586617024058367,0.47281942775968133,14.621777122493178,0.003601943278241609,0.0011167517776498853,-0.95,AAPL
2021-09-14,148.24,0.0037858277870414367,0.0037103513640204255,0.003689053224199992,0.06073757670668128,2.2816135880600212,0.47281942775968133,14.621777122493178,0.003601943278241609,0.0011167517776498853,-0.95,AAPL
2021-09-15,149.1,0.0038082921278995313,0.0037751588046148754,0.003699695053307356,0.06082511860495922,2.6475728532854106,0.47281942775968133,14.621777122493178,0.003601943278241609,0.0011167517776498853,-0.95,AAPL
2021-09-16,148.85,0.0038169451007311218,0.0037776737668764326,0.003723924384003319,0.06102396565287542,2.6844752159689333,0.28053494552049685,13.82140799016359,0.003634373803105465,0.011327445481062823,-0.8000055890327147,AAPL
2021-09-17,146.01,0.0039272100266824405,0.00380693553609035,0.003778008943296126,0.061465510193084105,2.257167693241882,0.28053494552049685,13.82140799016359,0.003634373803105465,0.011327445481062823,-0.8000055890327147,AAPL
2021-09-20,143.0,0.004087071085694899,0.003911149637019662,0.0038564202318375736,0.062100082381890395,1.7141841625083005,0.28053494552049685,13.82140799016359,0.003634373803105465,0.011327445481062823,-0.8000055890327147,AAPL
2021-09-21,143.41,0.004158717720202244,0.004062243900534668,0.0038915626546770295,0.06238239058161389,2.4272832325782634,0.28053494552049685,13.82140799016359,0.003634373803105465,0.011327445481062823,-0.8000055890327147,AAPL
2021-09-22,145.8,0.004113737763197078,0.004129957695795383,0.0038695001435870764,0.062205306394125866,2.721005781440253,0.28053494552049685,13.82140799016359,0.003634373803105465,0.011327445481062823,-0.8000055890327147,AAPL
2021-09-23,146.75,0.004125331056572441,0.004162201083090622,0.0039713743138838605,0.06301884094367224,2.6731286062072734,0.17063896735258707,14.351746292407853,0.003829669597271101,0.012483322061149512,-0.5954006761254488,AAPL
2021-09-24,146.93,0.004084489972826851,0.004108495363311704,0.003951799986502799,0.06286334374261998,2.7038254188409887,0.17063896735258707,14.351746292407853,0.003829669597271101,0.012483322061149512,-0.5954006761254488,AAPL
2021-09-27,145.38,0.004104460939370781,0.004069976230994143,0.003961371677589212,0.06293942864047315,2.680096431083848,0.17063896735258707,14.351746292407853,0.003829669597271101,0.012483322061149512,-0.5954006761254488,AAPL
2021-09-28,141.96,0.0042143276357511205,0.004088812858640267,0.004014028622165436,0.0633563621285616,2.1016450509170546,0.17063896735258707,14.351746292407853,0.003829669597271101,0.012483322061149512,-0.5954006761254488,AAPL
2021-09-29,142.84,0.00424257941493272,0.004192423145241264,0.004027569143720714,0.06346313216128491,2.627945716230366,0.17063896735258707,14.351746292407853,0.003829669597271101,0.012483322061149512,-0.5954006761254488,AAPL
2021-09-30,141.3,0.0044777465164971865,0.004358981942232276,0.004119035373353128,0.06417971153996509,2.480343995248721,0.16670811587875642,14.329642393645976,0.0037882623353041062,0.029883185646609838,-0.5974817093162699,AAPL
2021-10-01,142.6,0.004452755808440989,0.004438541629951942,0.0041070463348048605,0.06408624138459722,2.719936870680229,0.16670811587875642,14.329642393645976,0.0037882623353041062,0.029883185646609838,-0.5974817093162699,AAPL
2021-10-04,139.19,0.004586044897779512,0.0044149729008040595,0.004170990422605396,0.06458320542219469,2.225808734156972,0.16670811587875642,14.329642393645976,0.0037882623353041062,0.029883185646609838,-0.5974817093162699,AAPL
2021-10-05,141.08,0.004556133870432594,0.004540679328783881,0.00415664091081589,0.064472016494103,2.7178159967876763,0.16670811587875642,14.329642393645976,0.0037882623353041062,0.029883185646609838,-0.5974817093162699,AAPL
2021-10-06,142.0,0.004483004824884156,0.0045124728428618255,0.004121557993432891,0.06419936131639388,2.705754231105088,0.16670811587875642,14.329642393645976,0.0037882623353041062,0.029883185646609838,-0.5974817093162699,AAPL
2021-10-07,143.29,0.0041581755842000035,0.004228060855211879,0.0038668684711165606,0.06218414967752281,2.635268969660808,0.1577243101877912,14.338496543261517,0.00359844785058558,0.029576169351642707,-0.5768663447908173,AAPL
2021-10-08,142.99,0.004102795907406709,0.004126329779637672,0.0038403108318985236,0.06197024150266419,2.7145446192191054,0.1577243101877912,14.338496543261517,0.00359844785058558,0.029576169351642707,-0.5768663447908173,AAPL
2021-10-11,142.8,0.004072667509878107,0.0040741002262620896,0.003825862587377908,0.06185355759677779,2.7261288137091197,0.1577243101877912,14.338496543261517,0.00359844785058558,0.029576169351642707,-0.5768663447908173,AAPL
2021-10-12,141.48,0.004106985197535648,0.004045686500148804,0.0038423198298245917,0.06198644875958448,2.6571904838602562,0.1577243101877912,14.338496543261517,0.00359844785058558,0.029576169351642707,-0.5768663447908173,AAPL
2021-10-13,140.96,0.0041409114452025135,0.004078053436955997,0.0038585893549957367,0.06211754466328927,2.653879973585479,0.1577243101877912,14.338496543261517,0.00359844785058558,0.029576169351642707,-0.5768663447908173,AAPL
2021-10-14,143.75,0.003766961742702785,0.0038376165674662843,0.003605813807132321,0.060048428848158225,2.595705911648077,0.09614527950480939,14.888376500681929,0.0034638642265665803,0.029687755633308513,-0.42914969155850785,AAPL
2021-10-15,144.83,0.0036700099059891193,0.003749055406046864,0.003560408378767152,0.059669157684411396,2.561329111936819,0.09614527950480939,14.888376500681929,0.0034638642265665803,0.029687755633308513,-0.42914969155850785,AAPL
2021-10-18,146.54,0.0035520122019635676,0.0036578315454107724,0.0035051465448607978,0.059204278095934905,2.424542907103731,0.09614527950480939,14.888376500681929,0.0034638642265665803,0.029687755633308513,-0.42914969155850785,AAPL
2021-10-19,148.78,0.0034075458398640265,0.003546804876918941,0.003437488651232026,0.058630100215094516,2.1942901082265993,0.09614527950480939,14.888376500681929,0.0034638642265665803,0.029687755633308513,-0.42914969155850785,AAPL
2021-10-20,149.34,0.0033107500984510584,0.0034108730257003117,0.0033921563269382624,0.058242221171056506,2.4536534054819397,0.09614527950480939,14.888376500681929,0.0034638642265665803,0.029687755633308513,-0.42914969155850785,AAPL
2021-10-21,149.46,0.003257983496696202,0.003319803560884793,0.003367447498425542,0.05802971220353882,2.6295234117609714,0.09614527700211165,14.888376501150539,0.003463870509225745,0.0296877681030772,-0.4291496857686527,AAPL
2021-10-22,148.69,0.0032613287362923296,0.0032701481932235765,0.003369014173611819,0.05804320953920294,2.7390927575244595,0.09614527700211165,14.888376501150539,0.003463870509225745,0.0296877681030772,-0.4291496857686527,AAPL
2021-10-25,148.65,0.003271251549621083,0.0032732955960455,0.003373661322186232,0.058083227546222256,2.7426116298412624,0.09614527700211165,14.888376501150539,0.003463870509225745,0.0296877681030772,-0.4291496857686527,AAPL
2021-10-26,149.26,0.0032625122440585663,0.0032826321881884724,0.003369568445494848,0.05804798399164994,2.7312825895655353,0.09614527700211165,14.888376501150539,0.003463870509225745,0.0296877681030772,-0.4291496857686527,AAPL
2021-10-27,148.85,0.0032780690717014965,0.003274409364053099,0.003376854170521413,0.058110706160925396,2.7428568315466952,0.09614527700211165,14.888376501150539,0.003463870509225745,0.0296877681030772,-0.4291496857686527,AAPL
2021-10-28,152.48,0.0020566648089584364,0.0022258404442254687,0.0022092682721622453,0.04700285387252826,2.34064383144758,0.1260026887194348,10.368877245450461,0.002415194264430319,0.12437261181740794,-0.148810063794214,AAPL
2021-10-29,149.8,0.0020974409859565685,0.0020712394133965972,0.0022326885925322616,0.047251334293671135,2.7541551404968243,0.1260026887194348,10.368877245450461,0.002415194264430319,0.12437261181740794,-0.148810063794214,AAPL
2021-11-01,148.98,0.0021707367903872447,0.0021107215437723426,0.0022747869781073273,0.04769472694237097,2.7122410393011767,0.1260026887194348,10.368877245450461,0.002415194264430319,0.12437261181740794,-0.148810063794214,AAPL
2021-11-02,150.0,0.002172682418778868,0.002180564213631442,0.002275904474734216,0.04770644060013507,2.765698649329145,0.1260026887194348,10.368877245450461,0.002415194264430319,0.12437261181740794,-0.148810063794214,AAPL
2021-11-03,151.48,0.0021096994112851574,0.002182679572570123,0.0022397293763811404,0.047325779194653944,2.6862978068527466,0.1260026887194348,10.368877245450461,0.002415194264430319,0.12437261181740794,-0.148810063794214,AAPL
2021-11-04,150.96,0.0012857435136337059,0.0012984704756604515,0.001324866464979666,0.03639871515561595,2.780196373415773,0.18788673664626682,8.097349772365488,0.0013949480958684445,0.09252812443554324,0.042999256847219655,AAPL
2021-11-05,151.24,0.1147041635692024,0.11481488369827275,0.07411071196400061,0.272232826756805,2.0320573456275266,0.18788673664626682,8.097349772365488,0.0013949480958684445,0.09252812443554324,0.042999256847219655,AAPL
2021-11-08,150.44,0.0012688114837376182,0.0012397790612226345,0.0013140003983266688,0.03624914341507491,2.7690732395363256,0.18788673664626682,8.097349772365488,0.0013949480958684445,0.09252812443554324,0.042999256847219655,AAPL
2021-11-09,150.83,0.09291041617790992,0.09307873278521583,0.06012465635072264,0.24520329596219265,2.108595755548117,0.18788673664626682,8.097349772365488,0.0013949480958684445,0.09252812443554324,0.042999256847219655,AAPL
2021-11-10,147.94,0.07264906401447713,0.06836229313921649,0.04712200962502911,0.2170760457190731,2.105061592611568,0.18788673664626682,8.097349772365488,0.0013949480958684445,0.09252812443554324,0.042999256847219655,AAPL
2021-11-11,147.87,0.0015065615359754721,0.001416262968348292,0.0015071610549411375,0.03882217220791667,2.6214062492198345,0.11387598573922547,8.399683548369357,0.0015081912415855021,0.09171613649142484,0.03102859554897499,AAPL
2021-11-12,149.99,0.05424904212542682,0.05642489146339358,0.034847292401062005,0.18667429496602367,2.224213203772492,0.11387598573922547,8.399683548369357,0.0015081912415855021,0.09171613649142484,0.03102859554897499,AAPL
2021-11-15,150.0,0.0014589130682225054,0.0014751459269746192,0.0014770410045458772,0.03843229116961253,2.775980301382404,0.11387598573922547,8.399683548369357,0.0015081912415855021,0.09171613649142484,0.03102859554897499,AAPL
2021-11-16,151.0,0.0014042408006696347,0.0014537761236965707,0.0014424809959753373,0.037980007845909367,2.7303211139594,0.11387598573922547,8.399683548369357,0.0015081912415855021,0.09171613649142484,0.03102859554897499,AAPL
2021-11-17,153.65,0.07771992555232428,0.07836420706371428,0.049683953997497414,0.22289897711182394,2.0818406044678595,0.11387598573922547,8.399683548369357,0.0015081912415855021,0.09171613649142484,0.03102859554897499,AAPL
2021-11-18,157.89,0.001026297313605636,0.001284467928144295,0.0012035714069938178,0.03469252667353328,1.3900512781325702,0.11387598575437557,8.399683548200022,0.0015081913003808795,0.09171613660553533,0.03102859558503209,AAPL
2021-11-19,160.56,0.0007696288930362281,0.0010423602093396767,0.0010413234664604888,0.03226954394565391,1.2411121022462297,0.11387598575437557,8.399683548200022,0.0015081913003808795,0.09171613660553533,0.03102859558503209,AAPL
2021-11-22,161.13,0.1822382500136824,0.18247341160167707,0.1157531761475577,0.34022518446987093,1.8477837263324675,0.11387598575437557,8.399683548200022,0.0015081913003808795,0.09171613660553533,0.03102859558503209,AAPL
2021-11-23,161.42,0.19533232520034013,0.19545992239000043,0.1240303406211252,0.3521794153852908,1.8243918717174739,0.11387598575437557,8.399683548200022,0.0015081913003808795,0.09171613660553533,0.03102859558503209,AAPL
2021-11-24,161.98,0.021136173325809412,0.021153799070816603,0.013915637660108664,0.11796456103469662,2.492495680363148,0.11387598575437557,8.399683548200022,0.0015081913003808795,0.09171613660553533,0.03102859558503209,AAPL
2021-11-26,156.81,0.0012847558617402979,0.0011712524590734574,0.001579684583065425,0.03974524604358897,2.4140213284632175,0.052345241364315884,8.910991529958277,0.0020534782317220726,0.17878453716973414,0.050789458946566904,AAPL
2021-11-29,160.24,0.0012716465059990105,0.001312393089961006,0.00157160477463166,0.03964347076924093,2.7408927087055197,0.052345241364315884,8.910991529958277,0.0020534782317220726,0.17878453716973414,0.050789458946566904,AAPL
2021-11-30,165.45,0.0010982439705705394,0.0013003225056991141,0.0014647300131375761,0.03827179134999532,1.672664699502855,0.052345241364315884,8.910991529958277,0.0020534782317220726,0.17878453716973414,0.050789458946566904,AAPL
2021-12-01,164.68,0.0010261383680519075,0.0011331266293836961,0.0014202885114460119,0.037686715317814735,2.475569068655358,0.052345241364315884,8.910991529958277,0.0020534782317220726,0.17878453716973414,0.050789458946566904,AAPL
2021-12-02,163.8,0.0010226538555273598,0.0010630777903202215,0.0014181408701553929,0.03765821119165637,2.744223064565159,0.052345241364315884,8.910991529958277,0.0020534782317220726,0.17878453716973414,0.050789458946566904,AAPL
2021-12-03,161.87,0.0009148479945566123,0.0008733988610174492,0.001293768539123275,0.035968994135550623,2.75198563367915,0.05318727076856432,8.921635460575567,0.0019016626600480329,0.18371638229732964,0.05235666031599204,AAPL
2021-12-06,165.25,0.0008564984455718072,0.0009500990847186586,0.0012578242539126269,0.035465818105784995,2.586842945421273,0.05318727076856432,8.921635460575567,0.0019016626600480329,0.18371638229732964,0.05235666031599204,AAPL
2021-12-07,171.18,0.0006222919352499,0.0008947062535469286,0.001113549178069392,0.033369884298112155,1.0469239885455888,0.05318727076856432,8.921635460575567,0.0019016626600480329,0.18371638229732964,0.05235666031599204,AAPL
2021-12-08,175.14,0.0003486999363764335,0.0006686376670188565,0.000945011991236634,0.030741047334738515,0.40765248475423377,0.05318727076856432,8.921635460575567,0.0019016626600480329,0.18371638229732964,0.05235666031599204,AAPL
2021-12-09,174.52,0.00020688226484679524,0.0004032760819541181,0.0008576499649303325,0.02928566142210779,1.9276349557688368,0.05318727076856432,8.921635460575567,0.0019016626600480329,0.18371638229732964,0.05235666031599204,AAPL
2021-12-10,179.5,0.0016509644823043323,0.0018636531077618201,0.0021792789294300687,0.04668274766367195,1.089001799581353,0.051377624495692456,8.90760709326095,0.003028367793519798,0.18063037496316736,0.048284737566574386,AAPL
2021-12-13,175.89,0.0016584528968443199,0.0017000343558493114,0.002183895100557159,0.0467321634482843,2.7094289839701076,0.051377624495692456,8.90760709326095,0.003028367793519798,0.18063037496316736,0.048284737566574386,AAPL
2021-12-14,174.32,0.0017241417981362591,0.0017068560131860977,0.002224388479749094,0.04716342311314027,2.7640941265898276,0.051377624495692456,8.90760709326095,0.003028367793519798,0.18063037496316736,0.048284737566574386,AAPL
2021-12-15,179.33,0.0016434258971684045,0.001771819411544584,0.0021746318310546043,0.04663294791297891,2.2351721680745587,0.051377624495692456,8.90760709326095,0.003028367793519798,0.18063037496316736,0.048284737566574386,AAPL
2021-12-16,172.29,0.0018110777666079405,0.0016932961932525359,0.0022779794375441804,0.047728182843516896,2.327675524007421,0.051377624495692456,8.90760709326095,0.003028367793519798,0.18063037496316736,0.048284737566574386,AAPL
2021-12-17,170.91,0.0018576614721568182,0.0017372722221580261,0.0022996978077927,0.04795516455808175,2.3405608631243733,0.03140296144986374,9.250143656632993,0.0029800955273829076,0.18023020628701128,0.036028007139473205,AAPL
2021-12-20,169.84,0.0020100805482927845,0.0018988304799449907,0.002392091290814799,0.04890901032340359,2.4014258460219207,0.03140296144986374,9.250143656632993,0.0029800955273829076,0.18023020628701128,0.036028007139473205,AAPL
2021-12-21,172.96,0.0020251687346226495,0.0020461772516000565,0.00240123745626104,0.04900242296316622,2.760378706049697,0.03140296144986374,9.250143656632993,0.0029800955273829076,0.18023020628701128,0.036028007139473205,AAPL
2021-12-22,175.6,0.0019726022493018265,0.002061051051668983,0.0023693726740293963,0.048676202337789215,2.520179121125861,0.03140296144986374,9.250143656632993,0.0029800955273829076,0.18023020628701128,0.036028007139473205,AAPL
2021-12-23,176.29,0.0019351205891968476,0.0020096557643114465,0.0023466520198019668,0.048442254487192964,2.586189753865185,0.03140296144986374,9.250143656632993,0.0029800955273829076,0.18023020628701128,0.036028007139473205,AAPL
2021-12-27,180.33,0.0018800330588677275,0.0020358469341204,0.0023460896909351216,0.048436450024079196,1.9352332675767605,0.019018900522973104,9.606115688025488,0.0030330115967708723,0.1799540869843493,0.02658899701971111,AAPL
2021-12-28,179.39,0.0018504881022349611,0.0019241158256022572,0.0023284873876390656,0.04825440277984037,2.5814580636942877,0.019018900522973104,9.606115688025488,0.0030330115967708723,0.1799540869843493,0.02658899701971111,AAPL
2021-12-29,179.37,0.0018494620432042501,0.001895782438225524,0.0023278760818760303,0.048248068167295884,2.6966341790141772,0.019018900522973104,9.606115688025488,0.0030330115967708723,0.1799540869843493,0.02658899701971111,AAPL
2021-12-30,178.39,0.0018919487068987642,0.0018948343425790881,0.0023531887993622686,0.048509677378459945,2.7711045695374623,0.019018900522973104,9.606115688025488,0.0030330115967708723,0.1799540869843493,0.02658899701971111,AAPL
2021-12-31,177.58,0.0019559617265213223,0.0019352876753373494,0.0023913264957650116,0.04890119114873391,2.7574017298037665,0.019018900522973104,9.606115688025488,0.0030330115967708723,0.1799540869843493,0.02658899701971111,AAPL
2022-01-03,181.96,0.001789426362822419,0.0018953080377741571,0.0022625321295397134,0.047566081713125305,2.3946250792875743,0.01166767374016835,9.975480478080987,0.0029301663941890955,0.17959349150078044,0.019953733853982428,AAPL
2022-01-04,179.72,0.001826690624176614,0.0018342734809948524,0.0022843415664340287,0.04779478597539724,2.7708493430739582,0.01166767374016835,9.975480478080987,0.0029301663941890955,0.17959349150078044,0.019953733853982428,AAPL
2022-01-05,174.86,0.0019997287927600695,0.0018708894512542429,0.0023856146060941548,0.04884275387500335,2.209641722513677,0.01166767374016835,9.975480478080987,0.0029301663941890955,0.17959349150078044,0.019953733853982428,AAPL
2022-01-06,172.0,0.00220024112401077,0.002036932546900516,0.0025029672886920573,0.0500296640873398,1.8657569449424116,0.01166767374016835,9.975480478080987,0.0029301663941890955,0.17959349150078044,0.019953733853982428,AAPL
2022-01-07,172.13,0.0023298545607401367,0.0022290520950036807,0.002578825388820109,0.05078213651295216,2.4206578235666347,0.01166767374016835,9.975480478080987,0.0029301663941890955,0.17959349150078044,0.019953733853982428,AAPL
2022-01-10,172.17,0.0025653160026586357,0.002506762989355593,0.002764077906945338,0.05257449863712766,2.6316486663407517,0.007453519650894919,10.360206840155545,0.003032551142578574,0.17999884569314675,0.015411117350930982,AAPL
2022-01-11,175.0,0.002548574312359315,0.0025847728452390584,0.002754458134414106,0.052482931838971285,2.708919423027706,0.007453519650894919,10.360206840155545,0.003032551142578574,0.17999884569314675,0.015411117350930982,AAPL
2022-01-12,175.56,0.0025321724853937773,0.0025685032090905224,0.0027450336472993548,0.052393068695194354,2.7050481476200323,0.007453519650894919,10.360206840155545,0.003032551142578574,0.17999884569314675,0.015411117350930982,AAPL
2022-01-13,172.3,0.002611900575857987,0.0025527594182221947,0.002790845395151739,0.05282845251520944,2.613536789057953,0.007453519650894919,10.360206840155545,0.003032551142578574,0.17999884569314675,0.015411117350930982,AAPL
2022-01-14,173.1,0.002646092141563952,0.0026292846930573432,0.0028104918632620352,0.05301407231350969,2.746054561928675,0.007453519650894919,10.360206840155545,0.003032551142578574,0.17999884569314675,0.015411117350930982,AAPL
2022-01-17,173.07,0.0025221280522743413,0.0025107479353891904,0.0026716840029647995,0.051688335269814985,2.754431064133119,0.004501312683056156,10.757882354655525,0.0028650494869258748,0.17907727474497742,0.011542469578678485,AAPL
2022-01-18,169.85,0.002624267659706799,0.0025369396870473793,0.0027292781706867476,0.05224249391718151,2.4315259062002497,0.004501312683056156,10.757882354655525,0.0028650494869258748,0.17907727474497742,0.011542469578678485,AAPL
2022-01-19,166.22,0.0027809189235313333,0.0026346698533643576,0.0028176102035715567,0.053081166185112744,1.8318038012798397,0.004501312683056156,10.757882354655525,0.0028650494869258748,0.17907727474497742,0.011542469578678485,AAPL
2022-01-20,164.52,0.00291892429711993,0.002784678875627833,0.0028954282492131334,0.05380918368841078,1.9674908064968308,0.004501312683056156,10.757882354655525,0.0028650494869258748,0.17907727474497742,0.011542469578678485,AAPL
2022-01-21,162.4,0.0030537032887652717,0.002916734401537724,0.002971427012526865,0.054510797210523945,1.9187519346422364,0.004501312683056156,10.757882354655525,0.0028650494869258748,0.17907727474497742,0.011542469578678485,AAPL
2022-01-24,162.09,0.003534801226387896,0.00345270582977264,0.0034142293061797105,0.058431406847514036,2.393420385090083,0.0029659553412648113,11.172188103290003,0.003265053464195729,0.17944069298356824,0.009010968708097153,AAPL
2022-01-25,160.03,0.003620365060571461,0.003522804474187069,0.003461547796994911,0.05883491987752606,2.237337388514181,0.0029659553412648113,11.172188103290003,0.003265053464195729,0.17944069298356824,0.009010968708097153,AAPL
2022-01-26,159.69,0.0036707979038472366,0.0036045368008217338,0.003489438155744024,0.059071466510863126,2.5026994170975216,0.0029659553412648113,11.172188103290003,0.003265053464195729,0.17944069298356824,0.009010968708097153,AAPL
2022-01-27,159.08,0.0037065371537120975,0.0036528804117779146,0.003509202667030937,0.05923852350481853,2.579846985314104,0.0029659553412648113,11.172188103290003,0.003265053464195729,0.17944069298356824,0.009010968708097153,AAPL
2022-01-28,170.31,0.003468830356169786,0.0036870840765459434,0.0033777461115417815,0.058118380152424945,0.08719693747177404,0.0029659553412648113,11.172188103290003,0.003265053464195729,0.17944069298356824,0.009010968708097153,AAPL
2022-01-31,174.58,0.003498856048496583,0.0037094748403205813,0.00350873222579178,0.059234552634351685,0.04534854209219796,0.0016368800592032559,11.596052055275234,0.0035204307188670364,0.1797493843432607,0.006406602891643398,AAPL
2022-02-01,174.54,0.0033755289468315303,0.0034999049415773698,0.0034418602309919943,0.058667369388715515,1.799159570458756,0.0016368800592032559,11.596052055275234,0.0035204307188670364,0.1797493843432607,0.006406602891643398,AAPL
2022-02-02,175.77,0.0032825060238538483,0.003382221251399642,0.0033914201546613332,0.058235900908815114,2.144984342509343,0.0016368800592032559,11.596052055275234,0.0035204307188670364,0.1797493843432607,0.006406602891643398,AAPL
2022-02-03,173.0,0.00329003497204829,0.0032934911062056926,0.0033955025970256562,0.0582709412745809,2.739060276784214,0.0016368800592032559,11.596052055275234,0.0035204307188670364,0.1797493843432607,0.006406602891643398,AAPL
2022-02-04,172.38,0.0033115982692869168,0.003300659810520301,0.003407194923216245,0.058371182300997165,2.735003840693853,0.0016368800592032559,11.596052055275234,0.0035204307188670364,0.1797493843432607,0.006406602891643398,AAPL
2022-02-07,171.67,0.00384282762626644,0.003821852815121929,0.003915916446308679,0.06257728378819809,2.7049109102429187,0.0012682372246685168,12.042391200638729,0.00399873786077531,0.18037441992449346,0.005280048872318328,AAPL
2022-02-08,174.81,0.003801057351912237,0.0038502972436162963,0.0038937275681021136,0.06239974012848221,2.5779288415329673,0.0012682372246685168,12.042391200638729,0.00399873786077531,0.18037441992449346,0.005280048872318328,AAPL
2022-02-09,176.22,0.003753812999277092,0.0038105279242017787,0.003868630792876749,0.06219831824797797,2.5273857929913564,0.0012682372246685168,12.042391200638729,0.00399873786077531,0.18037441992449346,0.005280048872318328,AAPL
2022-02-10,172.33,0.0038080018388759666,0.003765528111898675,0.003897416564112497,0.06242929251651421,2.618236402769427,0.0012682372246685168,12.042391200638729,0.00399873786077531,0.18037441992449346,0.005280048872318328,AAPL
2022-02-11,168.43,0.0039208053477273385,0.0038171236761854743,0.003957339161171629,0.06290738558525245,2.051228100232378,0.0012682372246685168,12.042391200638729,0.00399873786077531,0.18037441992449346,0.005280048872318328,AAPL
2022-02-14,169.12,0.0035971179668517197,0.003548412840132187,0.003607793485776117,0.06006491060324753,2.5890234515378356,0.0007728509393298074,12.504241055192999,0.00361936609056107,0.17946525038259484,0.003928708787843612,AAPL
2022-02-15,172.79,0.0035539700716383906,0.0035982393834501636,0.0035853496363472963,0.059877789173843884,2.6134116765955615,0.0007728509393298074,12.504241055192999,0.00361936609056107,0.17946525038259484,0.003928708787843612,AAPL
2022-02-16,172.61,0.0035342345833322677,0.003557207163453313,0.003575084006337839,0.05979200620766825,2.703780557870485,0.0007728509393298074,12.504241055192999,0.00361936609056107,0.17946525038259484,0.003928708787843612,AAPL
2022-02-17,168.95,0.0035976432282953967,0.003538472303034723,0.0036080667062587004,0.06006718493702448,2.5111088178149634,0.0007728509393298074,12.504241055192999,0.00361936609056107,0.17946525038259484,0.003928708787843612,AAPL
2022-02-18,167.6,0.0036615077541010013,0.003598733762714801,0.0036412865375838963,0.06034307365045218,2.482483888387803,0.0007728509393298074,12.504241055192999,0.00361936609056107,0.17946525038259484,0.003928708787843612,AAPL
2022-02-21,167.3,0.003574768611505618,0.0035315762721666033,0.003532084996112837,0.05943134691484652,2.613573653811913,0.0005854202830573615,12.98445149286152,0.003487830193701273,0.17828191501662402,0.0024779976723086666,AAPL
2022-02-22,164.34,0.0036555862788846126,0.0035702931436389918,0.0035732241149460096,0.059776451173903004,2.2442531919639093,0.0005854202830573615,12.98445149286152,0.003487830193701273,0.17828191501662402,0.0024779976723086666,AAPL
2022-02-23,160.15,0.0037836449424099683,0.003646963035293993,0.003638410611256049,0.06031923914685968,1.460970005672071,0.0005854202830573615,12.98445149286152,0.003487830193701273,0.17828191501662402,0.0024779976723086666,AAPL
2022-02-24,162.77,0.0037965550506467013,0.003768403970525469,0.0036449823237803595,0.060373689002580916,2.6822375246961934,0.0005854202830573615,12.98445149286152,0.003487830193701273,0.17828191501662402,0.0024779976723086666,AAPL
2022-02-25,164.82,0.003756377984934365,0.0037806450428661265,0.0036245307426556912,0.060204075797704024,2.6938799675704783,0.0005854202830573615,12.98445149286152,0.003487830193701273,0.17828191501662402,0.0024779976723086666,AAPL
2022-02-28,164.95,0.0038808277489996326,0.003897204352256267,0.0037685654575080494,0.06138864274039661,2.710334399381877,0.0004968200384368202,13.483005781805058,0.003657257376928272,0.17831702007152245,0.0022163502292453004,AAPL
2022-03-01,163.18,0.0038924493985813997,0.003868872412226665,0.003774351481372179,0.06143575084079447,2.6880245293073246,0.0004968200384368202,13.483005781805058,0.003657257376928272,0.17831702007152245,0.0022163502292453004,AAPL
2022-03-02,166.47,0.0038322587361008602,0.0038798563306272627,0.0037443845986968862,0.06119137683282577,2.5550904062645006,0.0004968200384368202,13.483005781805058,0.003657257376928272,0.17831702007152245,0.0022163502292453004,AAPL
2022-03-03,166.28,0.003798189143378998,0.003822904360731627,0.003727422507804114,0.06105262081028229,2.684101137677137,0.0004968200384368202,13.483005781805058,0.003657257376928272,0.17831702007152245,0.0022163502292453004,AAPL
2022-03-04,163.16,0.003834443096570811,0.0037906493528225838,0.0037454721174452425,0.061200262396865934,2.583149776351446,0.0004968200384368202,13.483005781805058,0.003657257376928272,0.17831702007152245,0.0022163502292453004,AAPL
2022-03-07,159.31,0.0038663003357484287,0.0037697210468650155,0.0037341204127766454,0.06110744973222697,1.9572443548062506,0.0001641285597679047,14.000343322164632,0.0036088066438394253,0.177343874841972,0.0018822391901025743,AAPL
2022-03-08,157.47,0.003944321711717049,0.0038519950936688474,0.003772090867927643,0.06141734989339448,2.025416104300368,0.0001641285597679047,14.000343322164632,0.0036088066438394253,0.177343874841972,0.0018822391901025743,AAPL
2022-03-09,162.98,0.003877809696648497,0.003925686091292846,0.0037397216427786442,0.061153263549696545,2.542004995726531,0.0001641285597679047,14.000343322164632,0.0036088066438394253,0.177343874841972,0.0018822391901025743,AAPL
2022-03-10,158.34,0.003920457950899018,0.003862868893634186,0.0037604771550364523,0.061322729513912315,2.4540714934665724,0.0001641285597679047,14.000343322164632,0.0036088066438394253,0.177343874841972,0.0018822391901025743,AAPL
2022-03-11,154.8,0.004004415019495367,0.0039031460365777093,0.0038013363179026528,0.06165497804640476,1.8712403707089913,0.0001641285597679047,14.000343322164632,0.0036088066438394253,0.177343874841972,0.0018822391901025743,AAPL
2022-03-14,150.64,0.0043344374497183815,0.004200097096600075,0.004080160812906485,0.06387613649013602,1.0903914011445979,0.00046131887327411936,14.537637457011545,0.0038496924686826986,0.1786336913227397,0.000519942141397241,AAPL
2022-03-15,155.12,0.004302028595130269,0.004306473525502952,0.004064752267491217,0.06375540971157834,2.724597726579195,0.00046131887327411936,14.537637457011545,0.0038496924686826986,0.1786336913227397,0.000519942141397241,AAPL
2022-03-16,159.65,0.004192016044046538,0.004275936562635252,0.00401244763003436,0.06334388391971525,2.0796217160954713,0.00046131887327411936,14.537637457011545,0.0038496924686826986,0.1786336913227397,0.000519942141397241,AAPL
2022-03-17,160.99,0.00409978900996556,0.00417226858576214,0.003968598982459092,0.06299681724070742,2.2406887880764494,0.00046131887327411936,14.537637457011545,0.0038496924686826986,0.1786336913227397,0.000519942141397241,AAPL
2022-03-18,163.92,0.003992101329003849,0.004085360836256768,0.003917399686962481,0.06258913393683029,1.9242375982078452,0.00046131887327411936,14.537637457011545,0.0038496924686826986,0.1786336913227397,0.000519942141397241,AAPL
2022-03-21,165.39,0.004094301346525387,0.00417075003156242,0.004070882291409606,0.06380346613946304,2.1461795063860976,0.0004787456718881612,14.999975042531101,0.004050437122165528,0.17763170317613117,-1.1440711008257755e-05,AAPL
2022-03-22,168.88,0.003989782344708305,0.004091691276244092,0.0040221658553490644,0.06342054758001593,1.7059251542923692,0.0004787456718881612,14.999975042531101,0.004050437122165528,0.17763170317613117,-1.1440711008257755e-05,AAPL
2022-03-23,170.22,0.003911616572124031,0.003993393488485708,0.003985732692038829,0.06313265947224803,2.076194633299648,0.0004787456718881612,14.999975042531101,0.004050437122165528,0.17763170317613117,-1.1440711008257755e-05,AAPL
2022-03-24,174.09,0.003809330247631882,0.00391987976774999,0.003938056909641764,0.06275393939540182,1.5506191281047008,0.0004787456718881612,14.999975042531101,0.004050437122165528,0.17763170317613117,-1.1440711008257755e-05,AAPL
2022-03-25,174.71,0.0037481512836983135,0.0038236829207107803,0.0039095413188601396,0.06252632500683324,2.18593921337059,0.0004787456718881612,14.999975042531101,0.004050437122165528,0.17763170317613117,-1.1440711008257755e-05,AAPL
2022-03-28,175.59,0.004479999204124284,0.004533687446837575,0.004653136075792242,0.06821389943253678,2.4302672372749603,-1.4438411877129826e-05,14.999828078827527,0.004804288810905845,0.17676009150213742,-0.0006135665448125664,AAPL
2022-03-29,179.0,0.004416161409772409,0.004499303242027963,0.0046233810142111125,0.06799544848157936,2.033372199437391,-1.4438411877129826e-05,14.999828078827527,0.004804288810905845,0.17676009150213742,-0.0006135665448125664,AAPL
2022-03-30,177.76,0.004409722074869745,0.004439264592292602,0.004620379613418438,0.06797337429772365,2.634785692411076,-1.4438411877129826e-05,14.999828078827527,0.004804288810905845,0.17676009150213742,-0.0006135665448125664,AAPL
2022-03-31,174.68,0.004463554520453296,0.0044332088784813095,0.0046454711403056655,0.0681576931850372,2.631599838778019,-1.4438411877129826e-05,14.999828078827527,0.004804288810905845,0.17676009150213742,-0.0006135665448125664,AAPL
2022-04-01,174.26,0.004508077568865809,0.00448383717980505,0.0046662235184343915,0.06830976151645086,2.664978186722691,-1.4438411877129826e-05,14.999828078827527,0.004804288810905845,0.17676009150213742,-0.0006135665448125664,AAPL
2022-04-04,178.46,0.004487341867986369,0.004535004347189897,0.004650767437498459,0.06819653537752823,2.4696784163821137,0.004012450432633112,14.98492030189081,0.0047936121925670925,0.17338419984781622,0.00390607324373347,AAPL
2022-04-05,175.09,0.004526639769092277,0.004505554106799536,0.004669096013947612,0.06833078379433104,2.6715841268745915,0.004012450432633112,14.98492030189081,0.0047936121925670925,0.17338419984781622,0.00390607324373347,AAPL
2022-04-06,171.59,0.0046063513577430165,0.0045425166185850685,0.00470627357064539,0.06860228546225985,2.268112599124197,0.004012450432633112,14.98492030189081,0.0047936121925670925,0.17338419984781622,0.00390607324373347,AAPL
2022-04-07,172.25,0.004644713856222262,0.004617486632241707,0.004724165874467481,0.06873256778607563,2.6381466846355726,0.004012450432633112,14.98492030189081,0.0047936121925670925,0.17338419984781622,0.00390607324373347,AAPL
2022-04-08,170.13,0.004700819496923195,0.004653569208812769,0.004750333595792963,0.06892266387620957,2.4699072917097875,0.004012450432633112,14.98492030189081,0.0047936121925670925,0.17338419984781622,0.00390607324373347,AAPL
2022-04-11,165.76,0.005042873812652944,0.004951627641503364,0.005039117314929105,0.07098674041628553,1.7541032825903613,0.004092800863989497,14.98292511708465,0.005035833363208574,0.17335627494238723,0.003751543765399693,AAPL
2022-04-12,167.71,0.005065523571099533,0.0050424562350599444,0.005049682082676957,0.07106111512407441,2.6520001592513522,0.004092800863989497,14.98292511708465,0.005035833363208574,0.17335627494238723,0.003751543765399693,AAPL
2022-04-13,170.35,0.005038337424365305,0.005063758613459868,0.005037001359088516,0.0709718349705608,2.636782238136308,0.004092800863989497,14.98292511708465,0.005035833363208574,0.17335627494238723,0.003751543765399693,AAPL
2022-04-14,165.31,0.005097593905093909,0.005038189609649635,0.005064640989680121,0.07116629110527063,2.2958828565066245,0.004092800863989497,14.98292511708465,0.005035833363208574,0.17335627494238723,0.003751543765399693,AAPL
2022-04-15,165.29,0.005128004549881873,0.005093922057085365,0.005078825750193348,0.07126588068769898,2.5743263831011935,0.004092800863989497,14.98292511708465,0.005035833363208574,0.17335627494238723,0.003751543765399693,AAPL
2022-04-18,165.09,0.005144882648759083,0.0051225388845068665,0.005086705574360845,0.07132114395016982,2.6518136202020366,0.004092805335929327,14.982925117238626,0.005035846844339344,0.173356300432198,0.003751552298379589,AAPL
2022-04-19,167.46,0.005116304718651163,0.0051384006492298795,0.005073375666449707,0.07122763274495164,2.6523352807423755,0.004092805335929327,14.982925117238626,0.005035846844339344,0.173356300432198,0.003751552298379589,AAPL
2022-04-20,167.23,0.0051023529965974895,0.005111521699291188,0.005066868016333867,0.07118193602546834,2.700126681108736,0.004092805335929327,14.982925117238626,0.005035846844339344,0.173356300432198,0.003751552298379589,AAPL
2022-04-21,166.45,0.005104591100666973,0.0050983993717181875,0.005067911959020727,0.07118926856641195,2.705795405674332,0.004092805335929327,14.982925117238626,0.005035846844339344,0.173356300432198,0.003751552298379589,AAPL
2022-04-22,161.83,0.005172584305477866,0.005100504763731806,0.005099626752754553,0.07141167098419245,2.0881224085212535,0.004092805335929327,14.982925117238626,0.005035846844339344,0.173356300432198,0.003751552298379589,AAPL
2022-04-25,162.91,0.0068276866939149475,0.006674332013062667,0.006185750495242533,0.07864954224432927,2.599240264583991,0.24081019053752886,14.991169414565116,0.0056249362629552735,0.09116986358766152,-0.4512437643857876,AAPL
2022-04-26,156.81,0.007367897342699274,0.006756137789352579,0.006437638012779862,0.0802348927386325,1.2903227048502168,0.24081019053752886,14.991169414565116,0.0056249362629552735,0.09116986358766152,-0.4512437643857876,AAPL
2022-04-27,156.55,0.007633726564517407,0.0072642100042230595,0.00656158792550989,0.08100362908851609,2.1858691339127936,0.24081019053752886,14.991169414565116,0.0056249362629552735,0.09116986358766152,-0.4512437643857876,AAPL
2022-04-28,163.8,0.007101301477748876,0.0075142270586638915,0.006313330632391878,0.07945647004739059,2.0921547396237496,0.24081019053752886,14.991169414565116,0.0056249362629552735,0.09116986358766152,-0.4512437643857876,AAPL
2022-04-29,157.78,0.007333591034954249,0.007013475518078849,0.006421641788504734,0.08013514702366704,2.336781123607132,0.24081019053752886,14.991169414565116,0.0056249362629552735,0.09116986358766152,-0.4512437643857876,AAPL
2022-05-02,157.89,0.00732245611172489,0.007065207208825086,0.005962894015343189,0.07721977735880355,2.5825537696064993,0.22087030922856496,14.991369059325585,0.004775159784354423,0.16062735961174834,-0.4190058265491691,AAPL
2022-05-03,159.38,0.007126980615824859,0.007170918192741738,0.005871749166859997,0.07662733955227727,2.67572067389971,0.22087030922856496,14.991369059325585,0.004775159784354423,0.16062735961174834,-0.4190058265491691,AAPL
2022-05-04,166.07,0.006094005931906592,0.006987072371202885,0.005390101476855657,0.07341731047141169,1.541584140005968,0.22087030922856496,14.991369059325585,0.004775159784354423,0.16062735961174834,-0.4190058265491691,AAPL
2022-05-05,156.86,0.006788214424222679,0.006015548417735772,0.005713791807229615,0.07558962764314701,1.8171705434163339,0.22087030922856496,14.991369059325585,0.004775159784354423,0.16062735961174834,-0.4190058265491691,AAPL
2022-05-06,157.28,0.00702437459803907,0.00666845962973639,0.0058239068022634035,0.07631452549982476,2.4846942540030166,0.22087030922856496,14.991369059325585,0.004775159784354423,0.16062735961174834,-0.4190058265491691,AAPL
2022-05-09,152.2,0.008275783677281233,0.007347377263613453,0.0066176112266821616,0.08134870144435104,1.4478320182450832,0.22102050932260894,14.991160069492711,0.005168982208814681,0.16179902565297657,-0.4193720451198306,AAPL
2022-05-10,154.48,0.008286386356820946,0.008090964342045481,0.006622555008705015,0.08137908213235767,2.622549495025023,0.22102050932260894,14.991160069492711,0.005168982208814681,0.16179902565297657,-0.4193720451198306,AAPL
2022-05-12,142.57,0.010049914656222101,0.00810093753102592,0.007444847097296033,0.08628352738093195,-2.118014511008351,0.22102050932260894,14.991160069492711,0.005168982208814681,0.16179902565297657,-0.4193720451198306,AAPL
2022-05-13,147.03,0.01009643663922677,0.00975955506282844,0.007466539212235893,0.08640913847641286,2.5244808052223613,0.22102050932260894,14.991160069492711,0.005168982208814681,0.16179902565297657,-0.4193720451198306,AAPL
2022-05-16,145.56,0.010256406977565906,0.00980331017399294,0.00754112964759787,0.08683967784139845,2.432056658452701,0.22102050932260894,14.991160069492711,0.005168982208814681,0.16179902565297657,-0.4193720451198306,AAPL
2022-05-17,149.28,0.01005782375002682,0.01046203163696191,0.007640355287658173,0.08740912588316035,2.486320106180278,0.22074624350066344,14.978843535690617,0.005526300048029806,0.164287004076072,-0.4200593073551086,AAPL
2022-05-18,140.79,0.011153589821111604,0.00978847272153871,0.008151554203590778,0.09028595795355321,1.003422240262973,0.22074624350066344,14.978843535690617,0.005526300048029806,0.164287004076072,-0.4200593073551086,AAPL
2022-05-19,137.28,0.012144581175805873,0.010819105515111005,0.008613873415315207,0.0928109552548362,1.0306347596527974,0.22074624350066344,14.978843535690617,0.005526300048029806,0.164287004076072,-0.4200593073551086,AAPL
2022-05-20,137.62,0.01237520672805702,0.011751192399970023,0.008721465295925665,0.09338878570752307,2.29601940914823,0.22074624350066344,14.978843535690617,0.005526300048029806,0.164287004076072,-0.4200593073551086,AAPL
2022-05-23,143.1,0.011228480280568063,0.011968109512508818,0.008186492246205964,0.09047923654743094,2.190533692720159,0.22074624350066344,14.978843535690617,0.005526300048029806,0.164287004076072,-0.4200593073551086,AAPL
2022-05-24,140.5,0.011970580172745297,0.011783101982018707,0.008959116451318125,0.09465260932123384,2.576001152346272,0.22002947164347922,14.97885871962757,0.006325620701484465,0.16453688158029064,-0.4189927889912135,AAPL
2022-05-25,140.55,0.011732338389685907,0.011635045203547634,0.008847971503986987,0.09406365665860002,2.6032055216297825,0.22002947164347922,14.97885871962757,0.006325620701484465,0.16453688158029064,-0.4189927889912135,AAPL
2022-05-26,143.73,0.01085659046257322,0.011410964586502814,0.008439416144870869,0.09186629493383777,2.3816073332206145,0.22002947164347922,14.97885871962757,0.006325620701484465,0.16453688158029064,-0.4189927889912135,AAPL
2022-05-27,149.57,0.009254560431544183,0.010587270686301054,0.007692034467588687,0.08770424429632061,1.2427257592257346,0.22002947164347922,14.97885871962757,0.006325620701484465,0.16453688158029064,-0.4189927889912135,AAPL
2022-05-30,149.64,0.008478786253141513,0.009080465938495763,0.007330119025670056,0.085616114287382,2.3256824201447697,0.22002947164347922,14.97885871962757,0.006325620701484465,0.16453688158029064,-0.4189927889912135,AAPL
2022-05-31,148.78,0.008314503499072238,0.008418543044172111,0.007288249163969985,0.08537124319095972,2.63216658223111,0.2200419141032292,14.978859589214512,0.006390799786652963,0.16466051726143227,-0.4189329393022269,AAPL
2022-06-01,148.7,0.00818489828708697,0.008200159845955568,0.007227785530177368,0.08501638389262017,2.6542215135279705,0.2200419141032292,14.978859589214512,0.006390799786652963,0.16466051726143227,-0.4189329393022269,AAPL
2022-06-02,151.2,0.007691848766325546,0.008078258196519528,0.006997767267730226,0.08365265846182192,2.4928419912284707,0.2200419141032292,14.978859589214512,0.006390799786652963,0.16466051726143227,-0.4189329393022269,AAPL
2022-06-03,145.32,0.008376646578466559,0.007614515315708559,0.007317240254202306,0.08554086891189676,1.9917762233373726,0.2200419141032292,14.978859589214512,0.006390799786652963,0.16466051726143227,-0.4189329393022269,AAPL
2022-06-06,146.13,0.00853455806155564,0.008258609088898083,0.007390909375519995,0.08597039825149116,2.5752802311680574,0.2200419141032292,14.978859589214512,0.006390799786652963,0.16466051726143227,-0.4189329393022269,AAPL
2022-06-07,148.61,0.008211881551110444,0.008441249022325792,0.00725696993750224,0.08518785087970139,2.6012840875959946,0.22007307880423738,14.97888816841326,0.0064219109826910495,0.16472281729435032,-0.4189304857426365,AAPL
2022-06-08,148.0,0.008104079119797497,0.008105486277827367,0.007206677833706485,0.08489215413515247,2.6594363851975706,0.22007307880423738,14.97888816841326,0.0064219109826910495,0.16472281729435032,-0.4189304857426365,AAPL
2022-06-09,142.62,0.00889679631770705,0.008004092313512956,0.007576497095780579,0.08704307609328027,1.7379491130342302,0.22007307880423738,14.97888816841326,0.0064219109826910495,0.16472281729435032,-0.4189304857426365,AAPL
2022-06-10,137.15,0.010143063967869941,0.008749690954118705,0.008157907192528149,0.09032113369820016,0.37229939643243126,0.22007307880423738,14.97888816841326,0.0064219109826910495,0.16472281729435032,-0.4189304857426365,AAPL
2022-06-13,131.93,0.01161526876240407,0.00992187946303602,0.008844721723829229,0.09404638070563497,-0.5102915233894736,0.22007307880423738,14.97888816841326,0.0064219109826910495,0.16472281729435032,-0.4189304857426365,AAPL
2022-06-14,132.8,0.014035284901796827,0.01326619362225756,0.010817248616434922,0.10400600279039149,2.1644504119966075,0.21868957564634764,14.978197679704316,0.008002958246122587,0.1678375369744919,-0.4186279137918106,AAPL
2022-06-15,135.45,0.013507172157299976,0.01367674141556563,0.010570865637509424,0.10281471508256697,2.5814071913879393,0.21868957564634764,14.978197679704316,0.008002958246122587,0.1678375369744919,-0.4186279137918106,AAPL
2022-06-16,130.09,0.014331414114475688,0.013180018091134116,0.010955403202414839,0.10466806199798885,1.7577824741128645,0.21868957564634764,14.978197679704316,0.008002958246122587,0.1678375369744919,-0.4186279137918106,AAPL
2022-06-20,131.56,0.014161073766252733,0.013955268948393496,0.01087593350041709,0.10428774376894483,2.5690051198318393,0.21868957564634764,14.978197679704316,0.008002958246122587,0.1678375369744919,-0.4186279137918106,AAPL
2022-06-21,135.87,0.012941052267066138,0.013795053200738039,0.010306751002067937,0.10152217000275328,2.1440127172573638,0.21868957564634764,14.978197679704316,0.008002958246122587,0.1678375369744919,-0.4186279137918106,AAPL
2022-06-22,135.23,0.012434550488114681,0.012647546804146259,0.01007045025297618,0.10035163303592114,2.561913617057671,0.2186895664086089,14.978197487193608,0.008002958143268723,0.16783753483003117,-0.4186279206218477,AAPL
2022-06-23,138.27,0.011448411602673257,0.012171150218364346,0.009610382131616357,0.0980325564882216,2.2574758574905394,0.2186895664086089,14.978197487193608,0.008002958143268723,0.16783753483003117,-0.4186279206218477,AAPL
2022-06-27,141.69,0.010237957740224093,0.01124362443033533,0.009045663264212151,0.09510869184365933,1.908398989598195,0.2186895664086089,14.978197487193608,0.008002958143268723,0.16783753483003117,-0.4186279206218477,AAPL
2022-06-28,137.45,0.010530406055661096,0.010105116725299013,0.009182100584618312,0.09582327788496026,2.482566980411189,0.2186895664086089,14.978197487193608,0.008002958143268723,0.16783753483003117,-0.4186279206218477,AAPL
2022-06-29,139.26,0.010243329961794143,0.010380183129200304,0.009048169592602351,0.09512186705801327,2.6162658623533717,0.2186895664086089,14.978197487193608,0.008002958143268723,0.16783753483003117,-0.4186279206218477,AAPL
2022-06-30,136.89,0.015427249519211829,0.014066351528072119,0.011637870807610662,0.10787896369362593,2.4473398050628528,0.15316472578534313,13.610909072120695,0.00792262686795414,0.42605456140998166,-0.46735618702842946,AAPL
2022-07-01,138.9,0.014399578495115138,0.015021913561213296,0.011129111244117355,0.10549460291463898,2.5563381086473846,0.15316472578534313,13.610909072120695,0.00792262686795414,0.42605456140998166,-0.46735618702842946,AAPL
2022-07-04,138.93,0.013801949555707814,0.014049748544039176,0.010833248627370822,0.10408289305822942,2.5731907138004324,0.15316472578534313,13.610909072120695,0.00792262686795414,0.42605456140998166,-0.46735618702842946,AAPL
2022-07-05,141.61,0.011783969889091831,0.013484398732543923,0.009834226148140815,0.09916766684832722,2.3692655802960867,0.15316472578534313,13.610909072120695,0.00792262686795414,0.42605456140998166,-0.46735618702842946,AAPL
2022-07-06,142.96,0.010083733408637191,0.011575412574529764,0.008992505841399821,0.09482882389547928,2.417466795090612,0.15316472578534313,13.610909072120695,0.00792262686795414,0.42605456140998166,-0.46735618702842946,AAPL
2022-07-07,146.35,0.007195014761474572,0.009034581026753585,0.007687886404703305,0.08768059309050838,2.0161505620347646,0.08645358357593588,14.128392857554283,0.00815010965560679,0.4343091902919699,-0.3481038830407555,AAPL
2022-07-08,147.02,0.00617120468979398,0.007248563177199685,0.007192408078363911,0.08480806611616556,2.4046319873163755,0.08645358357593588,14.128392857554283,0.00815010965560679,0.4343091902919699,-0.3481038830407555,AAPL
2022-07-11,144.86,0.006549161530903488,0.006282152396352103,0.007375322300680614,0.0858796966731987,2.6507276353979052,0.08645358357593588,14.128392857554283,0.00815010965560679,0.4343091902919699,-0.3481038830407555,AAPL
2022-07-12,145.9,0.006450619647924619,0.006638918951466621,0.007327632432605224,0.08560159129715536,2.675209629282782,0.08645358357593588,14.128392857554283,0.00815010965560679,0.4343091902919699,-0.3481038830407555,AAPL
2022-07-13,145.46,0.006599086770682313,0.006545901151412181,0.007399483885853437,0.08602025276557514,2.6862476468717227,0.08645358357593588,14.128392857554283,0.00815010965560679,0.4343091902919699,-0.3481038830407555,AAPL
2022-07-14,148.5,0.006288771817835707,0.00698775656746875,0.00736327600772764,0.08580953331493908,2.412617117121613,0.05273290508912257,14.668298583465608,0.008326802408157958,0.43153585133177846,-0.2591312853115142,AAPL
2022-07-15,150.14,0.005654972820618186,0.0064074010124386405,0.0070636327789727745,0.08404542092804804,2.369481568602228,0.05273290508912257,14.668298583465608,0.008326802408157958,0.43153585133177846,-0.2591312853115142,AAPL
2022-07-18,147.05,0.006128670859994216,0.005810494731122162,0.007287584553268133,0.08536735062814198,2.628896035913745,0.05273290508912257,14.668298583465608,0.008326802408157958,0.43153585133177846,-0.2591312853115142,AAPL
2022-07-19,150.94,0.005581059085921623,0.006256619996520385,0.007028688340418848,0.08383727297818583,2.398112264270566,0.05273290508912257,14.668298583465608,0.008326802408157958,0.43153585133177846,-0.2591312853115142,AAPL
2022-07-20,153.02,0.0049241226271534416,0.005740882968666483,0.006718106338149558,0.08196405515925599,2.2642844195383125,0.05273290508912257,14.668298583465608,0.008326802408157958,0.43153585133177846,-0.2591312853115142,AAPL
2022-07-21,155.36,0.004338220295339302,0.005261698099275236,0.006526758312272989,0.08078835505363993,2.1289581468692753,0.05278161425777437,14.668334706685023,0.00848925223442874,0.43181556652166553,-0.25899960630439073,AAPL
2022-07-22,154.14,0.004339833636366696,0.004579842537623335,0.006527521055611775,0.08079307554247317,2.664146679803767,0.05278161425777437,14.668334706685023,0.00848925223442874,0.43181556652166553,-0.25899960630439073,AAPL
2022-07-25,152.97,0.004680046673196588,0.004581362386034016,0.006688364437887284,0.08178242132565705,2.7097513110082203,0.05278161425777437,14.668334706685023,0.00848925223442874,0.43181556652166553,-0.25899960630439073,AAPL
2022-07-26,151.55,0.00522423367120546,0.00490177254300761,0.006945641108310317,0.08334051300724227,2.6257588786093007,0.05278161425777437,14.668334706685023,0.00848925223442874,0.43181556652166553,-0.25899960630439073,AAPL
2022-07-27,156.73,0.00465949043256171,0.005414283689333388,0.006678646011746442,0.08172298337521974,2.202906705283294,0.05278161425777437,14.668334706685023,0.00848925223442874,0.43181556652166553,-0.25899960630439073,AAPL
2022-07-28,157.4,0.004443612929594336,0.004991190495047704,0.006607102154410446,0.08128408303235293,2.4340416860348477,0.02583264190666197,14.998138376956154,0.008496136488907414,0.4639296550181792,-0.22493563239335748,AAPL
2022-07-29,162.58,0.0035002792857376022,0.0046848051147208025,0.006167378704059041,0.07853266011067651,1.3599403338734901,0.02583264190666197,14.998138376956154,0.008496136488907414,0.4639296550181792,-0.22493563239335748,AAPL
2022-08-01,161.57,0.003305744932019416,0.0037976154389980366,0.006076698892323383,0.07795318397809921,2.469673239826442,0.02583264190666197,14.998138376956154,0.008496136488907414,0.4639296550181792,-0.22493563239335748,AAPL
2022-08-02,160.05,0.0035852196457570786,0.0036146587069652014,0.0062069726148933375,0.07878434244755322,2.730941153351947,0.02583264190666197,14.998138376956154,0.008496136488907414,0.4639296550181792,-0.22493563239335748,AAPL
2022-08-03,166.12,0.0029970818196253285,0.0038775004297804117,0.005932819354408009,0.07702479700984617,1.6624751758800487,0.02583264190666197,14.998138376956154,0.008496136488907414,0.4639296550181792,-0.22493563239335748,AAPL
2022-08-04,165.81,0.0033419994897612073,0.0038484894379280377,0.0064974107224037864,0.08060651786551623,2.4296760774039026,0.024701082914467053,14.978956817175023,0.009256765502949332,0.46369147786564313,-0.2261963160970875,AAPL
2022-08-05,165.32,0.0034828581152444504,0.0036935752959834645,0.0065631240440705485,0.0810131103221605,2.6771940567539954,0.024701082914467053,14.978956817175023,0.009256765502949332,0.46369147786564313,-0.2261963160970875,AAPL
2022-08-08,164.88,0.0037685560329280697,0.003826061534709879,0.006696407746789208,0.08183158159774995,2.734664473506855,0.024701082914467053,14.978956817175023,0.009256765502949332,0.46369147786564313,-0.2261963160970875,AAPL
2022-08-09,164.92,0.0040569457769128285,0.004094777476097988,0.0068309472394674185,0.0826495447021181,2.737212311069148,0.024701082914467053,14.978956817175023,0.009256765502949332,0.46369147786564313,-0.2261963160970875,AAPL
2022-08-10,169.2,0.003747601602117541,0.0043660253979851404,0.006686632092316704,0.08177182945438304,2.210103613711559,0.024701082914467053,14.978956817175023,0.009256765502949332,0.46369147786564313,-0.2261963160970875,AAPL
2022-08-11,168.53,0.0038663807700914867,0.004151269211433828,0.006799627205574385,0.0824598520831464,2.6280946212479837,0.024772177269734682,14.978967473634983,0.009364700368172722,0.4638863378276349,-0.22632037417696294,AAPL
2022-08-12,172.1,0.0035257616429830016,0.004193202893475245,0.006640721749820494,0.08149062369267089,2.1588246000948357,0.024772177269734682,14.978967473634983,0.009364700368172722,0.4638863378276349,-0.22632037417696294,AAPL
2022-08-15,173.18,0.00333005331785749,0.0038728304646156175,0.00654942000507439,0.08092848698125024,2.3514950947213373,0.024772177269734682,14.978967473634983,0.009364700368172722,0.4638863378276349,-0.22632037417696294,AAPL
2022-08-16,173.03,0.0033976612476339253,0.0036887551166273624,0.006580960420860494,0.08112311890491203,2.6196619682663456,0.024772177269734682,14.978967473634983,0.009364700368172722,0.4638863378276349,-0.22632037417696294,AAPL
2022-08-17,174.6,0.0033804864214959313,0.0037523446079603673,0.00657294803001762,0.08107371972481354,2.537132901431519,0.024772177269734682,14.978967473634983,0.009364700368172722,0.4638863378276349,-0.22632037417696294,AAPL
2022-08-18,174.16,0.003958878050623815,0.004123487131209913,0.007133394527132551,0.08445942533034753,2.6978556160212754,0.024945833514496103,14.978975186794228,0.009909452444364121,0.4637171864733215,-0.22589049614325193,AAPL
2022-08-19,171.53,0.004577198189964892,0.004312582764896433,0.007421852817815747,0.08615017595928488,2.6406810813609543,0.024945833514496103,14.978975186794228,0.009909452444364121,0.4637171864733215,-0.22589049614325193,AAPL
2022-08-22,167.58,0.0056130386680806185,0.004894149718211338,0.007905092412851653,0.08891058661853296,2.062455377350372,0.024945833514496103,14.978975186794228,0.009909452444364121,0.4637171864733215,-0.22589049614325193,AAPL
2022-08-23,167.18,0.006377880912738355,0.005868419567605088,0.008261906096409465,0.09089502789707182,2.423342647057766,0.024945833514496103,14.978975186794228,0.009909452444364121,0.4637171864733215,-0.22589049614325193,AAPL
2022-08-24,167.64,0.006838567860542465,0.006587799920907855,0.008476825457834838,0.09206967718980467,2.649471615443607,0.024945833514496103,14.978975186794228,0.009909452444364121,0.4637171864733215,-0.22589049614325193,AAPL
2022-08-25,170.12,0.00646434001363194,0.006728271275051156,0.008128094731997085,0.09015594673673548,2.641751455759863,0.03055052882830877,14.979294585228644,0.009582981296838941,0.49386155058014997,-0.21199923350055208,AAPL
2022-08-26,163.65,0.007672095396176525,0.006649717710843106,0.008691528266062478,0.09322836620933823,1.9120512718086444,0.03055052882830877,14.979294585228644,0.009582981296838941,0.49386155058014997,-0.21199923350055208,AAPL
2022-08-29,161.37,0.008790399639233575,0.007785682518033354,0.009213231684596155,0.09598558060769417,1.9653236111082908,0.03055052882830877,14.979294585228644,0.009582981296838941,0.49386155058014997,-0.21199923350055208,AAPL
2022-08-30,158.92,0.009925355912105072,0.008837512556510774,0.009742703490787891,0.09870513406499122,1.946274035881748,0.03055052882830877,14.979294585228644,0.009582981296838941,0.49386155058014997,-0.21199923350055208,AAPL
2022-08-31,157.17,0.010913216170125913,0.009905005524160515,0.010203553100223507,0.10101263831928907,2.128225068434802,0.03055052882830877,14.979294585228644,0.009582981296838941,0.49386155058014997,-0.21199923350055208,AAPL
2022-09-01,157.97,0.011871566416868066,0.011512999439673877,0.010985024504451508,0.10480946762793668,2.583776943914583,0.030122643321290155,14.964736363880005,0.010208874900708226,0.49345398914099003,-0.2124570644291126,AAPL
2022-09-02,155.85,0.012508061617384136,0.01177283002925833,0.011282142456196416,0.1062174300959895,2.4265076736297555,0.030122643321290155,14.964736363880005,0.010208874900708226,0.49345398914099003,-0.2124570644291126,AAPL
2022-09-05,155.81,0.012744982209642035,0.012371526604965766,0.011392737730191857,0.10673676840804136,2.5695943859312633,0.030122643321290155,14.964736363880005,0.010208874900708226,0.49345398914099003,-0.2124570644291126,AAPL
2022-09-06,154.53,0.013128828634733275,0.012594379047641269,0.011571918442811913,0.10757285179268937,2.5180930419368366,0.030122643321290155,14.964736363880005,0.010208874900708226,0.49345398914099003,-0.2124570644291126,AAPL
2022-09-07,155.97,0.012812582609739718,0.012955430914189492,0.011424293808537576,0.10688448815678342,2.600278352921949,0.030122643321290155,14.964736363880005,0.010208874900708226,0.49345398914099003,-0.2124570644291126,AAPL
2022-09-08,154.41,0.01303357835387125,0.01265796412144482,0.01152745489324312,0.10736598573683902,2.5599020523918656,0.03012260087142472,14.964736088819397,0.010208874083306967,0.4934541898540556,-0.2124569713447168,AAPL
2022-09-09,157.37,0.012215365807689189,0.01286583728142432,0.011145510711302566,0.10557230087150023,2.4758935879155963,0.03012260087142472,14.964736088819397,0.010208874083306967,0.4934541898540556,-0.2124569713447168,AAPL
2022-09-12,163.42,0.010149799568911629,0.012096213087716023,0.01018129791476794,0.10090241778455034,1.4688639582689775,0.03012260087142472,14.964736088819397,0.010208874083306967,0.4934541898540556,-0.2124569713447168,AAPL
2022-09-13,153.84,0.011878808043104042,0.010153308061489952,0.010988404491567808,0.10482559082384324,1.6746723128771024,0.03012260087142472,14.964736088819397,0.010208874083306967,0.4934541898540556,-0.2124569713447168,AAPL
2022-09-14,155.31,0.012154364936427395,0.011779641547491337,0.011117035313338474,0.10543735255277645,2.579273164136832,0.03012260087142472,14.964736088819397,0.010208874083306967,0.4934541898540556,-0.2124569713447168,AAPL
2022-09-15,152.36,0.013031423732062427,0.012038835559906147,0.011526449109027267,0.10736130172938137,2.285521556125586,0.03012260087142472,14.964736088819397,0.010208874083306967,0.4934541898540556,-0.2124569713447168,AAPL
2022-09-16,150.46,0.013876968830900876,0.012863810487942828,0.011921152212244943,0.10918402910794665,2.2798881902109787,0.03012260087142472,14.964736088819397,0.010208874083306967,0.4934541898540556,-0.2124569713447168,AAPL
2022-09-19,154.53,0.012988812797912613,0.013659144490247854,0.011506558191365939,0.10726862631434197,2.468313766877223,0.03012260087142472,14.964736088819397,0.010208874083306967,0.4934541898540556,-0.2124569713447168,AAPL
2022-09-20,156.91,0.011828850133769712,0.01282372986588598,0.010965083982855006,0.10471429693625893,2.3152743464771866,0.03012260087142472,14.964736088819397,0.010208874083306967,0.4934541898540556,-0.2124569713447168,AAPL
2022-09-21,153.72,0.012199561885226536,0.011732649678378948,0.01113813339074617,0.10553735542804818,2.5372894411318114,0.03012260087142472,14.964736088819397,0.010208874083306967,0.4934541898540556,-0.2124569713447168,AAPL
2022-09-22,152.71,0.012574709689444134,0.012081347566436307,0.011313253429422703,0.10636377874738516,2.5355350801372127,0.03012261231113474,14.964736089677938,0.010208873834784438,0.4934541778646874,-0.2124569430433542,AAPL
2022-09-23,150.57,0.013274150615492326,0.01243421769595443,0.011639754646682182,0.1078876946026848,2.3881613552106664,0.03012261231113474,14.964736089677938,0.010208873834784438,0.4934541778646874,-0.2124569430433542,AAPL
2022-09-26,150.9,0.013397219925208884,0.013092123707338033,0.011697203786321135,0.10815361198924951,2.579791776666194,0.03012261231113474,14.964736089677938,0.010208873834784438,0.4934541778646874,-0.2124569430433542,AAPL
2022-09-27,151.78,0.013099789115667455,0.01320788361817904,0.011558362151882577,0.10750982351340076,2.5980071077123106,0.03012261231113474,14.964736089677938,0.010208873834784438,0.4934541778646874,-0.2124569430433542,AAPL
2022-09-28,149.8,0.013465801364221524,0.012928116420880542,0.011729217817077881,0.10830151345700521,2.5155879577525853,0.03012261231113474,14.964736089677938,0.010208873834784438,0.4934541778646874,-0.2124569430433542,AAPL
2022-09-29,142.57,0.015708340365626405,0.01327239365218702,0.012776041979672411,0.11303115490727506,0.8710280290955736,0.03012260194120767,14.96473579696669,0.010208873635104393,0.4934541682316067,-0.2124569574707103,AAPL
2022-09-30,138.09,0.01792892233393141,0.015381762379092834,0.013812616617702823,0.11752708886764286,0.7451175581693676,0.03012260194120767,14.96473579696669,0.010208873635104393,0.4934541682316067,-0.2124569574707103,AAPL
2022-10-03,142.57,0.017194272800951378,0.01747047717708483,0.013469679908048614,0.11605895014193698,2.558742220117432,0.03012260194120767,14.96473579696669,0.010208873635104393,0.4934541682316067,-0.2124569574707103,AAPL
2022-10-04,146.13,0.01544292400397249,0.016779453754679707,0.01265214478833443,0.11248175313505045,2.171340714255154,0.03012260194120767,14.96473579696669,0.010208873635104393,0.4934541682316067,-0.2124569574707103,AAPL
2022-10-05,146.5,0.014455496685219308,0.015132106685541657,0.012191210614263296,0.11041381532337018,2.458370860556065,0.03012260194120767,14.96473579696669,0.010208873635104393,0.4934541682316067,-0.2124569574707103,AAPL
2022-10-06,145.44,0.014279956864280026,0.014203314336555195,0.012109266664448464,0.11004211314059933,2.5708936630832824,0.030122723602494624,14.964735806097345,0.010208870992068042,0.49345481722981976,-0.2124566564857937,AAPL
2022-10-07,140.08,0.015823948925269626,0.01403820174618886,0.012830007008178943,0.11326962085298486,1.77380011458726,0.030122723602494624,14.964735806097345,0.010208870992068042,0.49345481722981976,-0.2124566564857937,AAPL
2022-10-10,140.4,0.01616896518418767,0.015490505073103122,0.012991061681533814,0.11397833865052523,2.467248281290391,0.030122723602494624,14.964735806097345,0.010208870992068042,0.49345481722981976,-0.2124566564857937,AAPL
2022-10-11,138.95,0.016621211873167768,0.015815033299077186,0.013202171856451148,0.1149007043340081,2.4181617510200146,0.030122723602494624,14.964735806097345,0.010208870992068042,0.49345481722981976,-0.2124566564857937,AAPL
2022-10-12,138.3,0.016823337910322683,0.016240423688032024,0.013296524925470518,0.11531055860358373,2.49037836112935,0.030122723602494624,14.964735806097345,0.010208870992068042,0.49345481722981976,-0.2124566564857937,AAPL
2022-10-13,143.02,0.014681994414792201,0.016042256628225005,0.012097437537971819,0.10998835182859965,2.1438319231976024,0.029827478206168954,14.95509081456908,0.009832960183159356,0.49501249780288825,-0.2125629196466001,AAPL
2022-10-14,138.41,0.015404916732455684,0.014394227044704166,0.012435039035391286,0.11151250618379664,2.3358395095120086,0.029827478206168954,14.95509081456908,0.009832960183159356,0.49501249780288825,-0.2125629196466001,AAPL
2022-10-17,142.39,0.014158956979922857,0.015074246822678106,0.011853181389138242,0.10887231690902073,2.374099873916714,0.029827478206168954,14.95509081456908,0.009832960183159356,0.49501249780288825,-0.2125629196466001,AAPL
2022-10-18,143.78,0.01304163210692805,0.01390222912414174,0.011331395657794074,0.10644902844927272,2.398206324555882,0.029827478206168954,14.95509081456908,0.009832960183159356,0.49501249780288825,-0.2125629196466001,AAPL
2022-10-19,143.87,0.012460482966821985,0.012851212845816917,0.011060001601849086,0.10516654221685282,2.547771243200467,0.029827478206168954,14.95509081456908,0.009832960183159356,0.49501249780288825,-0.2125629196466001,AAPL
2022-10-20,143.34,0.01230662817771975,0.012304561231758271,0.010988157004415473,0.10482441034613776,2.5990966262690014,0.02982748110839495,14.95509081484629,0.009832969381488305,0.49501251326538237,-0.21256291247046757,AAPL
2022-10-21,147.33,0.010953627076889601,0.012159829632309993,0.010356311526022509,0.10176596447743473,2.175280272855842,0.02982748110839495,14.95509081484629,0.009832969381488305,0.49501251326538237,-0.21256291247046757,AAPL
2022-10-24,149.56,0.009683626012064152,0.010887121310588554,0.009763226694183228,0.0988090415608978,2.168889909701458,0.02982748110839495,14.95509081484629,0.009832969381488305,0.49501251326538237,-0.21256291247046757,AAPL
2022-10-25,152.38,0.008371258088424906,0.009692489680674043,0.009150356728275109,0.09565749697893579,2.035590948560721,0.02982748110839495,14.95509081484629,0.009832969381488305,0.49501251326538237,-0.21256291247046757,AAPL
2022-10-26,149.51,0.008624239627744047,0.008458005485863396,0.009268497978594577,0.09627303868993944,2.6279603624692984,0.02982748110839495,14.95509081484629,0.009832969381488305,0.49501251326538237,-0.21256291247046757,AAPL
2022-10-27,145.0,0.009939979925988027,0.008695973788235278,0.009882942762355785,0.09941299091344041,1.9724050264844144,0.02982748707007719,14.955090625231767,0.009832969256821136,0.49501250700141436,-0.2125629218210047,AAPL
2022-10-28,155.72,0.00788757254327299,0.009933631470175897,0.008924477662586104,0.09446945359525535,0.7575298190753899,0.02982748707007719,14.955090625231767,0.009832969256821136,0.49501250700141436,-0.2125629218210047,AAPL
2022-10-31,153.45,0.007494815364463217,0.008003024475328857,0.008741061810673124,0.09349364583046874,2.5380130547597854,0.02982748707007719,14.955090625231767,0.009832969256821136,0.49501250700141436,-0.2125629218210047,AAPL
2022-11-01,150.57,0.008094823394805422,0.007633575184399888,0.00902126288649648,0.09498032894497935,2.56017326788804,0.02982748707007719,14.955090625231767,0.009832969256821136,0.49501250700141436,-0.2125629218210047,AAPL
2022-11-02,145.0,0.009769287666426327,0.008197976304018084,0.009803230237947354,0.09901126318731296,1.3862774684833017,0.02982748707007719,14.955090625231767,0.009832969256821136,0.49501250700141436,-0.2125629218210047,AAPL
2022-11-03,138.89,0.013189227558603026,0.01070369893386669,0.011870582913805492,0.10895220472209588,-0.10182201152353665,0.030105860345671368,14.955117214438067,0.01071524574775363,0.4964956249437962,-0.2129995332140925,AAPL
2022-11-04,138.4,0.01452396750550956,0.013042408931596583,0.012493899811655183,0.11177611467417886,1.793224610442977,0.030105860345671368,14.955117214438067,0.01071524574775363,0.4964956249437962,-0.2129995332140925,AAPL
2022-11-07,138.96,0.01491358694391698,0.01429793829765913,0.0126758501460652,0.11258707805989637,2.491087964696141,0.030105860345671368,14.955117214438067,0.01071524574775363,0.4964956249437962,-0.2129995332140925,AAPL
2022-11-08,139.51,0.014788658925825194,0.014664434520000214,0.012617509384726666,0.1123276875250562,2.5860024655661173,0.030105860345671368,14.955117214438067,0.01071524574775363,0.4964956249437962,-0.2129995332140925,AAPL
2022-11-09,134.87,0.01618106184469581,0.014546921364399168,0.013267754602874816,0.11518573958122948,1.9034989590161966,0.030105860345671368,14.955117214438067,0.01071524574775363,0.4964956249437962,-0.2129995332140925,AAPL
2022-11-10,146.71,0.012654019410795385,0.015856693001296662,0.011620643362056506,0.10779908794631106,-0.005359985240960263,0.03010586182980918,14.955117167206215,0.010715245713913205,0.4964956233787973,-0.21299953554187268,AAPL
2022-11-11,149.67,0.010133336739605123,0.012538963672795944,0.010443497124782208,0.10219342994920079,1.2242691063617104,0.03010586182980918,14.955117167206215,0.010715245713913205,0.4964956233787973,-0.21299953554187268,AAPL
2022-11-14,148.37,0.009595356102538458,0.010167872355850704,0.010192262850080578,0.10095673751702051,2.507749936725811,0.03010586182980918,14.955117167206215,0.010715245713913205,0.4964956233787973,-0.21299953554187268,AAPL
2022-11-15,150.07,0.008950353640336826,0.009661818136464717,0.00989104991673868,0.09945375768033443,2.4530458977934053,0.03010586182980918,14.955117167206215,0.010715245713913205,0.4964956233787973,-0.21299953554187268,AAPL
2022-11-16,148.78,0.009075120721460233,0.009055093924416724,0.009949315521433287,0.09974625567625728,2.64049314881073,0.03010586182980918,14.955117167206215,0.010715245713913205,0.4964956233787973,-0.21299953554187268,AAPL
2022-11-17,150.75,0.009066388248873741,0.0095679230416863,0.01015824112575555,0.10078810011978373,2.5439469647768034,0.030186298613591775,14.954102583356391,0.011114951356476045,0.4971396903985348,-0.21267485368320624,AAPL
2022-11-18,151.31,0.008798934320765374,0.009187953462514997,0.010033336060191257,0.10016654162039966,2.5840338693367064,0.030186298613591775,14.954102583356391,0.011114951356476045,0.4971396903985348,-0.21267485368320624,AAPL
2022-11-21,148.02,0.009594717161514742,0.00893637251238033,0.010404978789844739,0.10200479787659372,2.46563462984053,0.030186298613591775,14.954102583356391,0.011114951356476045,0.4971396903985348,-0.21267485368320624,AAPL
2022-11-22,150.23,0.009453864098916255,0.009684932586878858,0.010339198260303713,0.10168184823410574,2.6302480637108108,0.030186298613591775,14.954102583356391,0.011114951356476045,0.4971396903985348,-0.21267485368320624,AAPL
2022-11-23,151.14,0.009203375394496446,0.009552437030833971,0.010222216213078016,0.10110497620334034,2.5958143960661997,0.030186298613591775,14.954102583356391,0.011114951356476045,0.4971396903985348,-0.21267485368320624,AAPL
2022-11-24,151.07,0.009163848532465366,0.009316812659108109,0.010203756565360513,0.10101364544139822,2.6367022419671358,0.030186298613591775,14.954102583356391,0.011114951356476045,0.4971396903985348,-0.21267485368320624,AAPL
2022-11-25,148.11,0.009966963552030587,0.009279631119625265,0.01057882353440431,0.10285340798633903,2.4473884697600643,0.030186298613591775,14.954102583356391,0.011114951356476045,0.4971396903985348,-0.21267485368320624,AAPL
2022-11-28,144.21,0.011402368095087658,0.01003508897838401,0.011249179359162222,0.10606214856942237,1.8441896255723644,0.030186298613591775,14.954102583356391,0.011114951356476045,0.4971396903985348,-0.21267485368320624,AAPL
2022-11-29,141.16,0.012929857682273373,0.011385314764538634,0.011962540304673938,0.10937339852392783,1.6761224706500981,0.030186298613591775,14.954102583356391,0.011114951356476045,0.4971396903985348,-0.21267485368320624,AAPL
2022-11-30,148.72,0.011488184124878177,0.012822160984796938,0.011289256754559867,0.10625091413517282,1.9920790493956928,0.030186298613591775,14.954102583356391,0.011114951356476045,0.4971396903985348,-0.21267485368320624,AAPL
2022-12-01,148.32,0.010951602432916907,0.011378476443951513,0.011029887896486457,0.10502327311832581,2.513162939683288,0.018729375863771325,14.989552179855549,0.011098289214853393,0.49637909113317424,-0.15880006476834493,AAPL
2022-12-02,147.76,0.010887865045815423,0.010960330022953713,0.011000166600201608,0.10488167904930588,2.616595928988683,0.018729375863771325,14.989552179855549,0.011098289214853393,0.49637909113317424,-0.15880006476834493,AAPL
2022-12-05,146.6,0.01111860899878754,0.01090038228630874,0.011107764506298731,0.10539337980299679,2.597165557427248,0.018729375863771325,14.989552179855549,0.011098289214853393,0.49637909113317424,-0.15880006476834493,AAPL
2022-12-06,142.91,0.012028186950511313,0.011117401670162508,0.011531908592316942,0.10738672446963332,2.1271204150268366,0.018729375863771325,14.989552179855549,0.011098289214853393,0.49637909113317424,-0.15880006476834493,AAPL
2022-12-07,140.94,0.012854884201677547,0.011972876862728299,0.011917404688990307,0.10916686625982404,2.1620512156819665,0.018729375863771325,14.989552179855549,0.011098289214853393,0.49637909113317424,-0.15880006476834493,AAPL
2022-12-08,142.66,0.012791164792172691,0.012750396835599531,0.011887691225600551,0.10903068937505876,2.6157343075536654,0.01872942057207585,14.989552180826113,0.011098288183955264,0.49637932371052346,-0.15879998607444257,AAPL
2022-12-09,142.19,0.012821795160453347,0.012690469891822431,0.011901974431931181,0.10909617056492488,2.598050057691998,0.01872942057207585,14.989552180826113,0.011098288183955264,0.49637932371052346,-0.15879998607444257,AAPL
2022-12-12,144.5,0.012241683608962954,0.012719278025087988,0.011631463385220996,0.10784926233044431,2.488663338353898,0.01872942057207585,14.989552180826113,0.011098288183955264,0.49637932371052346,-0.15879998607444257,AAPL
2022-12-13,145.49,0.011725155168904192,0.012173673622328351,0.011390601694711825,0.10672676184871265,2.502576585370904,0.01872942057207585,14.989552180826113,0.011098288183955264,0.49637932371052346,-0.15879998607444257,AAPL
2022-12-14,143.24,0.01200349399691476,0.011687869593515643,0.011520393503738525,0.10733309603164592,2.5576861993625646,0.01872942057207585,14.989552180826113,0.011098288183955264,0.49637932371052346,-0.15879998607444257,AAPL
2022-12-15,136.55,0.01262395212305229,0.011343561762259924,0.011595966423335454,0.10768456910502755,0.9953904560119151,0.011629346959849038,14.993831180750597,0.010698079238133925,0.49494524300188564,-0.11769521899257808,AAPL
2022-12-19,132.43,0.013873985770944224,0.012509366243648401,0.012178761478140156,0.11035742602172341,0.7832571683103806,0.011629346959849038,14.993831180750597,0.010698079238133925,0.49494524300188564,-0.11769521899257808,AAPL
2022-12-20,132.3,0.014379037549445152,0.013685023126527085,0.01241422848291002,0.11141915671422944,2.1716748602969767,0.011629346959849038,14.993831180750597,0.010698079238133925,0.49494524300188564,-0.11769521899257808,AAPL
2022-12-21,135.39,0.013891101079941607,0.014160024728425924,0.012186741037299983,0.110393573351441,2.5365252748286227,0.011629346959849038,14.993831180750597,0.010698079238133925,0.49494524300188564,-0.11769521899257808,AAPL
2022-12-22,132.26,0.014200209150297394,0.013701119868983369,0.012330854481851958,0.11104438068561577,2.393145008088155,0.011629346959849038,14.993831180750597,0.010698079238133925,0.49494524300188564,-0.11769521899257808,AAPL
2022-12-23,131.84,0.014935259022260174,0.014628313487264677,0.012997029592666154,0.11400451566787236,2.5133407834267136,0.01187119592384636,14.993761693696028,0.011304086744423738,0.4952179516863312,-0.11746865255196272,AAPL
2022-12-26,131.86,0.014852013883429252,0.01471920993844833,0.01295821863806206,0.11383417166238818,2.5695541841977234,0.01187119592384636,14.993761693696028,0.011304086744423738,0.4952179516863312,-0.11746865255196272,AAPL
2022-12-27,130.04,0.015078509942068762,0.014640916979715257,0.01306381673511994,0.11429705479635045,2.4397441421955657,0.01187119592384636,14.993761693696028,0.011304086744423738,0.4952179516863312,-0.11746865255196272,AAPL
2022-12-28,126.06,0.015892952167242944,0.014853936373128818,0.013443529961295154,0.11594623737446227,1.782204462023372,0.01187119592384636,14.993761693696028,0.011304086744423738,0.4952179516863312,-0.11746865255196272,AAPL
2022-12-29,129.57,0.015327753571347526,0.01561992026063308,0.013180020315498914,0.11480426958741087,2.517665629585014,0.01187119592384636,14.993761693696028,0.011304086744423738,0.4952179516863312,-0.11746865255196272,AAPL
2022-12-30,129.94,0.014879655129939676,0.015088351438862446,0.012971105981531164,0.11389076337232605,2.542286099816507,0.011871196112258436,14.993761693698437,0.011304087319043152,0.4952179526531481,-0.11746865213993216,AAPL
