date,spot,filtered_variance,predicted_variance,forecast_average_variance,forecast_volatility,loglikelihood,rv_proxy,mu,kappa,theta,xi,rho,ticker
2021-01-06,126.66,0.1703287718844392,0.1906214193732012,0.6211680177754935,0.788142130440629,1.9130239695654043,0.07405346845905762,-0.5,5.0,2.0,3.0,-0.6781709671967939,AAPL
2021-01-07,130.86,0.15582887900685538,0.20663177127426025,0.610240963924932,0.7811792137051088,2.2355258897624677,0.18028757799190184,-0.5,5.0,2.0,3.0,-0.6781709671967939,AAPL
2021-01-08,131.99,0.17725561528298067,0.19241957701888168,0.6263880557074484,0.7914468116730576,2.418994070696781,0.1861097714816781,-0.5,5.0,2.0,3.0,-0.6781709671967939,AAPL
2021-01-11,128.98,0.22516377405361623,0.21342117886524647,0.6624914280004457,0.8139357640504843,2.3729983312895837,0.18332141290850704,-0.5,5.0,2.0,3.0,-0.6781709671967939,AAPL
2021-01-12,128.82,0.22193982816551375,0.2603787764455774,0.6600618769252751,0.8124419221859954,2.368015036865561,0.1718344872089442,-0.5,5.0,2.0,3.0,-0.6781709671967939,AAPL
2021-01-13,130.89,0.1699457809160717,0.2571997757186182,0.6208793953068474,0.787959006108089,2.142995414003032,0.10773626914251806,-0.5,4.999999985573227,1.9999999953921304,3.0,-0.6778528665404423,AAPL
2021-01-14,128.91,0.155910540864085,0.2062563797662733,0.6103025017210044,0.7812186004704473,2.068579042770737,0.0660883310658952,-0.5,4.999999985573227,1.9999999953921304,3.0,-0.6778528665404423,AAPL
2021-01-15,127.07,0.14867604980720495,0.19249961728201015,0.6048506218975793,0.7777214294961785,2.2308769413902305,0.05910891223451488,-0.5,4.999999985573227,1.9999999953921304,3.0,-0.6778528665404423,AAPL
2021-01-19,127.82,0.11802353636362081,0.18540866669354727,0.5817510260495182,0.7627260491483939,2.3637850615198297,0.044918586390646664,-0.5,4.999999985573227,1.9999999953921304,3.0,-0.6778528665404423,AAPL
2021-01-20,132.03,0.09425070687282766,0.15536433934175875,0.5638359289918857,0.7508900911530833,2.274501023390302,0.10437675734994169,-0.5,4.999999985573227,1.9999999953921304,3.0,-0.6778528665404423,AAPL
2021-01-21,136.87,0.09330214276605858,0.1320625936568831,0.5631210976078989,0.75041395083507,2.2093259812127264,0.1525121264613686,-0.5,5.0,2.0,3.0,-0.6779630543229458,AAPL
2021-01-22,138.97,0.10042875251644118,0.13113344867088017,0.5684916785612766,0.7539838715524866,2.6870035800881458,0.10648121174463894,-0.5,5.0,2.0,3.0,-0.6779630543229458,AAPL
2021-01-25,142.9,0.06620433121109985,0.13811865825846326,0.5427003090825464,0.7366819592487293,2.493824180867831,0.03991777993605526,-0.5,5.0,2.0,3.0,-0.6779630543229458,AAPL
2021-01-26,143.18,0.08052475529588948,0.10457329255223158,0.5534921160606026,0.7439705075206964,2.73971696247378,0.04940287147024967,-0.5,5.0,2.0,3.0,-0.6779630543229458,AAPL
2021-01-27,142.53,0.10760618401332753,0.11860958081888384,0.5739005585535171,0.7575622473127321,2.959339127538733,0.07302174251464963,-0.5,5.0,2.0,3.0,-0.6779630543229458,AAPL
2021-01-28,137.09,0.1988029659349823,0.1451545942327357,0.6426260419394261,0.801639596040157,2.362976053237176,0.16051876779108343,-0.5,5.0,2.0,3.0,-0.6778613720318305,AAPL
2021-01-29,131.74,0.2749881557502221,0.234541003133927,0.700038857244659,0.8366832478570723,2.258602896323647,0.20980929243231106,-0.5,5.0,2.0,3.0,-0.6778613720318305,AAPL
2021-02-01,134.14,0.2272459256444196,0.30921458087686915,0.6640605280448271,0.8148990907129711,2.2336818012771644,0.1668915909009072,-0.5,5.0,2.0,3.0,-0.6778613720318305,AAPL
2021-02-02,134.94,0.2122658562357309,0.262419618156855,0.6527716153269307,0.8079428292440813,2.1159037763004878,0.17503595294055768,-0.5,5.0,2.0,3.0,-0.6778613720318305,AAPL
2021-02-03,133.92,0.21814626470581897,0.2477367716419394,0.6572030646182068,0.8106806181340508,2.20530265483694,0.1727053579048738,-0.5,5.0,2.0,3.0,-0.6778613720318305,AAPL
2021-02-04,137.39,0.18416429936099743,0.25347984542895574,0.6315944079528626,0.7947291412505664,2.180248577350505,0.1673862524093378,-0.5,4.999999995721283,1.9999999976040004,3.0,-0.6775654033556581,AAPL
2021-02-05,136.77,0.1451543821066137,0.22019278576772194,0.6021967103118377,0.7760133441583578,2.0822293087343624,0.05121300816732763,-0.5,4.999999995721283,1.9999999976040004,3.0,-0.6775654033556581,AAPL
2021-02-08,136.91,0.11745088311486529,0.18195687445404474,0.5813194784621256,0.7624430985077677,2.2618667084328816,0.04317159095789326,-0.5,4.999999995721283,1.9999999976040004,3.0,-0.6775654033556581,AAPL
2021-02-09,135.99,0.11651740708227135,0.15480304812808754,0.5806160151355466,0.7619816370067894,2.4261448690277083,0.048315136122368894,-0.5,4.999999995721283,1.9999999976040004,3.0,-0.6775654033556581,AAPL
2021-02-10,135.36,0.1156386793013292,0.15388809291471262,0.5799538098444037,0.7615469846597803,2.5548218091890504,0.04536218247461303,-0.5,4.999999995721283,1.9999999976040004,3.0,-0.6775654033556581,AAPL
2021-02-11,135.12,0.09704259356109801,0.15306697319465457,0.5659398844505217,0.7522897609635011,2.491233715879769,0.0022781701511658675,-0.5,5.0,2.0,3.0,-0.6780277823280855,AAPL
2021-02-12,135.34,0.0823418905485167,0.1347996850454365,0.5548615009882603,0.744890261037329,2.550131391777969,0.0032615281754324738,-0.5,5.0,2.0,3.0,-0.6780277823280855,AAPL
2021-02-16,133.16,0.10053123900118477,0.12039066156648914,0.5685689119137713,0.7540350866596138,2.5607268423038563,0.011481941996584612,-0.5,5.0,2.0,3.0,-0.6780277823280855,AAPL
2021-02-17,130.84,0.11919053068532617,0.1382191098309704,0.5826304699381863,0.7633023450364779,2.5938291060457415,0.01901905755450161,-0.5,5.0,2.0,3.0,-0.6780277823280855,AAPL
2021-02-18,129.71,0.11862194778226098,0.15650817901041592,0.5822019884278224,0.7630216172742568,2.563975731628926,0.018274777882895728,-0.5,5.0,2.0,3.0,-0.6780277823280855,AAPL
2021-02-19,129.87,0.10438113621771644,0.15624587799538858,0.5714701770858197,0.7559564650731018,2.5330996721068684,0.021289423703011127,-0.5,5.0,2.0,3.0,-0.6804250937500955,AAPL
2021-02-22,126.01,0.1384153864045244,0.14199262239708332,0.5971182344676551,0.7727342586346584,2.2541902480749387,0.0339791483410763,-0.5,5.0,2.0,3.0,-0.6804250937500955,AAPL
2021-02-23,125.86,0.1272808212192971,0.1753515907912515,0.5887272763820504,0.7672856550086482,2.5950485347701244,0.04168848806029131,-0.5,5.0,2.0,3.0,-0.6804250937500955,AAPL
2021-02-24,125.32,0.12068217547439757,0.1644379482313525,0.5837545667210868,0.764038328044534,2.451546219687734,0.04003344177924388,-0.5,5.0,2.0,3.0,-0.6804250937500955,AAPL
2021-02-25,121.0,0.16767014080721687,0.15797022862534504,0.6191644853911613,0.7868700562298462,2.1948477913513798,0.07535250546603896,-0.5,5.0,2.0,3.0,-0.6804250937500955,AAPL
2021-02-26,121.35,0.15170346045585995,0.20423674899939215,0.6071320668543461,0.7791867984343331,2.539765777943444,0.07864792866749003,-0.5,4.999999998488609,1.999999999386945,3.0,-0.681796580339705,AAPL
2021-03-01,127.79,0.1468921084219495,0.18837600920232944,0.6035062536696094,0.776856649369502,1.7342321391193947,0.24528144061292387,-0.5,4.999999998488609,1.999999999386945,3.0,-0.681796580339705,AAPL
2021-03-02,125.16,0.24173725727568013,0.1836601234099362,0.6749811299202801,0.8215723522126825,2.4253853155294753,0.2745234665964382,-0.5,4.999999998488609,1.999999999386945,3.0,-0.681796580339705,AAPL
2021-03-03,122.06,0.31469501526965593,0.27662342273106333,0.7299617671712986,0.8543780001681331,2.425869531007697,0.3046250918259151,-0.5,4.999999998488609,1.999999999386945,3.0,-0.681796580339705,AAPL
2021-03-04,120.3,0.31625211965632793,0.34813360635598656,0.731135194011699,0.8550644385142555,2.119022939010321,0.24871652296555907,-0.5,4.999999998488609,1.999999999386945,3.0,-0.681796580339705,AAPL
2021-03-05,121.39,0.29044737637320095,0.35036435154324863,0.7116888559765377,0.843616533726395,2.0186367164599495,0.2537392732353042,-0.5,4.999999998325514,1.999999999742364,3.0,-0.6895289219129063,AAPL
2021-03-08,116.41,0.24117967644913557,0.3243670712399762,0.6745609396010863,0.8213165891427534,1.2840129589673677,0.08622782291355156,-0.5,4.999999998325514,1.999999999742364,3.0,-0.6895289219129063,AAPL
2021-03-09,121.08,0.2223437695217885,0.2760769047308713,0.6603662851249854,0.812629242105516,1.8937231805362598,0.25222165148364456,-0.5,4.999999998325514,1.999999999742364,3.0,-0.6895289219129063,AAPL
2021-03-10,119.97,0.2505283111865753,0.2576147265426698,0.6816060285598009,0.8255943486723979,2.199417617785008,0.2280181375474561,-0.5,4.999999998325514,1.999999999742364,3.0,-0.6895289219129063,AAPL
2021-03-11,121.96,0.24074940202571807,0.28524005073995795,0.6742366867369225,0.8211191671961643,2.2217565901444245,0.23317117505349913,-0.5,4.999999998325514,1.999999999742364,3.0,-0.6895289219129063,AAPL
2021-03-12,121.04,0.2613688192923637,0.275651711577666,0.6897753867390248,0.830527173991932,2.183692114575365,0.23391917104320814,-0.5,5.0,2.0,3.0,-0.6901817876456273,AAPL
2021-03-15,124.0,0.1801544324838547,0.29586547071812674,0.62857259127087,0.792825700435392,2.019636015270168,0.10997951145151093,-0.5,5.0,2.0,3.0,-0.6901817876456273,AAPL
2021-03-16,125.57,0.12384493614665772,0.21626247881067684,0.5861380088936599,0.7655965052778518,2.040293868016631,0.05604928014343352,-0.5,5.0,2.0,3.0,-0.6901817876456273,AAPL
2021-03-17,124.78,0.11703104311633203,0.1610702355756075,0.5810030898495722,0.7622355868427898,2.2948062431694027,0.050449435192824646,-0.5,5.0,2.0,3.0,-0.6901817876456273,AAPL
2021-03-18,120.59,0.18142063773302342,0.1543915376314544,0.629526797833659,0.7934272479778212,2.3033404663641175,0.1247586140448828,-0.5,5.0,2.0,3.0,-0.6901817876456273,AAPL
2021-03-19,119.88,0.1875819716170256,0.2178131496621063,0.6341699512493553,0.7963478833081402,2.580360032015134,0.1237828133882309,-0.5,5.0,2.0,3.0,-0.6926008160573198,AAPL
2021-03-22,123.37,0.15250566798505355,0.223542646606802,0.6077366070928794,0.7795746321506872,2.256280483964444,0.13973002698887477,-0.5,5.0,2.0,3.0,-0.6926008160573198,AAPL
2021-03-23,122.53,0.16764390811876215,0.18916230029572034,0.6191447165555011,0.7868574944394322,2.3519483502509355,0.12545681273607273,-0.5,5.0,2.0,3.0,-0.6926008160573198,AAPL
2021-03-24,120.08,0.19860177296581505,0.2040001791465329,0.6424744238256228,0.801545022956055,2.367012987407067,0.13764226481371675,-0.5,5.0,2.0,3.0,-0.6926008160573198,AAPL
2021-03-25,120.6,0.1650976000118317,0.2343438020470785,0.6172258302547915,0.7856372128755049,2.312200933639362,0.0838950741370244,-0.5,5.0,2.0,3.0,-0.6926008160573198,AAPL
2021-03-26,121.21,0.14198473596232347,0.2016590904822806,0.5998080741908982,0.7744727717556623,2.2720356090058322,0.08176813300086325,-0.5,5.0,1.9999999756539117,3.0,-0.6943176212712774,AAPL
2021-03-29,121.39,0.1121771122002732,0.17885011837643106,0.5773451834126682,0.7598323390147778,2.3089297923669667,0.02826171161012635,-0.5,5.0,1.9999999756539117,3.0,-0.6943176212712774,AAPL
2021-03-30,119.98,0.11465552727906062,0.14963391518540448,0.5792129058336952,0.7610603825148798,2.390266294024339,0.03164615968439931,-0.5,5.0,1.9999999756539117,3.0,-0.6943176212712774,AAPL
2021-03-31,122.18,0.08099246928936346,0.15206315387331415,0.5538445772168226,0.7442073482684933,2.522149081803913,0.028531195101564412,-0.5,5.0,1.9999999756539117,3.0,-0.6943176212712774,AAPL
2021-04-01,123.0,0.07545348928065154,0.11906801642544451,0.5496704268735502,0.7413976172564558,2.6218000157916332,0.029068476715073188,-0.5,5.0,1.9999999756539117,3.0,-0.6943176212712774,AAPL
2021-04-05,125.9,0.05837356513957257,0.11365735117578879,0.5367990791026331,0.7326657349041465,2.6332312621199567,0.04841052867305734,-0.5,5.0,2.0,3.0,-0.6948532898483983,AAPL
2021-04-06,126.23,0.07502067415525934,0.09689789753610967,0.5493442653468565,0.7411776206462636,2.8980074698066347,0.04760264642753346,-0.5,5.0,2.0,3.0,-0.6948532898483983,AAPL
2021-04-07,127.91,0.06426204101447128,0.11321471021801699,0.5412366079537754,0.7356878468166885,2.9017228825916965,0.01766309993213092,-0.5,5.0,2.0,3.0,-0.6948532898483983,AAPL
2021-04-08,130.38,0.04829925282142657,0.10266954120743321,0.5292071227939117,0.7274662348136247,2.741334525515665,0.01835605539654041,-0.5,5.0,2.0,3.0,-0.6948532898483983,AAPL
2021-04-09,133.0,0.036078559362818306,0.08702347419239231,0.5199976633419829,0.7211086349101521,2.7861688626261967,0.016658973080488495,-0.5,5.0,2.0,3.0,-0.6948532898483983,AAPL
2021-04-12,131.26,0.08362751105257321,0.07504445610902621,0.5558303387995331,0.7455402999164654,3.0687986956797904,0.04845291781287116,-0.5,5.0,2.0,3.0,-0.6948661015698169,AAPL
2021-04-13,134.41,0.068507345249918,0.12165077356621623,0.5444358500712438,0.7378589635365581,2.785321926963564,0.05567820842930528,-0.5,5.0,2.0,3.0,-0.6948661015698169,AAPL
2021-04-14,132.13,0.12592597421906204,0.10683061076633749,0.5877062697955997,0.7666200296076275,2.804210824783267,0.0995057200410491,-0.5,5.0,2.0,3.0,-0.6948661015698169,AAPL
2021-04-15,134.51,0.11635800125885422,0.163109982975584,0.5804958885424709,0.7619028078058716,2.807926522250712,0.09755921895069865,-0.5,5.0,2.0,3.0,-0.6948661015698169,AAPL
2021-04-16,134.15,0.13124986485673146,0.15373185180214932,0.5917183297593149,0.7692322989574183,2.618026410581332,0.08439326753084633,-0.5,5.0,2.0,3.0,-0.6948661015698169,AAPL
2021-04-19,134.85,0.12358201204670939,0.16833056151517667,0.5859398667897282,0.7654670905987586,2.6117023763724228,0.06693416779200233,-0.5,4.999999951600021,1.9999999999332714,3.0,-0.6950150076441126,AAPL
2021-04-20,133.12,0.13440090277911365,0.16081252838193905,0.5940929340531473,0.770774243247105,2.450363315405207,0.050009087119177474,-0.5,4.999999951600021,1.9999999999332714,3.0,-0.6950150076441126,AAPL
2021-04-21,133.49,0.11447515639611408,0.1714167561076465,0.579076981442789,0.7609710779279255,2.5050526480687147,0.03190476116372222,-0.5,4.999999951600021,1.9999999999332714,3.0,-0.6950150076441126,AAPL
2021-04-22,131.94,0.11389815674072448,0.15188636303355452,0.5786421571047196,0.7606853206843941,2.3912049889083593,0.01705218409227342,-0.5,4.999999951600021,1.9999999999332714,3.0,-0.6950150076441126,AAPL
2021-04-23,134.3,0.08620961440052387,0.1513208122632932,0.5577761964707384,0.7468441580883781,2.539901560997083,0.04107471611202623,-0.5,4.999999951600021,1.9999999999332714,3.0,-0.6950150076441126,AAPL
2021-04-26,134.73,0.08740812379283178,0.12420339864183916,0.5586793915028665,0.7474485878659927,2.639276949225,0.04001779238099766,-0.5,5.0,2.0,3.0,-0.695372951021568,AAPL
2021-04-27,134.39,0.09383070518747845,0.1253563759091776,0.5635194198638631,0.7506793056051719,2.7632217913589154,0.028790576407442175,-0.5,5.0,2.0,3.0,-0.695372951021568,AAPL
2021-04-28,133.74,0.10277014619885977,0.13165152383589884,0.5702561422762262,0.7551530588405414,2.7447007684024984,0.030878025845612906,-0.5,5.0,2.0,3.0,-0.695372951021568,AAPL
2021-04-29,133.49,0.10129921985574246,0.14041359405382536,0.5691476588207174,0.7544187556130331,2.6878229836131124,0.020830399660652192,-0.5,5.0,2.0,3.0,-0.695372951021568,AAPL
2021-04-30,131.53,0.11340185782761533,0.1389718534774147,0.5782681521904962,0.7604394467612107,2.5153777209646258,0.011058517763746962,-0.5,5.0,2.0,3.0,-0.695372951021568,AAPL
2021-05-03,132.55,0.0928518809360356,0.15085666354571003,0.5627817823243275,0.7501878313624712,2.6243389359917657,0.01629415257777857,-0.5,5.0,2.0,3.0,-0.6955712673777256,AAPL
2021-05-04,127.94,0.1526383152838479,0.13069212143454934,0.6078365694987602,0.7796387429436534,2.2690880446137114,0.06770642473044754,-0.5,5.0,2.0,3.0,-0.6955712673777256,AAPL
2021-05-05,128.15,0.14587665570031233,0.1892923155828612,0.6027410133445019,0.7763639696331238,2.7047231214912784,0.07390660495942383,-0.5,5.0,2.0,3.0,-0.6955712673777256,AAPL
2021-05-06,129.68,0.13221687198889584,0.18266481895989273,0.59244706197108,0.7697058282039184,2.467307167171188,0.09496455465906989,-0.5,5.0,2.0,3.0,-0.6955712673777256,AAPL
2021-05-07,130.21,0.1317241474697986,0.16927606103854487,0.5920757469966091,0.7694645846279146,2.507872045982531,0.09151181344592413,-0.5,5.0,2.0,3.0,-0.6955712673777256,AAPL
2021-05-10,126.89,0.175106534038714,0.1687866459687939,0.6247685150595452,0.7904229975522886,2.380733599431243,0.10706505710607041,-0.5,4.9999999631547345,2.0,3.0,-0.6954212616397343,AAPL
2021-05-11,125.85,0.1596449501584922,0.21131473659625044,0.6131167351854099,0.7830177106460683,2.3698147681301664,0.05296674860799646,-0.5,4.9999999631547345,2.0,3.0,-0.6954212616397343,AAPL
2021-05-12,122.81,0.17272680421650008,0.19615993180923397,0.6229751613990693,0.7892877557640618,2.1415752914460104,0.07105775296944392,-0.5,4.9999999631547345,2.0,3.0,-0.6954212616397343,AAPL
2021-05-13,124.94,0.13624354163148367,0.20898222459072713,0.595481539269278,0.7716745034464194,2.3639924432004236,0.08616696507055505,-0.5,4.9999999631547345,2.0,3.0,-0.6954212616397343,AAPL
2021-05-14,127.43,0.12574492376557006,0.17322283556859475,0.5875698281985404,0.7665310353785686,2.357335854392614,0.1212538931295241,-0.5,4.9999999631547345,2.0,3.0,-0.6954212616397343,AAPL
2021-05-17,126.27,0.14304913096043476,0.1629300344211515,0.6006102034529439,0.7749904537818152,2.508432309383888,0.09006226990616349,-0.5,4.999999999932354,2.0,3.0,-0.6952807234415048,AAPL
2021-05-18,124.85,0.1588749983162655,0.17989339363703039,0.6125365056876988,0.782647114405783,2.5215152874466793,0.09335357189287322,-0.5,4.999999999932354,2.0,3.0,-0.6952807234415048,AAPL
2021-05-19,124.69,0.14022456383972845,0.19540525531192543,0.5984816224149205,0.7736159398661073,2.407792090025386,0.053682392793834355,-0.5,4.999999999932354,2.0,3.0,-0.6952807234415048,AAPL
2021-05-20,127.22,0.1034876190655995,0.17712487127573695,0.5707968265862522,0.7555109705267371,2.361329403887473,0.059262600578583374,-0.5,4.999999999932354,2.0,3.0,-0.6952807234415048,AAPL
2021-05-21,125.43,0.12007970103102301,0.14111683177179657,0.5833005446937187,0.7637411503210487,2.4290205468456785,0.04834682159157175,-0.5,4.999999999932354,2.0,3.0,-0.6952807234415048,AAPL
2021-05-24,127.11,0.10156839260895895,0.15737080050894292,0.5693504967175573,0.754553176865327,2.6258718065624196,0.05683012576539484,-0.5,4.999999974747761,1.9999999694114035,3.0,-0.695169998879269,AAPL
2021-05-25,126.93,0.10481394631089537,0.13923568694008281,0.5717963313470549,0.7561721572149128,2.59463348318609,0.04601281365964618,-0.5,4.999999974747761,1.9999999694114035,3.0,-0.695169998879269,AAPL
2021-05-26,126.85,0.10701418842696177,0.14241684350417927,0.5734544238807087,0.757267735930106,2.680883249614359,0.04565747044870118,-0.5,4.999999974747761,1.9999999694114035,3.0,-0.695169998879269,AAPL
2021-05-27,125.3,0.11885713942253243,0.1445734287481173,0.5823792183289183,0.7631377453179198,2.563037844548659,0.030562647696151607,-0.5,4.999999974747761,1.9999999694114035,3.0,-0.695169998879269,AAPL
2021-05-28,124.61,0.11470198692919682,0.15618140258447966,0.5792479141533073,0.7610833818664728,2.5644036179712155,0.02220564410342925,-0.5,4.999999974747761,1.9999999694114035,3.0,-0.695169998879269,AAPL
2021-06-01,124.31,0.10101749673287053,0.15216981702542398,0.568935338089668,0.7542780243979458,2.4972597608272977,0.00570977077917269,-0.5,4.999999918526048,1.9999999626586185,3.0,-0.6957485662453546,AAPL
2021-06-02,125.08,0.08313688617906785,0.1386957194408751,0.555460590592846,0.7452922853437073,2.5718034545123745,0.01152088126655353,-0.5,4.999999918526048,1.9999999626586185,3.0,-0.6957485662453546,AAPL
2021-06-03,123.54,0.09835162442401162,0.1211698812294344,0.5669263487370644,0.7529451166831912,2.5955046988357555,0.015072453674174289,-0.5,4.999999918526048,1.9999999626586185,3.0,-0.6957485662453546,AAPL
2021-06-04,125.88,0.07574455605705553,0.13608274338184856,0.5498897639419587,0.7415455238499917,2.679761447958032,0.036271335045649306,-0.5,4.999999918526048,1.9999999626586185,3.0,-0.6957485662453546,AAPL
2021-06-07,125.9,0.08435497960339262,0.11392422838616767,0.5563785403055213,0.7459078631476687,2.7317551234130386,0.03328413289137112,-0.5,4.999999918526048,1.9999999626586185,3.0,-0.6957485662453546,AAPL
2021-06-08,126.74,0.08237260144387748,0.1223791651063948,0.5548846445804396,0.7449057957758415,2.8434405448564055,0.0323181861007281,-0.5,5.0,2.0,3.0,-0.6961655543480665,AAPL
2021-06-09,127.17,0.08531642068007517,0.12042076208308572,0.5571030934746366,0.7463933905619989,2.805403769755058,0.031900845893393044,-0.5,5.0,2.0,3.0,-0.6961655543480665,AAPL
2021-06-10,126.12,0.10122168507230578,0.12330617504994734,0.569089228957748,0.7543800295326939,2.7611416423281296,0.02463976056274024,-0.5,5.0,2.0,3.0,-0.6961655543480665,AAPL
2021-06-11,127.35,0.08327939728909077,0.13889585917786462,0.5555680018380253,0.7453643416732688,2.7215664579163303,0.012076589027441336,-0.5,5.0,2.0,3.0,-0.6961655543480665,AAPL
2021-06-14,130.49,0.05757003310513108,0.12130956858891295,0.5361935409869296,0.7322523752006064,2.5514833247330766,0.03499375122617453,-0.5,5.0,2.0,3.0,-0.6961655543480665,AAPL
2021-06-15,129.7,0.08496042635058772,0.09610880202308181,0.5568348107231846,0.7462136495154619,2.8344361473859228,0.043971974946230286,-0.5,4.999999957105415,1.9999999849450407,3.0,-0.696337976029249,AAPL
2021-06-16,130.13,0.09249567210388648,0.1229572428346728,0.5625133379377063,0.7500088919057603,3.008068860041824,0.04398423733187515,-0.5,4.999999957105415,1.9999999849450407,3.0,-0.696337976029249,AAPL
2021-06-17,131.74,0.08059793316749225,0.13034297931517358,0.5535472555359464,0.744007564165813,2.7550808944190814,0.031901750434347995,-0.5,4.999999957105415,1.9999999849450407,3.0,-0.696337976029249,AAPL
2021-06-18,130.39,0.10814422550518536,0.11868130659786402,0.5743060172034447,0.757829807544837,2.7383334316701076,0.04958760299846347,-0.5,4.999999957105415,1.9999999849450407,3.0,-0.696337976029249,AAPL
2021-06-21,132.27,0.0873457535344398,0.14568104525096714,0.5586323825307282,0.7474171409131103,2.731051288807076,0.029820555847830728,-0.5,4.999999957105415,1.9999999849450407,3.0,-0.696337976029249,AAPL
2021-06-22,133.98,0.07277368699785247,0.12529875477048336,0.5476509266220091,0.7400344090797462,2.6328210896788624,0.02692409839553236,-0.5,5.0,1.9999999215063293,3.0,-0.6964697723116863,AAPL
2021-06-23,133.69,0.08521983004559693,0.11101230191707145,0.557030283867106,0.7463446146835294,2.7890384551478236,0.030632586017870656,-0.5,5.0,1.9999999215063293,3.0,-0.6964697723116863,AAPL
2021-06-24,133.4,0.09434311033298347,0.12321149986382807,0.5639055467284033,0.7509364465308654,2.8647423132898497,0.028606863785391467,-0.5,5.0,1.9999999215063293,3.0,-0.6964697723116863,AAPL
2021-06-25,133.14,0.09680392971812474,0.13215376191510586,0.5657600091140884,0.7521701995652902,2.7541418111843887,0.01864952517657812,-0.5,5.0,1.9999999215063293,3.0,-0.6964697723116863,AAPL
2021-06-28,134.75,0.0775976068441119,0.1345657537895022,0.5512862108531331,0.7424865055023783,2.6754643761714982,0.015982147275320036,-0.5,5.0,1.9999999215063293,3.0,-0.6964697723116863,AAPL
2021-06-29,136.33,0.06438784903811365,0.11575029930099845,0.5413314153324338,0.7357522785098486,2.68728082861281,0.014686577341271122,-0.5,4.999999994392927,1.9999999978023806,3.0,-0.6966978036257953,AAPL
2021-06-30,136.88,0.06622274016329693,0.10279285199794685,0.5427141810059528,0.7366913743257436,2.8405194930336495,0.01221512978976184,-0.5,4.999999994392927,1.9999999978023806,3.0,-0.6966978036257953,AAPL
2021-07-01,137.27,0.06966634851125718,0.10459133794574882,0.5453092687205592,0.738450586512435,2.933080976182695,0.009129785201145477,-0.5,4.999999994392927,1.9999999978023806,3.0,-0.6966978036257953,AAPL
2021-07-02,139.96,0.050065595981847975,0.10796661885615322,0.5305382300464783,0.7283805530397405,2.7671594395990318,0.011478196225586147,-0.5,4.999999994392927,1.9999999978023806,3.0,-0.6966978036257953,AAPL
2021-07-06,141.95,0.04393908909980826,0.08875477187757497,0.5259213221009367,0.725204331275632,2.8462911371239428,0.012236474664955917,-0.5,4.999999994392927,1.9999999978023806,3.0,-0.6966978036257953,AAPL
2021-07-07,144.67,0.03486550309629958,0.08275422309088754,0.5190835096127164,0.7204745030968941,2.8797059047862534,0.016089535335052686,-0.5,5.0,2.0,3.0,-0.6965289085986947,AAPL
2021-07-08,143.25,0.07626720638331472,0.07385626429095282,0.5502836464096974,0.7418110584304453,3.153991241128457,0.039550787364201194,-0.5,5.0,2.0,3.0,-0.6965289085986947,AAPL
2021-07-09,145.1,0.07447331827363737,0.11443650752335088,0.5489317804240783,0.7408993051853121,3.1290802968481155,0.03671010141095044,-0.5,5.0,2.0,3.0,-0.6965289085986947,AAPL
2021-07-12,144.58,0.09503330898228432,0.1126782154351531,0.5644256966576076,0.7512827008906884,2.8931887946937698,0.03927918540718179,-0.5,5.0,2.0,3.0,-0.6965289085986947,AAPL
2021-07-13,145.69,0.09143022231499323,0.13283026717545,0.5617104268018833,0.7494734330193988,2.8550727796963575,0.03517455337540339,-0.5,5.0,2.0,3.0,-0.6965289085986947,AAPL
2021-07-14,149.29,0.06708260090166476,0.1293027076171711,0.5433621691586961,0.7371310393401542,2.5824044466299396,0.04608629209450412,-0.5,5.0,2.0,3.0,-0.6967346486298805,AAPL
2021-07-15,148.47,0.08883840265199686,0.10543413613777375,0.5597572431978661,0.748169261061871,2.7765341307612945,0.03817783500103245,-0.5,5.0,2.0,3.0,-0.6967346486298805,AAPL
2021-07-16,146.34,0.12280412165568068,0.12675827726707212,0.5853536557893046,0.7650840841301724,2.841131570603893,0.056188206660207886,-0.5,5.0,2.0,3.0,-0.6967346486298805,AAPL
2021-07-19,142.53,0.17408537768785587,0.16005007079365896,0.6239989789595397,0.7899360600450771,2.541371112546247,0.09756159065287347,-0.5,5.0,2.0,3.0,-0.6967346486298805,AAPL
2021-07-20,146.15,0.1488647797654566,0.21031384221714688,0.6049928501578943,0.7778128631990437,2.477481433054875,0.13595136992684198,-0.5,5.0,2.0,3.0,-0.6967346486298805,AAPL
2021-07-21,145.38,0.15279012387794103,0.18568144685559673,0.6079509717703244,0.779712108261969,2.378180980822701,0.09142234268350184,-0.5,5.0,2.0,3.0,-0.6990495189723501,AAPL
2021-07-22,146.78,0.14101918225438917,0.189441113594512,0.5990804432720613,0.7740028703254668,2.4739944829703298,0.10252132203139434,-0.5,5.0,2.0,3.0,-0.6990495189723501,AAPL
2021-07-23,148.53,0.12889228665957003,0.1779037211672403,0.589941669467078,0.7680766039055467,2.457763314622224,0.09708721918623067,-0.5,5.0,2.0,3.0,-0.6990495189723501,AAPL
2021-07-26,148.99,0.1077814858572524,0.16601743976934813,0.5740326652321555,0.757649434258454,2.439760699102547,0.03187006140570623,-0.5,5.0,2.0,3.0,-0.6990495189723501,AAPL
2021-07-27,146.81,0.11819349832963073,0.14532550305011682,0.5818791108534389,0.7628100096704545,2.4243750071344796,0.03042868603953957,-0.5,5.0,2.0,3.0,-0.6990495189723501,AAPL
2021-07-28,144.99,0.12740794050203413,0.15556621080759214,0.588823064227183,0.7673480724072896,2.534526775804468,0.0386391380771079,-0.5,4.999999925140776,1.999999987805091,3.0,-0.6994110114418829,AAPL
2021-07-29,145.6,0.10964088114188869,0.16456254517834168,0.5754338884026964,0.7585735879943991,2.548544014785824,0.03323300742371831,-0.5,4.999999925140776,1.999999987805091,3.0,-0.6994110114418829,AAPL
2021-07-30,145.95,0.0958674540494567,0.14714800525689498,0.5650542958483993,0.7517009351120958,2.5179678974164155,0.021698526217135312,-0.5,4.999999925140776,1.999999987805091,3.0,-0.6994110114418829,AAPL
2021-08-02,145.54,0.09404267847688463,0.1336478622906725,0.5636791532045804,0.7507856905965778,2.6015373301509594,0.01854761887063835,-0.5,4.999999925140776,1.999999987805091,3.0,-0.6994110114418829,AAPL
2021-08-03,147.33,0.07542986019761987,0.13185929191240575,0.5496526172720604,0.7413856063291628,2.6666710632378527,0.02103209292702024,-0.5,4.999999925140776,1.999999987805091,3.0,-0.6994110114418829,AAPL
2021-08-04,146.95,0.079928730050571,0.11363637254180503,0.5530429513833708,0.7436685763049093,2.7097571719416105,0.009534445667812122,-0.5,5.0,1.999999988873731,3.0,-0.6998578626323257,AAPL
2021-08-05,147.03,0.08062045194497464,0.11802538274423569,0.5535642298820171,0.744018971453025,2.8268318733592546,0.009510874614363089,-0.5,5.0,1.999999988873731,3.0,-0.6998578626323257,AAPL
2021-08-06,146.1,0.09209244149172745,0.11870338003063807,0.5622094694440445,0.7498062879464565,2.7774800069983727,0.01287456126486878,-0.5,5.0,1.999999988873731,3.0,-0.6998578626323257,AAPL
2021-08-09,146.12,0.09090445449759355,0.12994775068000308,0.561314207805337,0.7492090548073596,2.7808501419357015,0.01219116011587134,-0.5,5.0,1.999999988873731,3.0,-0.6998578626323257,AAPL
2021-08-10,145.61,0.09086454241525929,0.12878333318440127,0.561284130240169,0.7491889816596137,2.679595599177721,0.002009210904178401,-0.5,5.0,1.999999988873731,3.0,-0.6998578626323257,AAPL
2021-08-11,145.91,0.08323707041067685,0.12880291735200444,0.5555360976718666,0.7453429396404494,2.7042133908954478,0.0029578597435724416,-0.5,4.99999995610673,1.9999999861210989,3.0,-0.700568709652465,AAPL
2021-08-12,148.88,0.06093751336305339,0.12126807748427382,0.5387312520544485,0.7339831415328615,2.6420196858856735,0.027185783876759746,-0.5,4.99999995610673,1.9999999861210989,3.0,-0.700568709652465,AAPL
2021-08-13,149.1,0.07012648164359161,0.09941097573391744,0.5456560171073155,0.7386853302369795,2.8260336826621786,0.021550971747419056,-0.5,4.99999995610673,1.9999999861210989,3.0,-0.700568709652465,AAPL
2021-08-16,151.13,0.061974412231099896,0.10841762217023643,0.5395126543648703,0.7345152512813266,2.893476092724058,0.02395653428029114,-0.5,4.99999995610673,1.9999999861210989,3.0,-0.700568709652465,AAPL
2021-08-17,150.17,0.08552345134703668,0.10042729953420348,0.5572591040336556,0.7464978928527901,2.9070436085770557,0.028083748955932363,-0.5,4.99999995610673,1.9999999861210989,3.0,-0.700568709652465,AAPL
2021-08-18,146.37,0.09976086439505356,0.061271766393474536,0.33774252635762236,0.581156197900033,2.8666133101775677,0.08105853954556222,-0.5,2.422420311885986,1.9126065705800506,3.0,-0.7004379887681019,AAPL
2021-08-19,146.69,0.09669555015871638,0.11718734735040925,0.3350796118257455,0.5788606151965648,3.201079802825998,0.05313581902258452,-0.5,2.422420311885986,1.9126065705800506,3.0,-0.7004379887681019,AAPL
2021-08-20,148.19,0.08134526573372929,0.11415150101311156,0.32174443888354665,0.5672252100211579,2.7527296969193005,0.06181403943597283,-0.5,2.422420311885986,1.9126065705800506,3.0,-0.7004379887681019,AAPL
2021-08-23,149.67,0.06860886372761162,0.09894877722399542,0.3106800104527301,0.5573867691762427,2.75232696351054,0.055799365541781776,-0.5,2.422420311885986,1.9126065705800506,3.0,-0.7004379887681019,AAPL
2021-08-24,149.63,0.07370184115735783,0.08633480598291499,0.31510440630990555,0.5613416128436458,2.8759564448514316,0.054269448181753534,-0.5,2.422420311885986,1.9126065705800506,3.0,-0.7004379887681019,AAPL
2021-08-25,148.36,0.06462021292899389,0.09694826127088163,0.2733254732891318,0.5228053875861761,2.7527987233426248,0.015326977479631992,-0.5,4.7314138390464135,0.9510899416997902,3.0,-0.01,AAPL
2021-08-26,147.53,0.05655261159835462,0.0812640824879054,0.2671572609410442,0.5168725770836021,2.791676942640832,0.018896331758590203,-0.5,4.7314138390464135,0.9510899416997902,3.0,-0.01,AAPL
2021-08-27,148.59,0.05123642294849237,0.07334795409042272,0.2630926847267603,0.5129256132489002,2.883493365723223,0.015923899663851694,-0.5,4.7314138390464135,0.9510899416997902,3.0,-0.01,AAPL
2021-08-30,153.09,0.0634742543081768,0.06813157928991131,0.2724493124792916,0.5219667733479705,2.491478268544603,0.059440706694772,-0.5,4.7314138390464135,0.9510899416997902,3.0,-0.01,AAPL
2021-08-31,151.82,0.076133534973325,0.08013963987104944,0.28212816597197965,0.5311573834297888,3.061396469378976,0.06757962087163087,-0.5,4.7314138390464135,0.9510899416997902,3.0,-0.01,AAPL
2021-09-01,152.54,0.0803854370576585,0.09356137400027364,0.2882030117751587,0.536845426333464,2.9375805249454676,0.057345334842570636,-0.5,4.9788647671296555,0.9267230022684692,3.0,-0.01,AAPL
2021-09-02,153.71,0.07800112448341491,0.09710686683683889,0.2864041654225691,0.5351674181249911,2.810110081932634,0.0475499210495013,-0.5,4.9788647671296555,0.9267230022684692,3.0,-0.01,AAPL
2021-09-03,154.31,0.07648119119357205,0.09476966198781156,0.2852574506486134,0.5340949827967058,2.804274935566572,0.04851758773157374,-0.5,4.9788647671296555,0.9267230022684692,3.0,-0.01,AAPL
2021-09-07,156.7,0.06325258281627572,0.0932797587083769,0.2752771174547216,0.5246685786806006,2.6875769200245427,0.018453927907419773,-0.5,4.9788647671296555,0.9267230022684692,3.0,-0.01,AAPL
2021-09-08,155.12,0.05772955538045069,0.08031251315696863,0.2711102653961829,0.5206824996062215,2.8060189019382307,0.021570609902568493,-0.5,4.9788647671296555,0.9267230022684692,3.0,-0.01,AAPL
2021-09-09,154.12,0.023705158573678012,0.02356229315410019,0.019096123105423406,0.13818872278671443,3.5533412326489238,0.027283814015755484,0.2764899540939768,5.0,0.005,0.21756601442684956,-0.01,AAPL
2021-09-10,149.02,0.025092191640998122,0.023333869734415202,0.0201413849668091,0.14192034726144487,2.2004924664312515,0.08418559578985743,0.2764899540939768,5.0,0.005,0.21756601442684956,-0.01,AAPL
2021-09-13,149.62,0.02617705743394396,0.024693526925148035,0.020958934933573183,0.14477201018695976,3.5782872611818375,0.08434196933391978,0.2764899540939768,5.0,0.005,0.21756601442684956,-0.01,AAPL
2021-09-14,148.24,0.026383628733199625,0.025756897108294652,0.021114606132664363,0.1453086581476285,3.4830444313208373,0.04806042910354448,0.2764899540939768,5.0,0.005,0.21756601442684956,-0.01,AAPL
2021-09-15,149.1,0.026858565498214207,0.025959390268326388,0.021472516335914817,0.1465350344999953,3.547125683040983,0.06276968707119462,0.2764899540939768,5.0,0.005,0.21756601442684956,-0.01,AAPL
2021-09-16,148.85,0.02730172008470925,0.026323588775085227,0.021806475632830783,0.14767015823391935,3.558878949104258,0.06480009078038716,0.28828605719584566,5.0,0.005,0.21116998395011358,-0.013825346724902592,AAPL
2021-09-17,146.01,0.026995380996189956,0.02685923735407414,0.021575619877892263,0.14688641828941254,3.14688319350316,0.026844971380521776,0.28828605719584566,5.0,0.005,0.21116998395011358,-0.013825346724902592,AAPL
2021-09-20,143.0,0.02685684153283212,0.026558951864899427,0.02147121716338123,0.14653060145710597,3.0710966797637815,0.03260645083285517,0.28828605719584566,5.0,0.005,0.21116998395011358,-0.013825346724902592,AAPL
2021-09-21,143.41,0.026744896393321317,0.02642312835178018,0.021386855811330534,0.14624245557063972,3.568283604332263,0.039692064899589465,0.28828605719584566,5.0,0.005,0.21116998395011358,-0.013825346724902592,AAPL
2021-09-22,145.8,0.027112545332804862,0.026313385395951627,0.02166391439333214,0.14718666513421705,3.312944567163758,0.062308096300214263,0.28828605719584566,5.0,0.005,0.21116998395011358,-0.013825346724902592,AAPL
2021-09-23,146.75,0.027609474252187575,0.02659630504604138,0.022038397784888142,0.14845335221842632,3.526767103672839,0.06855597068984427,0.31901208279191945,5.0,0.005,0.20716688768978056,-0.01,AAPL
2021-09-24,146.93,0.0276632609872691,0.027160832343724906,0.02207893122576551,0.14858980862012547,3.567519572353286,0.04731793485407734,0.31901208279191945,5.0,0.005,0.20716688768978056,-0.01,AAPL
2021-09-27,145.38,0.027205918181902343,0.027213537282477773,0.02173427975112357,0.14742550576858662,3.422362699779593,0.0241315089286262,0.31901208279191945,5.0,0.005,0.20716688768978056,-0.01,AAPL
2021-09-28,141.96,0.027780112460072687,0.026765446653371328,0.022166989968448784,0.14888582863539696,2.9133830490505357,0.061449606333532976,0.31901208279191945,5.0,0.005,0.20716688768978056,-0.01,AAPL
2021-09-29,142.84,0.027683223979822077,0.0273281322006369,0.022093975246882516,0.14864042265441293,3.5435605977609512,0.04264578820573775,0.31901208279191945,5.0,0.005,0.20716688768978056,-0.01,AAPL
2021-09-30,141.3,0.027528101410851217,0.027250453035776445,0.021977075586844027,0.1482466714191048,3.422642729314889,0.03464529322706822,0.23657000661548294,4.999999991171904,0.005,0.20568810328167936,-0.02214642628143095,AAPL
2021-10-01,142.6,0.02750399824203715,0.027081114615612023,0.021958911547568093,0.14818539586466709,3.4897710484913276,0.046606905431222236,0.23657000661548294,4.999999991171904,0.005,0.20568810328167936,-0.02214642628143095,AAPL
2021-10-04,139.19,0.028178027058241937,0.027057474339017062,0.022466856622553766,0.14988948136061372,2.915613144538355,0.06384711322876244,0.23657000661548294,4.999999991171904,0.005,0.20568810328167936,-0.02214642628143095,AAPL
2021-10-05,141.08,0.028501482198853074,0.027718124183593318,0.022710610957238336,0.15070040131744286,3.394072144870295,0.06297167694253539,0.23657000661548294,4.999999991171904,0.005,0.20568810328167936,-0.02214642628143095,AAPL
2021-10-06,142.0,0.0288731217953003,0.02803522240174061,0.022990676880455006,0.151626768350628,3.5065659635287236,0.06327630317248407,0.23657000661548294,4.999999991171904,0.005,0.20568810328167936,-0.02214642628143095,AAPL
2021-10-07,143.29,0.028988598828384383,0.02829473575911834,0.023077699843045595,0.15191346169133793,3.474835632096879,0.05900003276199125,0.265270211681408,5.0,0.005,0.19883677458803686,-0.02507138966958158,AAPL
2021-10-08,142.99,0.02922789648532396,0.02851253104108764,0.0232580334776295,0.1525058473555342,3.526735867638769,0.05636318311321445,0.265270211681408,5.0,0.005,0.19883677458803686,-0.02507138966958158,AAPL
2021-10-11,142.8,0.02833562005170222,0.02874705810972955,0.022585617983109207,0.15028512229462107,3.532652420495901,0.011401395353945333,0.265270211681408,5.0,0.005,0.19883677458803686,-0.02507138966958158,AAPL
2021-10-12,141.48,0.027600032323729512,0.027872462465893477,0.02203128239020313,0.148429385197821,3.4337832920439304,0.013534541300708844,0.265270211681408,5.0,0.005,0.19883677458803686,-0.02507138966958158,AAPL
2021-10-13,140.96,0.026792569628285693,0.027151392969244625,0.021422782146103086,0.14636523544237917,3.526288660815303,0.01114717560562205,0.265270211681408,5.0,0.005,0.19883677458803686,-0.02507138966958158,AAPL
2021-10-14,143.75,0.026240672354056683,0.0262857379811976,0.02100687485034633,0.1449374860080936,3.2064376254359135,0.030747037178288115,0.20046379150693383,5.0,0.005,0.19760651476172264,-0.024898850987155597,AAPL
2021-10-15,144.83,0.025916664374516726,0.025819348402364994,0.020762703898854807,0.14409269203833625,3.527952367222777,0.03206944225059164,0.20046379150693383,5.0,0.005,0.19760651476172264,-0.024898850987155597,AAPL
2021-10-18,146.54,0.025626151969058313,0.02550177607281512,0.020543775060862645,0.1433309982553064,3.4559890676944374,0.03427597507437707,0.20046379150693383,5.0,0.005,0.19760651476172264,-0.024898850987155597,AAPL
2021-10-19,148.78,0.024961715643422012,0.025217029195118812,0.020043058843729672,0.14157351038852456,3.3662025773638247,0.019870906295360032,0.20046379150693383,5.0,0.005,0.19760651476172264,-0.024898850987155597,AAPL
2021-10-20,149.34,0.02417311436814133,0.024565776462623035,0.019448772480763828,0.13945885587069695,3.5828113927418572,0.009777199429627499,0.20046379150693383,5.0,0.005,0.19760651476172264,-0.024898850987155597,AAPL
2021-10-21,149.46,0.02350186999920826,0.023881519513452076,0.01894292576485827,0.13763330180177424,3.603086062481669,0.008519351065888456,0.26903313312801597,4.999999984040966,0.005,0.19895418596750108,-0.01,AAPL
2021-10-22,148.69,0.023023390310890478,0.023134929128900694,0.018582345630283072,0.13631707754453612,3.5762113060628904,0.01707188819244326,0.26903313312801597,4.999999984040966,0.005,0.19895418596750108,-0.01,AAPL
2021-10-25,148.65,0.02247355875011833,0.022665841262096365,0.018167995046512335,0.13478870518894503,3.6308169893232187,0.014538662022070954,0.26903313312801597,4.999999984040966,0.005,0.19895418596750108,-0.01,AAPL
2021-10-26,149.26,0.021648813634252397,0.02212683930702042,0.01754647084782646,0.13246309239869972,3.627388710291234,0.0035410160853801805,0.26903313312801597,4.999999984040966,0.005,0.19895418596750108,-0.01,AAPL
2021-10-27,148.85,0.020894838408422087,0.021318323061677802,0.016978278519010823,0.13030072340171725,3.632120114366654,0.0031231254150125808,0.26903313312801597,4.999999984040966,0.005,0.19895418596750108,-0.01,AAPL
2021-10-28,152.48,0.020669603821480708,0.02051516327446734,0.016808542740270025,0.12964776411596934,3.0120784546066766,0.03475011748991808,0.2959489474191918,5.0,0.005,0.18762279022523953,-0.021242099981186337,AAPL
2021-10-29,149.8,0.02139869586060853,0.020358439132905914,0.01735798321137046,0.1317496990940414,3.222562406529553,0.057224207758006906,0.2959489474191918,5.0,0.005,0.18762279022523953,-0.021242099981186337,AAPL
2021-11-01,148.98,0.02205645156866204,0.02107304635865148,0.01785366494523528,0.13361760716775048,3.6108996233861212,0.05975280532247481,0.2959489474191918,5.0,0.005,0.18762279022523953,-0.021242099981186337,AAPL
2021-11-02,150.0,0.02262006994966951,0.021717642594921927,0.018278405214175893,0.13519765239890777,3.615478777959033,0.061383089275797206,0.2959489474191918,5.0,0.005,0.18762279022523953,-0.021242099981186337,AAPL
2021-11-03,151.48,0.02318272106449787,0.022270481003943132,0.018702416555688123,0.136756778829015,3.547065435929521,0.06342259226930369,0.2959489474191918,5.0,0.005,0.18762279022523953,-0.021242099981186337,AAPL
2021-11-04,150.96,0.022973453375589852,0.022769790468373685,0.01854471336952076,0.13617897550474067,3.6252926801981036,0.030194141820047423,0.3390452791169387,5.0,0.005,0.18041621605133062,-0.01,AAPL
2021-11-05,151.24,0.022332939559447092,0.022616689187998418,0.01806202504760628,0.1343950335674882,3.639190028370561,0.010712404386489065,0.3390452791169387,5.0,0.005,0.18041621605133062,-0.01,AAPL
2021-11-08,150.44,0.02175913757485508,0.021988943780343106,0.017629610460951704,0.13277654333861724,3.591004617176068,0.010541253525217757,0.3390452791169387,5.0,0.005,0.18041621605133062,-0.01,AAPL
2021-11-09,150.83,0.021122780914655175,0.021426645036626724,0.01715005495299911,0.13095821834844543,3.6525841798291148,0.00884518145703283,0.3390452791169387,5.0,0.005,0.18041621605133062,-0.01,AAPL
2021-11-10,147.94,0.02090594526790371,0.02080291088168451,0.016986648587946747,0.1303328377192285,3.139490726333767,0.019690426964891712,0.3390452791169387,5.0,0.005,0.18041621605133062,-0.01,AAPL
2021-11-11,147.87,0.020577884222028813,0.02056583943976875,0.016739423263952224,0.1293809231067402,3.677008729828827,0.020615879134324413,0.26796716260735554,5.0,0.005,0.18203270521861445,-0.01,AAPL
2021-11-12,149.99,0.020593776501545626,0.020268883311473473,0.016751399614091805,0.12942719812346942,3.457789577525801,0.03768716314653033,0.26796716260735554,5.0,0.005,0.18203270521861445,-0.01,AAPL
2021-11-15,150.0,0.020675053677593713,0.020284542872104794,0.016812649727247612,0.12966360216825543,3.6871685745442218,0.03667511793283435,0.26796716260735554,5.0,0.005,0.18203270521861445,-0.01,AAPL
2021-11-16,151.0,0.020768225426202207,0.0203642055103046,0.01688286353661788,0.12993407380905858,3.6457493314486746,0.03912637767907446,0.26796716260735554,5.0,0.005,0.18203270521861445,-0.01,AAPL
2021-11-17,153.65,0.02025796980791825,0.020455526921068667,0.01649833720489856,0.12844585320242363,3.339475892668916,0.01655975432062957,0.26796716260735554,5.0,0.005,0.18203270521861445,-0.01,AAPL
2021-11-18,157.89,0.019963183395233862,0.019985894552519312,0.01627618749434477,0.1275781622941198,2.800592389516402,0.027134571205300165,0.3045928548863803,5.0,0.005,0.18424592771826784,-0.015344829810637287,AAPL
2021-11-19,160.56,0.01974082554181941,0.019666380081616808,0.016108619619266795,0.12691973691773395,3.3651077516910557,0.027816466324484618,0.3045928548863803,5.0,0.005,0.18424592771826784,-0.015344829810637287,AAPL
2021-11-22,161.13,0.019500848482081792,0.019448424061010883,0.01592777398979968,0.1262052851104092,3.6954622696408315,0.02248795600275792,0.3045928548863803,5.0,0.005,0.18424592771826784,-0.015344829810637287,AAPL
2021-11-23,161.42,0.019422456512704637,0.019213119420783187,0.015868698155373343,0.12597102109363623,3.7073391021255873,0.028355772581618255,0.3045928548863803,5.0,0.005,0.18424592771826784,-0.015344829810637287,AAPL
2021-11-24,161.98,0.019397266112889243,0.019136232956043386,0.015849714783728888,0.12589565037652767,3.7051835689062096,0.031028342073267327,0.3045928548863803,5.0,0.005,0.18424592771826784,-0.015344829810637287,AAPL
2021-11-26,156.81,0.020885400403349637,0.018930290751995926,0.016971166070715058,0.13027342810686704,2.1042278057987795,0.08516276920346577,0.33322404389463817,5.0,0.005,0.18548863513969918,-0.04465770869809288,AAPL
2021-11-29,160.24,0.022128803652669348,0.020570337367644242,0.017908189149298228,0.133821482390901,3.0973967244317064,0.09748668000055935,0.33322404389463817,5.0,0.005,0.18548863513969918,-0.04465770869809288,AAPL
2021-11-30,165.45,0.024480027140166956,0.02178904426182271,0.019680060561004322,0.1402856391830765,2.2467940388252363,0.1524228843716469,0.33322404389463817,5.0,0.005,0.18548863513969918,-0.04465770869809288,AAPL
2021-12-01,164.68,0.027275672971977992,0.024093649195492617,0.02178684664619833,0.14760368100490695,3.4051132364595103,0.15737287765323607,0.33322404389463817,5.0,0.005,0.18548863513969918,-0.04465770869809288,AAPL
2021-12-02,163.8,0.03007309587562608,0.02683389959838678,0.023894971924710778,0.15457998552435817,3.344296290712037,0.16189012731862676,0.33322404389463817,5.0,0.005,0.18548863513969918,-0.04465770869809288,AAPL
2021-12-03,161.87,0.03103815536256266,0.02934377894780482,0.02462223639981968,0.1569147424553209,3.349275687949143,0.09331510736050425,0.29931702929880555,5.0,0.005,0.18515997913388896,-0.06945950710112195,AAPL
2021-12-06,165.25,0.03167285869484869,0.03052167439909681,0.025100545967316017,0.15843151822574958,3.1284662233351304,0.09149083617879092,0.29931702929880555,5.0,0.005,0.18515997913388896,-0.06945950710112195,AAPL
2021-12-07,171.18,0.03233513099866793,0.03114379923681554,0.025599631387371494,0.1599988480813893,2.3816624558029176,0.10263941761744381,0.29931702929880555,5.0,0.005,0.18515997913388896,-0.06945950710112195,AAPL
2021-12-08,175.14,0.033118174320785544,0.03179294957953971,0.026189729301910544,0.16183241116015834,3.0121893652926404,0.10104275262760894,0.29931702929880555,5.0,0.005,0.18515997913388896,-0.06945950710112195,AAPL
2021-12-09,174.52,0.03416785544425283,0.032560198124883755,0.026980764260505104,0.16425822433140175,3.4246681991327486,0.09717354765991254,0.29931702929880555,5.0,0.005,0.18515997913388896,-0.06945950710112195,AAPL
2021-12-10,179.5,0.03335095836182314,0.033365912260705954,0.026365154316465887,0.16237350250723143,2.87104898994346,0.05416515532814734,0.4008271213685,4.9999999899447625,0.005,0.1856839430138972,-0.09912256552518997,AAPL
2021-12-13,175.89,0.03576039866241037,0.03278845374006778,0.028180897656827793,0.1678716702032472,2.942217431798278,0.13886829147038923,0.4008271213685,4.9999999899447625,0.005,0.1856839430138972,-0.09912256552518997,AAPL
2021-12-14,174.32,0.037177010562392775,0.03515004558903456,0.02924844999362717,0.17102178221977213,3.3141290083212094,0.11052135139562758,0.4008271213685,4.9999999899447625,0.005,0.1856839430138972,-0.09912256552518997,AAPL
2021-12-15,179.33,0.03817853398339873,0.03653856127311883,0.030003193525336518,0.173214299425124,2.7787760470472,0.12527128985950353,0.4008271213685,4.9999999899447625,0.005,0.1856839430138972,-0.09912256552518997,AAPL
2021-12-16,172.29,0.043022493610770256,0.03752038915990852,0.03365357964705872,0.18344912004983485,1.6579356361519437,0.2304828298737388,0.4008271213685,4.9999999899447625,0.005,0.1856839430138972,-0.09912256552518997,AAPL
2021-12-17,170.91,0.04481099587554227,0.041770975789404474,0.035001386890628414,0.18708657592309613,3.198832431891498,0.1564689936040776,0.3085420793112726,4.999999986438618,0.005,0.1866252332976005,-0.1339185625741913,AAPL
2021-12-20,169.84,0.04676242398862174,0.04402108973408758,0.03647197431307753,0.19097637108573806,3.19938500666437,0.14781310497240746,0.3085420793112726,4.999999986438618,0.005,0.1866252332976005,-0.1339185625741913,AAPL
2021-12-21,172.96,0.048794421479304996,0.045933814168165554,0.03800327845501252,0.19494429577449174,2.940530837128722,0.17828849078330886,0.3085420793112726,4.999999986438618,0.005,0.1866252332976005,-0.1339185625741913,AAPL
2021-12-22,175.6,0.04981167435892268,0.04792543738767563,0.03876987563591261,0.1969006745440772,3.1014864754587452,0.1373705815976123,0.3085420793112726,4.999999986438618,0.005,0.1866252332976005,-0.1339185625741913,AAPL
2021-12-23,176.29,0.04853147619660266,0.04892254714832234,0.03780512407620521,0.19443539820774716,3.297413672554036,0.03622398228841889,0.3085420793112726,4.999999986438618,0.005,0.1866252332976005,-0.1339185625741913,AAPL
2021-12-27,180.33,0.04654925290826149,0.04743850369050051,0.03631132952582406,0.19055531880748977,3.019753141626256,0.03486160523563849,0.3012519140495728,5.0,0.005,0.18507534320716487,-0.1454130769054765,AAPL
2021-12-28,179.39,0.045557890994774204,0.045725056534138275,0.03556424366074032,0.18858484472708914,3.283281268550357,0.03265855327819151,0.3012519140495728,5.0,0.005,0.18507534320716487,-0.1454130769054765,AAPL
2021-12-29,179.37,0.04448106222101899,0.04475330088644114,0.03475275035537611,0.18642089570478979,3.323254089843668,0.032805216521154916,0.3012519140495728,5.0,0.005,0.18507534320716487,-0.1454130769054765,AAPL
2021-12-30,178.39,0.043618739238238564,0.0436976115743164,0.034102907646263024,0.1846697258520276,3.3068510054961635,0.03379411480701094,0.3012519140495728,5.0,0.005,0.18507534320716487,-0.1454130769054765,AAPL
2021-12-31,177.58,0.04284271488519018,0.04285236225405242,0.033518099195145694,0.18307948873411706,3.3252126728851734,0.03659117358648474,0.3012519140495728,5.0,0.005,0.18507534320716487,-0.1454130769054765,AAPL
2022-01-03,181.96,0.04158469380774808,0.04222933479286439,0.032570060187243594,0.18047177116447766,3.0024919732975452,0.04129927530971183,0.3535989561927531,5.0,0.005,0.18530027083564377,-0.147268223391688,AAPL
2022-01-04,179.72,0.041467533272763625,0.04085867187131953,0.032481768536695266,0.1802269916985113,3.2370348899188754,0.050222417314725175,0.3535989561927531,5.0,0.005,0.18530027083564377,-0.147268223391688,AAPL
2022-01-05,174.86,0.04278359823364157,0.04074400198805961,0.03347354915326676,0.18295777970140203,2.772084729727351,0.08944119562163695,0.3535989561927531,5.0,0.005,0.18530027083564377,-0.147268223391688,AAPL
2022-01-06,172.0,0.04392090294877199,0.04203405043881503,0.03433061685519025,0.1852852310768191,3.1188168891837247,0.0960885733396041,0.3535989561927531,5.0,0.005,0.18530027083564377,-0.147268223391688,AAPL
2022-01-07,172.13,0.04462546985114291,0.04314879076628131,0.03486157529388551,0.1867125472320634,3.32604005894553,0.09934284914704479,0.3535989561927531,5.0,0.005,0.18530027083564377,-0.147268223391688,AAPL
2022-01-10,172.17,0.043514867910605555,0.043697520457499195,0.03402463068241525,0.18445766636931968,3.352813903094538,0.03564851688145177,0.3143066501340223,5.0,0.005,0.18485124695376878,-0.15468733676973392,AAPL
2022-01-11,175.0,0.04309417127517953,0.04275073685857933,0.03370759559609699,0.18359628426549648,3.1858680468016187,0.07234166230986948,0.3143066501340223,5.0,0.005,0.18485124695376878,-0.15468733676973392,AAPL
2022-01-12,175.56,0.04207118371097706,0.04233826367817528,0.03293667678332588,0.18148464613659712,3.3531687728853683,0.03436061050793491,0.3143066501340223,5.0,0.005,0.18485124695376878,-0.15468733676973392,AAPL
2022-01-13,172.3,0.041848552852486426,0.04133568095312512,0.03276890317285427,0.18102183065269853,3.0945904944420133,0.03952365805354242,0.3143066501340223,5.0,0.005,0.18485124695376878,-0.15468733676973392,AAPL
2022-01-14,173.1,0.04100632228451684,0.04111762089996773,0.03213420201688777,0.17926015178195004,3.3646475842050956,0.040479952131746266,0.3143066501340223,5.0,0.005,0.18485124695376878,-0.15468733676973392,AAPL
2022-01-17,173.07,0.04012215455737369,0.040089155330861104,0.03146789720698412,0.17739193106504061,3.37677499405385,0.040533818352808795,0.29466714867359795,5.0,0.005,0.17771813134190984,-0.09195166163460011,AAPL
2022-01-18,169.85,0.03965954954613056,0.03942541153082857,0.03111928015773626,0.17640657628823325,3.1065003498703962,0.035108711191353045,0.29466714867359795,5.0,0.005,0.17771813134190984,-0.09195166163460011,AAPL
2022-01-19,166.22,0.03932948862496307,0.03897179837804288,0.030870547736744462,0.17570016430483057,3.0200927722431494,0.037453415410657276,0.29466714867359795,5.0,0.005,0.17771813134190984,-0.09195166163460011,AAPL
2022-01-20,164.52,0.038696401132591506,0.03864815349334094,0.030393455858917166,0.17433719011994303,3.3030567569828,0.032735007443385034,0.29466714867359795,5.0,0.005,0.17771813134190984,-0.09195166163460011,AAPL
2022-01-21,162.4,0.03774852829324982,0.03802771237860725,0.029679143163891433,0.17227635694978993,3.252055282920827,0.017581493117877364,0.29466714867359795,5.0,0.005,0.17771813134190984,-0.09195166163460011,AAPL
2022-01-24,162.09,0.03620173501551011,0.03671493424735672,0.028513486728754728,0.1688593696800824,3.405121511838552,0.014977989346842307,0.15131757216307815,5.0,0.005,0.17464953597616997,-0.08396298149747443,AAPL
2022-01-25,160.03,0.03520926777859186,0.03558246449028957,0.027765567896920505,0.16663003299801782,3.2840237851473026,0.012505791112064192,0.15131757216307815,5.0,0.005,0.17464953597616997,-0.08396298149747443,AAPL
2022-01-26,159.69,0.03397413736621194,0.034609679902132484,0.026834779190928998,0.16381324485806695,3.4268193331750685,0.007838290884562246,0.15131757216307815,5.0,0.005,0.17464953597616997,-0.08396298149747443,AAPL
2022-01-27,159.08,0.03282888783326931,0.033399384363292484,0.025971724310148395,0.161157451922486,3.430764109752167,0.008095728121398445,0.15131757216307815,5.0,0.005,0.17464953597616997,-0.08396298149747443,AAPL
2022-01-28,170.31,0.037352412587351724,0.032276945209559926,0.02938063215515887,0.17140779490781297,-1.0934319940600794,0.2763867876612028,0.15131757216307815,5.0,0.005,0.17464953597616997,-0.08396298149747443,AAPL
2022-01-31,174.58,0.04294711500134984,0.03702481890832132,0.03359677465164131,0.18329422972816498,2.298074185309852,0.2738564752384268,0.2884028111154337,5.0,0.005,0.17918752227335377,-0.01,AAPL
2022-02-01,174.54,0.0471995118173826,0.04219435948107275,0.0368013617058382,0.19183681009086395,2.95506481428217,0.23806764416141682,0.2884028111154337,5.0,0.005,0.17918752227335377,-0.01,AAPL
2022-02-02,175.77,0.050773032389461376,0.04636251030387939,0.039494350685609275,0.1987318562425493,2.972589817846514,0.21982371278418847,0.2884028111154337,5.0,0.005,0.17918752227335377,-0.01,AAPL
2022-02-03,173.0,0.0553853798739916,0.04986514538177289,0.04297019493952644,0.20729253469318773,2.594389933477583,0.2621174059478871,0.2884028111154337,5.0,0.005,0.17918752227335377,-0.01,AAPL
2022-02-04,172.38,0.054462371159618925,0.05438596683416108,0.042274619736893046,0.20560792722288956,3.2726137256478447,0.05661091669592281,0.2884028111154337,5.0,0.005,0.17918752227335377,-0.01,AAPL
2022-02-07,171.67,0.05280853139210066,0.05374450422459631,0.04102829355387049,0.2025544212153131,3.2123772621067417,0.017331718006946363,0.2616676188445102,4.999999998019274,0.005,0.1832658877343395,-0.01,AAPL
2022-02-08,174.81,0.051520122773858736,0.05186023190981359,0.04005735463222383,0.2001433352180977,3.0897566907255203,0.04155631301630641,0.2616676188445102,4.999999998019274,0.005,0.1832658877343395,-0.01,AAPL
2022-02-09,176.22,0.05035261560710266,0.05059737966985267,0.03917752649893201,0.19793313643483754,3.2372843579795263,0.04246315560808197,0.2616676188445102,4.999999998019274,0.005,0.1832658877343395,-0.01,AAPL
2022-02-10,172.33,0.04977196892438446,0.0494530095893424,0.03873995377860559,0.19682467776832657,2.9693890852136553,0.0578503975323374,0.2616676188445102,4.999999998019274,0.005,0.1832658877343395,-0.01,AAPL
2022-02-11,168.43,0.0499063981023583,0.048883869383644196,0.03884125900060719,0.19708185862886313,2.9402753082047344,0.08346916441162135,0.2616676188445102,4.999999998019274,0.005,0.1832658877343395,-0.01,AAPL
2022-02-14,169.12,0.050039489659122804,0.049025965156033635,0.03894155619369347,0.1973361502454466,3.271238169169367,0.08739777361286818,0.2896103831486001,5.0,0.005,0.18321166563406094,-0.01,AAPL
2022-02-15,172.79,0.050338179739481397,0.049146028208269854,0.03916664769059361,0.19790565350841702,3.0196543019699993,0.09685608593686865,0.2896103831486001,5.0,0.005,0.18321166563406094,-0.01,AAPL
2022-02-16,172.61,0.05051308580217266,0.0494387694488978,0.03929845611028006,0.19823838203102864,3.270238343148411,0.08916254296997488,0.2896103831486001,5.0,0.005,0.18321166563406094,-0.01,AAPL
2022-02-17,168.95,0.05071358481493042,0.04960990336621762,0.03944955126166393,0.19861911101820975,2.9767974969731363,0.08716335104227317,0.2896103831486001,5.0,0.005,0.18321166563406094,-0.01,AAPL
2022-02-18,167.6,0.05019576443086593,0.049806337758127484,0.03905932415658383,0.1976343192782666,3.2363072451102477,0.06284271403181668,0.2896103831486001,5.0,0.005,0.18321166563406094,-0.01,AAPL
2022-02-21,167.3,0.048838303217985504,0.04850753058781265,0.03803634751127879,0.19502909401235188,3.286147680628231,0.06082434231856632,0.3485349403833664,5.0,0.005,0.16791538387866592,-0.01,AAPL
2022-02-22,164.34,0.04736414560106865,0.047968241251510335,0.03692542898241375,0.19215990472107794,3.0720511737374285,0.02166281536405411,0.3485349403833664,5.0,0.005,0.16791538387866592,-0.01,AAPL
2022-02-23,160.15,0.0460640676997774,0.04652326674113283,0.035945696141814885,0.1895935023723516,2.8534343329005534,0.02456106385252822,0.3485349403833664,5.0,0.005,0.16791538387866592,-0.01,AAPL
2022-02-24,162.77,0.04571186909394523,0.04524940042028902,0.03568028086154267,0.18889224669515337,3.1774701516686865,0.06544704674241547,0.3485349403833664,5.0,0.005,0.16791538387866592,-0.01,AAPL
2022-02-25,164.82,0.045900867989933654,0.044903748257638654,0.03582270957681649,0.18926888169167294,3.2300106163521587,0.08523285888002997,0.3485349403833664,5.0,0.005,0.16791538387866592,-0.01,AAPL
2022-02-28,164.95,0.04554494335004993,0.044505979711175314,0.035554486374094516,0.18855897319961867,3.319552382093,0.08607341025796997,0.3401574085071745,5.0,0.005,0.15422516300326553,-0.01,AAPL
2022-03-01,163.18,0.04554849036589795,0.04474010927697236,0.03555715938923381,0.18856606107471677,3.234175840256915,0.07521951209747951,0.3401574085071745,5.0,0.005,0.15422516300326553,-0.01,AAPL
2022-03-02,166.47,0.04455260347424017,0.044743494710928644,0.03480666352101701,0.18656544031791367,3.113739025941416,0.04005734249868031,0.3401574085071745,5.0,0.005,0.15422516300326553,-0.01,AAPL
2022-03-03,166.28,0.04360040278727088,0.04376775487799023,0.034089089379545905,0.18463230860157143,3.332397127300086,0.03668979839100039,0.3401574085071745,5.0,0.005,0.15422516300326553,-0.01,AAPL
2022-03-04,163.16,0.04319094723000399,0.042834629566641524,0.03378052551900982,0.1837947918712873,3.0781024747951653,0.053869189763655796,0.3401574085071745,5.0,0.005,0.15422516300326553,-0.01,AAPL
2022-03-07,159.31,0.04341160846524814,0.04248867861679173,0.03402724761299631,0.1844647598133484,2.9247502908590093,0.07579442872906136,0.29146929447625736,4.948311860411528,0.005,0.14871396616910176,-0.01,AAPL
2022-03-08,157.47,0.043537450047204516,0.042657234214857453,0.034122344769960296,0.18472234507487256,3.2364608840977964,0.07622889424435829,0.29146929447625736,4.948311860411528,0.005,0.14871396616910176,-0.01,AAPL
2022-03-09,162.98,0.0449463909111981,0.04278061539844202,0.03518706652896218,0.18758215941011602,2.512461965652435,0.13597519716392506,0.29146929447625736,4.948311860411528,0.005,0.14871396616910176,-0.01,AAPL
2022-03-10,158.34,0.0472338836432353,0.044161819479995756,0.03691570067365952,0.1921345899978958,2.5911987336551174,0.16394088339313437,0.29146929447625736,4.948311860411528,0.005,0.14871396616910176,-0.01,AAPL
2022-03-11,154.8,0.04951653518677615,0.046404411405092105,0.03864067638324207,0.19657231845619075,2.7920637099334,0.16885194128405553,0.29146929447625736,4.948311860411528,0.005,0.14871396616910176,-0.01,AAPL
2022-03-14,150.64,0.05158529165112529,0.04836220577089989,0.040106465600371184,0.20026598712804725,2.6304873357959626,0.17508050763430894,0.2466290116144992,5.0,0.005,0.14967856284941322,-0.01,AAPL
2022-03-15,155.12,0.05564220801933505,0.05066093921959691,0.04316373947107579,0.2077588493207348,2.3026907804046566,0.25729311903242136,0.2466290116144992,5.0,0.005,0.14967856284941322,-0.01,AAPL
2022-03-16,159.65,0.05892167103829695,0.054637356060993625,0.04563512800557463,0.2136238001852196,2.444029603008995,0.23245280906164262,0.2466290116144992,5.0,0.005,0.14967856284941322,-0.01,AAPL
2022-03-17,160.99,0.06100135472194647,0.05785195084536099,0.04720236824625972,0.21726106012412744,3.0114305946919435,0.18619672588237593,0.2466290116144992,5.0,0.005,0.14967856284941322,-0.01,AAPL
2022-03-18,163.92,0.06173948398599178,0.05989035278253141,0.04775861912928297,0.2185374547515436,2.995165319798661,0.13666444174690537,0.2466290116144992,5.0,0.005,0.14967856284941322,-0.01,AAPL
2022-03-21,165.39,0.060528158984258305,0.06145637576082663,0.04684577008318971,0.21643883681814063,3.148908602381409,0.02627604037847969,0.3404541882079935,4.999999995616096,0.005,0.1593654922590814,-0.01,AAPL
2022-03-22,168.88,0.05830740525893794,0.05942658236017451,0.04517222009520095,0.21253757337280613,2.982809212663006,0.01857661966968298,0.3404541882079935,4.999999995616096,0.005,0.1593654922590814,-0.01,AAPL
2022-03-23,170.22,0.05599369315564926,0.05724980613558728,0.043428617092977184,0.20839533846268535,3.153053638612271,0.00954045621577173,0.3404541882079935,4.999999995616096,0.005,0.1593654922590814,-0.01,AAPL
2022-03-24,174.09,0.05378383126371052,0.054982002799079055,0.04176327514148395,0.20436064968942516,2.967913867690097,0.011650337594759875,0.3404541882079935,4.999999995616096,0.005,0.1593654922590814,-0.01,AAPL
2022-03-25,174.71,0.0519008526780957,0.05281610079691745,0.040344270974831405,0.2008588334498421,3.2217358948858204,0.017858208053286032,0.3404541882079935,4.999999995616096,0.005,0.1593654922590814,-0.01,AAPL
2022-03-28,175.59,0.050287330743161815,0.05109964254006627,0.039128328116392476,0.19780881708455889,3.238606506119429,0.020506008321838957,0.38082840236123183,5.0,0.005,0.16147567006996946,-0.01,AAPL
2022-03-29,179.0,0.04852185253635405,0.04938898529144353,0.037797871705393386,0.19441674749206506,3.082568697884991,0.018792115193500956,0.38082840236123183,5.0,0.005,0.16147567006996946,-0.01,AAPL
2022-03-30,177.76,0.047410555351743267,0.047658422798122047,0.03696040316112625,0.19225088598268214,3.2483417812567312,0.036906624216566215,0.38082840236123183,5.0,0.005,0.16147567006996946,-0.01,AAPL
2022-03-31,174.68,0.046677934079927985,0.04656915590385324,0.03640830307619607,0.19080959901481914,3.090045157664109,0.04784008209627632,0.38082840236123183,5.0,0.005,0.16147567006996946,-0.01,AAPL
2022-04-01,174.26,0.045908827214487614,0.04585090718501306,0.035828707612529175,0.18928472630545015,3.3078013773647754,0.0474693762874096,0.38082840236123183,5.0,0.005,0.16147567006996946,-0.01,AAPL
2022-04-04,178.46,0.04590109422122659,0.045127627563488204,0.03582288006369812,0.1892693320738944,2.990453142827042,0.07838476555006883,0.3184327832330158,5.0,0.005,0.16288590768235447,-0.01,AAPL
2022-04-05,175.09,0.0459538873795721,0.045089514167557354,0.035862664749630145,0.18937440362844749,3.0637578618192904,0.07514123772520082,0.3184327832330158,5.0,0.005,0.16288590768235447,-0.01,AAPL
2022-04-06,171.59,0.04634738853472373,0.04514132309668639,0.03615920544471674,0.19015573997309873,3.0169091677285302,0.08820535053069983,0.3184327832330158,5.0,0.005,0.16288590768235447,-0.01,AAPL
2022-04-07,172.25,0.04649079414676109,0.045527055826823926,0.03626727526691712,0.19043968931637417,3.3104243694954847,0.08313878233258344,0.3184327832330158,5.0,0.005,0.16288590768235447,-0.01,AAPL
2022-04-08,170.13,0.04680949836499232,0.04566769799748727,0.03650744932781639,0.1910692265327318,3.1909299057236833,0.08765951116976209,0.3184327832330158,5.0,0.005,0.16288590768235447,-0.01,AAPL
2022-04-11,165.76,0.046942197365742185,0.04720329068186402,0.036992810686084024,0.19233515197717765,2.867062385067017,0.03316537114641403,0.23579421608115134,4.774685273560439,0.005,0.16156870011596663,-0.01,AAPL
2022-04-12,167.71,0.04658019789794227,0.04614762140590756,0.03671668351180189,0.191615979270524,3.2371330483287464,0.06418752238558766,0.23579421608115134,4.774685273560439,0.005,0.16156870011596663,-0.01,AAPL
2022-04-13,170.35,0.04654285646867142,0.04579247797119024,0.036688200090511575,0.19154164061767764,3.1732547123004236,0.07657337972596183,0.23579421608115134,4.774685273560439,0.005,0.16156870011596663,-0.01,AAPL
2022-04-14,165.31,0.04762186837341333,0.04575591191132844,0.03751125242836154,0.19367821877630315,2.677467623651289,0.11182181298383408,0.23579421608115134,4.774685273560439,0.005,0.16156870011596663,-0.01,AAPL
2022-04-15,165.29,0.04855847930658809,0.046814448262011865,0.038225683673112,0.195513896368294,3.2716608386094213,0.11297456917101453,0.23579421608115134,4.774685273560439,0.005,0.16156870011596663,-0.01,AAPL
2022-04-18,165.09,0.04813924829442323,0.04726210302214895,0.03777850174440735,0.1943669255413774,3.3035396835803743,0.08069599368489826,0.2308328780244198,4.8466905322657805,0.005,0.16059414145834852,-0.01,AAPL
2022-04-19,167.46,0.048236746543476275,0.04730978987754497,0.03785258385415693,0.19455740503552396,3.1835991325331285,0.08505709250975214,0.2308328780244198,4.8466905322657805,0.005,0.16059414145834852,-0.01,AAPL
2022-04-20,167.23,0.04788469246465786,0.04740539544218336,0.03758508254866554,0.19386872504007846,3.3034655920517206,0.06553001610397996,0.2308328780244198,4.8466905322657805,0.005,0.16059414145834852,-0.01,AAPL
2022-04-21,166.45,0.04621803505479078,0.047059933091077255,0.036318705989579335,0.1905746730013706,3.277384437188513,0.013793809082856866,0.2308328780244198,4.8466905322657805,0.005,0.16059414145834852,-0.01,AAPL
2022-04-22,161.83,0.045885437484368394,0.045425323105519055,0.036065988325890114,0.1899104745028302,2.796592377692021,0.05866652860851963,0.2308328780244198,4.8466905322657805,0.005,0.16059414145834852,-0.01,AAPL
2022-04-25,162.91,0.04473727669790571,0.04423724694242992,0.03494583242914528,0.18693804436001057,3.3124324839742343,0.06477401057542244,0.23853922432382746,5.0,0.005,0.16037307274511803,-0.01,AAPL
2022-04-26,156.81,0.04532029122020764,0.043948813601673464,0.03538518954265205,0.18810951475843016,2.33031728159144,0.09155127480567524,0.23853922432382746,5.0,0.005,0.16037307274511803,-0.01,AAPL
2022-04-27,156.55,0.04571647004603573,0.04452012931324134,0.035683748118279075,0.18890142434158372,3.313214401570427,0.09113275727517554,0.23853922432382746,5.0,0.005,0.16037307274511803,-0.01,AAPL
2022-04-28,163.8,0.05045945710973278,0.044908704790941556,0.03925804176962436,0.1981364221177529,1.4494557192781983,0.27050180716116645,0.23853922432382746,5.0,0.005,0.16037307274511803,-0.01,AAPL
2022-04-29,157.78,0.05617613731833824,0.049557511860257364,0.04356610618177198,0.20872495342381078,1.6219678639566903,0.3040676767174447,0.23853922432382746,5.0,0.005,0.16037307274511803,-0.01,AAPL
2022-05-02,157.89,0.06164176175955571,0.05543122713424964,0.0476849761031267,0.21836889912056318,2.5753688647841084,0.2970611364145931,0.21724182854428098,4.999999998788929,0.005,0.1643087247698285,-0.01,AAPL
2022-05-03,159.38,0.06459543607237994,0.06051766448763374,0.04991085173874906,0.2234073672436723,2.8872738313067834,0.21987870172458462,0.21724182854428098,4.999999998788929,0.005,0.1643087247698285,-0.01,AAPL
2022-05-04,166.07,0.06903070920736346,0.06341289856209187,0.05325325356200576,0.23076666475469493,1.8041309555373886,0.2856379289118344,0.21724182854428098,4.999999998788929,0.005,0.1643087247698285,-0.01,AAPL
2022-05-05,156.86,0.07614824709403699,0.06776016391086159,0.05861699800017209,0.24210947523831464,0.4397264018106304,0.38190619112468643,0.21724182854428098,4.999999998788929,0.005,0.1643087247698285,-0.01,AAPL
2022-05-06,157.28,0.08110325701523649,0.07473659167226288,0.062351071120549106,0.24970196459088803,2.421861238861126,0.3175133536756341,0.21724182854428098,4.999999998788929,0.005,0.1643087247698285,-0.01,AAPL
2022-05-09,152.2,0.09214113831463688,0.08375228491058806,0.0706691686622958,0.265836733094386,1.6638239718334153,0.36854707613782023,0.20220087728226235,5.0,0.005,0.1933886243411554,-0.01,AAPL
2022-05-10,154.48,0.09893129243952054,0.09041218067432055,0.07578619817434971,0.27529293157353263,1.9378096388889825,0.3816053055365457,0.20220087728226235,5.0,0.005,0.1933886243411554,-0.01,AAPL
2022-05-12,142.57,0.10637414596134945,0.09706775875383755,0.0813950990070308,0.2852982632387215,-0.25370384250453704,0.3995928829568381,0.20220087728226235,5.0,0.005,0.1933886243411554,-0.01,AAPL
2022-05-13,147.03,0.11611517100224161,0.10436283221497433,0.08873589152737074,0.29788570211974047,0.8409366786069139,0.49483316486171647,0.20220087728226235,5.0,0.005,0.1933886243411554,-0.01,AAPL
2022-05-16,145.56,0.12519006166438434,0.11391055511194281,0.09557468818541308,0.309151561835636,1.293971458477051,0.47795598441923526,0.20220087728226235,5.0,0.005,0.1933886243411554,-0.01,AAPL
2022-05-17,149.28,0.15690262378076983,0.14258799333765637,0.1197560154643505,0.34605782098422583,0.9484380970871409,0.5209966678167851,0.1993518143596074,4.999305093971631,0.006130852678184852,0.24758831300159606,-0.11684095941607535,AAPL
2022-05-18,140.79,0.1745978916716469,0.15391184115287615,0.1330915867051877,0.36481719628491704,-0.5388609700602598,0.6193004438371758,0.1993518143596074,4.999305093971631,0.006130852678184852,0.24758831300159606,-0.11684095941607535,AAPL
2022-05-19,137.28,0.17929112115018442,0.17125608999776887,0.1366285151341097,0.3696329464943699,2.249755179201159,0.34440408212453855,0.1993518143596074,4.999305093971631,0.006130852678184852,0.24758831300159606,-0.11684095941607535,AAPL
2022-05-20,137.62,0.17895642963775418,0.17585616334690712,0.13637628371635208,0.36929159713748166,2.6201012599911526,0.2479055336706825,0.1993518143596074,4.999305093971631,0.006130852678184852,0.24758831300159606,-0.11684095941607535,AAPL
2022-05-23,143.1,0.18411902502771255,0.1755281291771098,0.1402669373665238,0.37452227886538847,1.8625879239064353,0.3890595037656897,0.1993518143596074,4.999305093971631,0.006130852678184852,0.24758831300159606,-0.11684095941607535,AAPL
2022-05-24,140.5,0.20609336695633426,0.19837355589697836,0.15730388231350076,0.3966155346346141,2.370264767601129,0.3274852497355017,0.14778385284975595,4.999986092439596,0.0080872687277646,0.2843808494581868,-0.0905672451524071,AAPL
2022-05-25,140.55,0.1995914417385494,0.20216478872316657,0.15240405714919897,0.3903896222355289,2.5802817363260577,0.1577507828231609,0.14778385284975595,4.999986092439596,0.0080872687277646,0.2843808494581868,-0.0905672451524071,AAPL
2022-05-26,143.73,0.1908991564133066,0.1957918814732693,0.14585358525890152,0.38190782298730347,2.4575461063381665,0.12260477031286149,0.14778385284975595,4.999986092439596,0.0080872687277646,0.2843808494581868,-0.0905672451524071,AAPL
2022-05-27,149.57,0.18472141515748394,0.1872720704122912,0.14119806384794661,0.37576330827789267,2.357731944071931,0.16135264131982296,0.14778385284975595,4.999986092439596,0.0080872687277646,0.2843808494581868,-0.0905672451524071,AAPL
2022-05-30,149.64,0.17792806894215762,0.18121690031694015,0.13607862497088574,0.36888836383231954,2.5962223923876273,0.1275103958173865,0.14778385284975595,4.999986092439596,0.0080872687277646,0.2843808494581868,-0.0905672451524071,AAPL
2022-05-31,148.78,0.17149185975660602,0.17666517348698108,0.13131745117933272,0.36237749816915055,2.5484689187142986,0.09227141906133804,0.1959355465187353,4.9999816519705895,0.00844886503195303,0.29066876331597,-0.10434975403245031,AAPL
2022-06-01,148.7,0.16353841545586328,0.16825696200248785,0.1253237655390233,0.35401096810554233,2.5918660776193616,0.09356114114757651,0.1959355465187353,4.9999816519705895,0.00844886503195303,0.29066876331597,-0.10434975403245031,AAPL
2022-06-02,151.2,0.15534408890548915,0.16046129952155752,0.1191485519435252,0.34517901434404324,2.5721494088345356,0.0872262896569739,0.1959355465187353,4.9999816519705895,0.00844886503195303,0.29066876331597,-0.10434975403245031,AAPL
2022-06-03,145.32,0.15081649933333616,0.15242956877773395,0.11573657751110303,0.3402007899918856,2.3775662737258685,0.1082872886117064,0.1959355465187353,4.9999816519705895,0.00844886503195303,0.29066876331597,-0.10434975403245031,AAPL
2022-06-06,146.13,0.14569235730297797,0.14799181970010977,0.11187504339519858,0.33447726887667356,2.7114602248502764,0.1135913199622337,0.1959355465187353,4.9999816519705895,0.00844886503195303,0.29066876331597,-0.10434975403245031,AAPL
2022-06-07,148.61,0.1427513096683885,0.1437649422659888,0.11022934304312304,0.3320080466541783,2.686993897265432,0.13642275867763484,0.16016138809703662,4.893935462897455,0.008417887627641573,0.28704214145206275,-0.12409920153670423,AAPL
2022-06-08,148.0,0.14011515607774452,0.14014256536756875,0.1082313991979882,0.3289854087919223,2.7556132585030793,0.13720629888388178,0.16016138809703662,4.893935462897455,0.008417887627641573,0.28704214145206275,-0.12409920153670423,AAPL
2022-06-09,142.62,0.14039071523561678,0.13755762791697634,0.1084402458013862,0.32930266594940616,2.464820899409935,0.1633523079084538,0.16016138809703662,4.893935462897455,0.008417887627641573,0.28704214145206275,-0.12409920153670423,AAPL
2022-06-10,137.15,0.14058732338550925,0.13782782827911433,0.10858925534482673,0.3295288384114913,2.433952921502837,0.16140512034061746,0.16016138809703662,4.893935462897455,0.008417887627641573,0.28704214145206275,-0.12409920153670423,AAPL
2022-06-13,131.93,0.1409500649368421,0.1380206168469158,0.10886417758472666,0.3299457191489634,2.437261079029702,0.16483626029448376,0.16016138809703662,4.893935462897455,0.008417887627641573,0.28704214145206275,-0.12409920153670423,AAPL
2022-06-14,132.8,0.13539793016989196,0.13645422946137842,0.10399781422398563,0.32248692101228793,2.7763907575200357,0.1219701836430922,0.034463895902156635,5.0,0.00796472813760767,0.28221848441784364,-0.12776949251795325,AAPL
2022-06-15,135.45,0.13633167862815299,0.13286959609831683,0.1047014828491567,0.32357608510079466,2.6356062612721596,0.20598327913407496,0.034463895902156635,5.0,0.00796472813760767,0.28221848441784364,-0.12776949251795325,AAPL
2022-06-16,130.09,0.13973892180180553,0.13378483206906822,0.10726916593169983,0.32751971838608407,2.359902932915433,0.21469135009670612,0.034463895902156635,5.0,0.00796472813760767,0.28221848441784364,-0.12776949251795325,AAPL
2022-06-20,131.56,0.1408798088391931,0.1371244603287778,0.10812893325551326,0.32882964169234086,2.7033912612925404,0.21101801876350632,0.034463895902156635,5.0,0.00796472813760767,0.28221848441784364,-0.12776949251795325,AAPL
2022-06-21,135.87,0.14016080928744945,0.1382427248681779,0.1075870984373693,0.3280047231936902,2.5184768703401907,0.1925289967252616,0.034463895902156635,5.0,0.00796472813760767,0.28221848441784364,-0.12776949251795325,AAPL
2022-06-22,135.23,0.1403983482158682,0.13689412295207148,0.10773923605810896,0.32823655503022353,2.736368267574397,0.1979799045726644,0.03523660154691433,4.999999994070028,0.00785567706732187,0.2787228550231871,-0.10943224101194315,AAPL
2022-06-23,138.27,0.14071813150749624,0.13776864422106883,0.10798022330392809,0.32860344384063916,2.624785732943577,0.20331460885421,0.03523660154691433,4.999999994070028,0.00785567706732187,0.2787228550231871,-0.10943224101194315,AAPL
2022-06-27,141.69,0.1326001054893578,0.13808207599504385,0.10186251552238872,0.31915907557578355,2.564426725467624,0.051644158487580645,0.03523660154691433,4.999999994070028,0.00785567706732187,0.2787228550231871,-0.10943224101194315,AAPL
2022-06-28,137.45,0.13318689733258862,0.13012508270549006,0.10230471920804532,0.31985108911499005,2.5657733590119367,0.1695975073874373,0.03523660154691433,4.999999994070028,0.00785567706732187,0.2787228550231871,-0.10943224101194315,AAPL
2022-06-29,139.26,0.13035088743025297,0.1307002275934792,0.10016751494074241,0.31649251956522195,2.771536685157204,0.13143173892953947,0.03523660154691433,4.999999994070028,0.00785567706732187,0.2787228550231871,-0.10943224101194315,AAPL
2022-06-30,136.89,0.13215826987511387,0.1303487031655095,0.10306826261812313,0.3210424623287753,2.729688959047427,0.15436627894515587,-0.004152866248315602,4.76729917316636,0.009370439481867533,0.2767492004871897,-0.10587265488820047,AAPL
2022-07-01,138.9,0.12987472962361243,0.1298354382524849,0.10132572225459971,0.31831701533942497,2.75936708673098,0.13823105078849254,-0.004152866248315602,4.76729917316636,0.009370439481867533,0.2767492004871897,-0.10587265488820047,AAPL
2022-07-04,138.93,0.12584779792946396,0.12759508137605735,0.09825282217605202,0.3134530621577209,2.801268362000897,0.09600859174512577,-0.004152866248315602,4.76729917316636,0.009370439481867533,0.2767492004871897,-0.10587265488820047,AAPL
2022-07-05,141.61,0.11931764830067122,0.12364434158371296,0.09326974850325942,0.3054009634943207,2.6776888099373557,0.05453075649894606,-0.004152866248315602,4.76729917316636,0.009370439481867533,0.2767492004871897,-0.10587265488820047,AAPL
2022-07-06,142.96,0.11341511271246094,0.11723770540265832,0.0887655990787738,0.29793556195723564,2.7640271655622253,0.051957680968715544,-0.004152866248315602,4.76729917316636,0.009370439481867533,0.2767492004871897,-0.10587265488820047,AAPL
2022-07-07,146.35,0.10380842765047615,0.1091277424202417,0.08010415985932796,0.28302678293639977,2.6373919092528078,0.020398739579970078,0.03682688760608548,4.999999911174524,0.007607802286896353,0.27582242035146953,-0.10442227884722374,AAPL
2022-07-08,147.02,0.09771660281586028,0.10189960963543854,0.07551338812775325,0.27479699439359456,2.8207195089564667,0.02391940197291923,0.03682688760608548,4.999999911174524,0.007607802286896353,0.27582242035146953,-0.10442227884722374,AAPL
2022-07-11,144.86,0.09431770515210694,0.0959287037330796,0.07295199417160907,0.27009626834076966,2.8493728458445413,0.05637618186401427,0.03682688760608548,4.999999911174524,0.007607802286896353,0.27582242035146953,-0.10442227884722374,AAPL
2022-07-12,145.9,0.09010649622908817,0.09259722499336931,0.06977844611262769,0.2641561017895057,2.9216501170278355,0.04739111528549082,0.03682688760608548,4.999999911174524,0.007607802286896353,0.27582242035146953,-0.10442227884722374,AAPL
2022-07-13,145.46,0.08662162106888516,0.08846956911293091,0.06715225990277163,0.25913753086492824,2.9582845812178435,0.049730326366648016,0.03682688760608548,4.999999911174524,0.007607802286896353,0.27582242035146953,-0.10442227884722374,AAPL
2022-07-14,148.5,0.08262787993410625,0.08531014066829812,0.06436789486403549,0.2537082869439536,2.8366486672661932,0.04318706497306663,0.04838241144463035,4.999999965682853,0.008522154221094558,0.27589556348259453,-0.10825837731227347,AAPL
2022-07-15,150.14,0.07915626729130748,0.08115755841936334,0.06175170323515499,0.24849889986709195,2.9632071184176656,0.04659601202259275,0.04838241144463035,4.999999965682853,0.008522154221094558,0.27589556348259453,-0.10825837731227347,AAPL
2022-07-18,147.05,0.07765428923910941,0.07775482016586466,0.06061981934970084,0.24621092451331408,2.8828284224189393,0.06275897487283684,0.04838241144463035,4.999999965682853,0.008522154221094558,0.27589556348259453,-0.10825837731227347,AAPL
2022-07-19,150.94,0.07619365075892125,0.07628264848608524,0.05951908877925093,0.2439653433978911,2.8044636524563127,0.0907878916973514,0.04838241144463035,4.999999965682853,0.008522154221094558,0.27589556348259453,-0.10825837731227347,AAPL
2022-07-20,153.02,0.07487728608354646,0.07485099893528968,0.05852708229736041,0.2419237117302899,2.9999904526500583,0.08419938991030335,0.04838241144463035,4.999999965682853,0.008522154221094558,0.27589556348259453,-0.10825837731227347,AAPL
2022-07-21,155.36,0.07314273416197471,0.07336288994702045,0.05696050261125711,0.23866399521347395,2.995315873657214,0.07840684419488878,0.08919868488984511,4.999968455147223,0.007468955748156613,0.2732930261641484,-0.11023395671043798,AAPL
2022-07-22,154.14,0.07296888691571746,0.0718397294258466,0.056829491889124645,0.23838937033585336,3.0628604449397803,0.09170881155837281,0.08919868488984511,4.999968455147223,0.007468955748156613,0.2732930261641484,-0.11023395671043798,AAPL
2022-07-25,152.97,0.07126515418076382,0.07166934436463634,0.05554556441410038,0.23568106503090225,3.075888769546402,0.05720399941099702,0.08919868488984511,4.999968455147223,0.007468955748156613,0.2732930261641484,-0.11023395671043798,AAPL
2022-07-26,151.55,0.06893767540040763,0.06999941462345305,0.05379158393798035,0.23193012727539378,3.055966861912971,0.03915886702415663,0.08919868488984511,4.999968455147223,0.007468955748156613,0.2732930261641484,-0.11023395671043798,AAPL
2022-07-27,156.73,0.06774811392051082,0.06771811566068209,0.052895134256680076,0.22998942205388506,2.641410319873591,0.09149462851133547,0.08919868488984511,4.999968455147223,0.007468955748156613,0.2732930261641484,-0.11023395671043798,AAPL
2022-07-28,157.4,0.06721442040887822,0.06663106153064291,0.05244154762518625,0.22900119568505806,3.1218091641348766,0.08321742016629657,0.0988631075314044,4.999995411541347,0.007260632253741773,0.2694554494218186,-0.10657697093663232,AAPL
2022-07-29,162.58,0.06701489608606954,0.06602492485399125,0.05229118695873365,0.22867266333939798,2.659789193697186,0.11169152580716142,0.0988631075314044,4.999995411541347,0.007260632253741773,0.2694554494218186,-0.10657697093663232,AAPL
2022-08-01,161.57,0.06778484796138035,0.06582935429105419,0.05287141936087123,0.2299378597814445,3.105580221590807,0.10859198756523004,0.0988631075314044,4.999995411541347,0.007260632253741773,0.2694554494218186,-0.10657697093663232,AAPL
2022-08-02,160.05,0.06860246431655645,0.06658400924061425,0.05348757150882113,0.23127380203737113,3.0835686518742196,0.10891452014167027,0.0988631075314044,4.999995411541347,0.007260632253741773,0.2694554494218186,-0.10657697093663232,AAPL
2022-08-03,166.12,0.06847104359504333,0.0673854139931791,0.053388533421663505,0.2310595884651046,2.5058167310228736,0.11991100099408768,0.0988631075314044,4.999995411541347,0.007260632253741773,0.2694554494218186,-0.10657697093663232,AAPL
2022-08-04,165.81,0.07113518029696055,0.06869883194303839,0.05612806111171033,0.23691361529407787,3.0839459451658784,0.12750400816771393,0.16334431329447566,4.999999932962469,0.01023077868939659,0.26649134601878055,-0.08935454030072157,AAPL
2022-08-05,165.32,0.07092529787687499,0.06992679277755087,0.05596989466633227,0.23657957364559662,3.1162060940344736,0.09262263009164372,0.16334431329447566,4.999999932962469,0.01023077868939659,0.26649134601878055,-0.08935454030072157,AAPL
2022-08-08,164.88,0.07057020539861451,0.06972103782391059,0.05570229857589246,0.23601334406319585,3.110466346703605,0.08896111430776321,0.16334431329447566,4.999999932962469,0.01023077868939659,0.26649134601878055,-0.08935454030072157,AAPL
2022-08-09,164.92,0.06969266082137085,0.069373009064293,0.055040984939491513,0.23460815190332052,3.1198548085890057,0.07719741400519373,0.16334431329447566,4.999999932962469,0.01023077868939659,0.26649134601878055,-0.08935454030072157,AAPL
2022-08-10,169.2,0.06670367077481483,0.06851287210156443,0.052788495518312654,0.22975747108268896,2.845029419540698,0.03832560175928747,0.16334431329447566,4.999999932962469,0.01023077868939659,0.26649134601878055,-0.08935454030072157,AAPL
2022-08-11,168.53,0.06348860492123065,0.06433052176544152,0.049562896605440075,0.22262725934943384,3.12219285253448,0.04001412223442268,0.15017414786508293,4.9999930436143245,0.006972901922517589,0.26406232004063585,-0.09619929083067502,AAPL
2022-08-12,172.1,0.06136518017399293,0.062367276341319666,0.04796269269934163,0.21900386457627094,2.9663260149937924,0.0501258157348087,0.15017414786508293,4.9999930436143245,0.006972901922517589,0.26406232004063585,-0.09619929083067502,AAPL
2022-08-15,173.18,0.05943089387209568,0.06028601726939087,0.04650502272547738,0.21565023237983627,3.1537905976845346,0.04210558774748004,0.15017414786508293,4.9999930436143245,0.006972901922517589,0.26406232004063585,-0.09619929083067502,AAPL
2022-08-16,173.03,0.05785085231387243,0.05839010582349147,0.04531431009176818,0.21287158122156227,3.186459456675061,0.043506374149681,0.15017414786508293,4.9999930436143245,0.006972901922517589,0.26406232004063585,-0.09619929083067502,AAPL
2022-08-17,174.6,0.05536120090221908,0.05684141559686395,0.04343811932073484,0.20841813577693963,3.1558844180029375,0.023891127553623975,0.15017414786508293,4.9999930436143245,0.006972901922517589,0.26406232004063585,-0.09619929083067502,AAPL
2022-08-18,174.16,0.05792873563433994,0.05940805556019768,0.04786168842978886,0.2187731437580693,3.1550846647715516,0.022130616448171467,0.18678246590363456,4.000679171856937,0.00868533671382265,0.2634254758127356,-0.09914877570229129,AAPL
2022-08-19,171.53,0.056128740729148335,0.05714696390532481,0.046429674494143314,0.21547546146636584,3.0585369927149193,0.022501979844345456,0.18678246590363456,4.000679171856937,0.00868533671382265,0.2634254758127356,-0.09914877570229129,AAPL
2022-08-22,167.58,0.055412916660298156,0.05537554987131443,0.045860189525542897,0.21414992301082644,2.918565755113811,0.04075531018719676,0.18678246590363456,4.000679171856937,0.00868533671382265,0.2634254758127356,-0.09914877570229129,AAPL
2022-08-23,167.18,0.05414559251531332,0.05467109276469273,0.04485195009588452,0.2117827898954127,3.22291751034402,0.039776796463298354,0.18678246590363456,4.000679171856937,0.00868533671382265,0.2634254758127356,-0.09914877570229129,AAPL
2022-08-24,167.64,0.05238417905855655,0.053423886451128055,0.04345063023145925,0.20844814758461935,3.22755445437242,0.02916736059133753,0.18678246590363456,4.000679171856937,0.00868533671382265,0.2634254758127356,-0.09914877570229129,AAPL
2022-08-25,170.12,0.047294348392718545,0.0473394704877137,0.0373565506952428,0.19327842790969404,3.169139816116407,0.056261875730606724,0.14730175398863896,4.999998088254587,0.006963103081628708,0.2638768243739316,-0.09658147514516568,AAPL
2022-08-26,163.65,0.05000144058294585,0.046494164678733796,0.039396603364934946,0.1984857762282601,2.315171435000954,0.11546524906092959,0.14730175398863896,4.999998088254587,0.006963103081628708,0.2638768243739316,-0.09658147514516568,AAPL
2022-08-29,161.37,0.05147631815856772,0.04914753753837431,0.04050806456543578,0.2012661535515492,3.144476354766908,0.1035727816321278,0.14730175398863896,4.999998088254587,0.006963103081628708,0.2638768243739316,-0.09658147514516568,AAPL
2022-08-30,158.92,0.05288771688022038,0.05059311671720934,0.04157168838308855,0.2038913641699632,3.1067314453482844,0.1035747993806196,0.14730175398863896,4.999998088254587,0.006963103081628708,0.2638768243739316,-0.09658147514516568,AAPL
2022-08-31,157.17,0.053650794013865306,0.05197650914124097,0.04214673992706373,0.20529671192462806,3.179006232744927,0.09076937160836232,0.14730175398863896,4.999998088254587,0.006963103081628708,0.2638768243739316,-0.09658147514516568,AAPL
2022-09-01,157.97,0.05276945615665735,0.05257075660119881,0.04147872979177959,0.20366327551077928,3.248357096434475,0.06202896597377278,0.05149587309808766,4.999999953300464,0.006947541758283968,0.26296863134274484,-0.1025813047018729,AAPL
2022-09-02,155.85,0.051038839969456816,0.051860298750398215,0.04017454523819501,0.20043588809939952,3.140317944127367,0.017945452556253298,0.05149587309808766,4.999999953300464,0.006947541758283968,0.26296863134274484,-0.1025813047018729,AAPL
2022-09-05,155.81,0.04912301416610546,0.05016401175089413,0.038730787553175716,0.19680139113628164,3.251695135128323,0.020108594440489208,0.05149587309808766,4.999999953300464,0.006947541758283968,0.26296863134274484,-0.1025813047018729,AAPL
2022-09-06,154.53,0.04736038079795097,0.04828623018147482,0.03740247499642192,0.1933971949031886,3.2247499792278105,0.01525281311004166,0.05149587309808766,4.999999953300464,0.006947541758283968,0.26296863134274484,-0.1025813047018729,AAPL
2022-09-07,155.97,0.045459616656086506,0.04655856436511385,0.03597006771157095,0.18965776470150372,3.2394568581191545,0.022095739430966103,0.05149587309808766,4.999999953300464,0.006947541758283968,0.26296863134274484,-0.1025813047018729,AAPL
2022-09-08,154.41,0.04822020458091138,0.0490256789526029,0.040181051557396874,0.20045211786707787,3.201750946741754,0.021031586285190463,0.06835080767457635,3.9734957014372903,0.008666737391135191,0.2624394611332166,-0.09918463442168206,AAPL
2022-09-09,157.37,0.046713008769932465,0.047596534990589134,0.03898018989666387,0.1974340140316857,3.080155688789042,0.03760538584959595,0.06835080767457635,3.9734957014372903,0.008666737391135191,0.2624394611332166,-0.09918463442168206,AAPL
2022-09-12,163.42,0.04714732871979418,0.0461131026440853,0.039326235295995,0.19830843475756396,2.4071893100966024,0.09979064241621513,0.06835080767457635,3.9734957014372903,0.008666737391135191,0.2624394611332166,-0.09918463442168206,AAPL
2022-09-13,153.84,0.05976980005333615,0.046540586632545455,0.04938321779139289,0.2222233511388776,-0.08700451158852474,0.3538172637317767,0.06835080767457635,3.9734957014372903,0.008666737391135191,0.2624394611332166,-0.09918463442168206,AAPL
2022-09-14,155.31,0.06981325427010406,0.05896403406950412,0.05738536258398649,0.23955242136949167,2.213169834399928,0.35412065857917263,0.06835080767457635,3.9734957014372903,0.008666737391135191,0.2624394611332166,-0.09918463442168206,AAPL
2022-09-15,152.36,0.07373355480889265,0.06278634654154303,0.05754105330654204,0.2398771629533375,1.916425377663577,0.3688991110051368,0.07894504829858782,4.999999987425799,0.008018436967625367,0.2609700210621505,-0.1269213066192701,AAPL
2022-09-16,150.46,0.0817065815702052,0.07242970930747106,0.0635494903044659,0.2520902423824966,2.280011116076646,0.3329511840948889,0.07894504829858782,4.999999987425799,0.008018436967625367,0.2609700210621505,-0.1269213066192701,AAPL
2022-09-19,154.53,0.08608626084596448,0.08024455299528199,0.06684999684825435,0.2585536633820035,2.3613428371007377,0.27416043627191977,0.07894504829858782,4.999999987425799,0.008018436967625367,0.2609700210621505,-0.1269213066192701,AAPL
2022-09-20,156.91,0.08436146420159431,0.0845373203374038,0.06555019787828041,0.2560277287292929,2.9689551880364484,0.09346672551901393,0.07894504829858782,4.999999987425799,0.008018436967625367,0.2609700210621505,-0.1269213066192701,AAPL
2022-09-21,153.72,0.0847683250142848,0.08284672642548685,0.0658568063512178,0.25662580998648166,2.8664437831375,0.11793236386991582,0.07894504829858782,4.999999987425799,0.008018436967625367,0.2609700210621505,-0.1269213066192701,AAPL
2022-09-22,152.71,0.08391998159195872,0.08313841746348771,0.0652224683278839,0.25538689928789204,3.020361797893994,0.09876928542709194,0.10355569737264222,4.99999990694172,0.008038605046388371,0.25938591812933126,-0.12335722170470045,AAPL
2022-09-23,150.57,0.0835625843235121,0.08241440395067912,0.06495313535757652,0.25485904998170367,2.9599040885419696,0.10145545353828861,0.10355569737264222,4.99999990694172,0.008038605046388371,0.25938591812933126,-0.12335722170470045,AAPL
2022-09-26,150.9,0.08080301092905225,0.08206410163984401,0.06287353328803214,0.2507459536822721,3.027936110115797,0.04976269966904072,0.10355569737264222,4.99999990694172,0.008038605046388371,0.25938591812933126,-0.12335722170470045,AAPL
2022-09-27,151.78,0.07734449543551183,0.07935927762082429,0.06026721160354374,0.24549381174185173,3.003738673862532,0.030373434513760483,0.10355569737264222,4.99999990694172,0.008038605046388371,0.25938591812933126,-0.12335722170470045,AAPL
2022-09-28,149.8,0.07427503271123681,0.07596943377575371,0.05795407833207258,0.24073653302328787,2.9548130514689808,0.020172211208298547,0.10355569737264222,4.99999990694172,0.008038605046388371,0.25938591812933126,-0.12335722170470045,AAPL
2022-09-29,142.57,0.07666519298364242,0.07318812828088994,0.060052271370541616,0.2450556495381031,2.1026781200121167,0.1205269763341611,0.04128630007465422,4.999999994896071,0.009243856015050053,0.25621560106097696,-0.1377680573914253,AAPL
2022-09-30,138.09,0.07876562934669618,0.07532752812039689,0.0616351507372253,0.24826427599883416,2.638757084698682,0.13735534651599035,0.04128630007465422,4.999999994896071,0.009243856015050053,0.25621560106097696,-0.1377680573914253,AAPL
2022-10-03,142.57,0.08300769398151316,0.07738627133585396,0.0648319515071511,0.2546211921799737,2.3035561723316116,0.25497043385084317,0.04128630007465422,4.999999994896071,0.009243856015050053,0.25621560106097696,-0.1377680573914253,AAPL
2022-10-04,146.13,0.08950342588443258,0.0815441670420114,0.06972710576247523,0.26405890585715003,2.1844834714546244,0.31365801862069753,0.04128630007465422,4.999999994896071,0.009243856015050053,0.25621560106097696,-0.1377680573914253,AAPL
2022-10-05,146.5,0.09649329155748315,0.0879110115201911,0.07499463699759279,0.2738514871195568,2.423031841373849,0.3150786592870759,0.04128630007465422,4.999999994896071,0.009243856015050053,0.25621560106097696,-0.1377680573914253,AAPL
2022-10-06,145.44,0.09573248236449733,0.0927590632418287,0.0737181009310846,0.271510774981555,2.9387897233416655,0.1654820065056826,0.0700342443230925,4.999771463563266,0.0063866872723934865,0.2509510206551688,-0.1343209138023939,AAPL
2022-10-07,140.08,0.09893762685756922,0.09395992444115109,0.07613351297679344,0.27592302001970304,2.4154407535443463,0.1925176107105194,0.0700342443230925,4.999771463563266,0.0063866872723934865,0.2509510206551688,-0.1343209138023939,AAPL
2022-10-10,140.4,0.09823013918954104,0.09710147137229796,0.07560034692476691,0.27495517257321583,2.9647174610271354,0.12824119309247914,0.0700342443230925,4.999771463563266,0.0063866872723934865,0.2509510206551688,-0.1343209138023939,AAPL
2022-10-11,138.95,0.0956322384704018,0.09640800992929144,0.07364255665848458,0.2713716209526792,2.9179891089933014,0.06768887364766708,0.0700342443230925,4.999771463563266,0.0063866872723934865,0.2509510206551688,-0.1343209138023939,AAPL
2022-10-12,138.3,0.09264339408382469,0.09386165242540301,0.07139014939581906,0.26718935120213727,2.9430012637190215,0.05885083360830941,0.0700342443230925,4.999771463563266,0.0063866872723934865,0.2509510206551688,-0.1343209138023939,AAPL
2022-10-13,143.02,0.09186740379896861,0.09012140514096245,0.07073025392092797,0.26595160071134744,2.5491547730132127,0.16473729035343823,-0.0034147740126117127,4.9990453588686306,0.006071646843252214,0.24638334544370485,-0.1426193262422136,AAPL
2022-10-14,138.41,0.09341562173985857,0.09016554159825318,0.0718970437373787,0.2681362409995685,2.6146211906279224,0.14527239237559053,-0.0034147740126117127,4.9990453588686306,0.006071646843252214,0.24638334544370485,-0.1426193262422136,AAPL
2022-10-17,142.39,0.09475061203296498,0.09168300700184773,0.07290313792988092,0.2700058109187299,2.599743096134866,0.1948935507619899,-0.0034147740126117127,4.9990453588686306,0.006071646843252214,0.24638334544370485,-0.1426193262422136,AAPL
2022-10-18,143.78,0.09614084991431629,0.09299148518766742,0.07395086858818366,0.271939089849517,2.861259045541884,0.18183349761442957,-0.0034147740126117127,4.9990453588686306,0.006071646843252214,0.24638334544370485,-0.1426193262422136,AAPL
2022-10-19,143.87,0.09752812042364584,0.09435414078325266,0.07499636293377798,0.2738546383280334,2.9028353299619543,0.17554074447936394,-0.0034147740126117127,4.9990453588686306,0.006071646843252214,0.24638334544370485,-0.1426193262422136,AAPL
2022-10-20,143.34,0.09624937356295375,0.09496225669499836,0.07397389023946668,0.27198141524645886,2.9645745581333043,0.1250280060310501,0.004739539434853751,4.999999960412977,0.005847281097487882,0.2418114930008743,-0.1426641791297499,AAPL
2022-10-21,147.33,0.09202279717998561,0.09445571991818724,0.0707887613403631,0.2660615743401574,2.7160066247158934,0.05580338263580581,0.004739539434853751,4.999999960412977,0.005847281097487882,0.2418114930008743,-0.1426641791297499,AAPL
2022-10-24,149.56,0.08775511386117252,0.090313039967441,0.06757265443981111,0.25994740706498903,2.869395174733953,0.038125310924010655,0.004739539434853751,4.999999960412977,0.005847281097487882,0.2418114930008743,-0.1426641791297499,AAPL
2022-10-25,152.38,0.08376647570623749,0.08613005966253695,0.06456683471618198,0.25410004863474933,2.8564982097928584,0.04205079357661703,0.004739539434853751,4.999999960412977,0.005847281097487882,0.2418114930008743,-0.1426641791297499,AAPL
2022-10-26,149.51,0.08310450751075964,0.08222055930673378,0.06406797846974091,0.25311653140350376,2.896824180489745,0.08869450991623201,0.004739539434853751,4.999999960412977,0.005847281097487882,0.2418114930008743,-0.1426641791297499,AAPL
2022-10-27,145.0,0.0852289741989204,0.08098812759271823,0.0656127562527585,0.25614987068659334,2.627158869972976,0.16390143804184887,0.0005922404808395287,5.0,0.005619157822797508,0.23704755407378097,-0.1512140658314019,AAPL
2022-10-28,155.72,0.09327334724160816,0.08364954467106145,0.07167495948236625,0.2677217949334089,-0.036624841052474544,0.3999363858932485,0.0005922404808395287,5.0,0.005619157822797508,0.23704755407378097,-0.1512140658314019,AAPL
2022-10-31,153.45,0.10495371595251982,0.09153428388526663,0.08047723264231903,0.28368509414898596,1.5912202229430676,0.42964639436132385,0.0005922404808395287,5.0,0.005619157822797508,0.23704755407378097,-0.1512140658314019,AAPL
2022-11-01,150.57,0.11643162048595726,0.10298288706326275,0.08912692971162423,0.29854133668827876,1.5418078937213855,0.4367874275994382,0.0005922404808395287,5.0,0.005619157822797508,0.23704755407378097,-0.1512140658314019,AAPL
2022-11-02,145.0,0.13019598406084734,0.11423307297445717,0.09949969199830637,0.3154357176958665,0.8089736004249826,0.49350322191635576,0.0005922404808395287,5.0,0.005619157822797508,0.23704755407378097,-0.1512140658314019,AAPL
2022-11-03,138.89,0.14546012564922903,0.12790648340887856,0.11102883393519718,0.33320989471382323,0.3803207357033278,0.5396324348486118,-0.016934713687912537,4.996570597192466,0.005646611010034688,0.2375443094485395,-0.1376425190037743,AAPL
2022-11-04,138.4,0.13980105237911053,0.14268809849454556,0.10676339706065432,0.3267466863805268,2.7579701257630638,0.06808918102106709,-0.016934713687912537,4.996570597192466,0.005646611010034688,0.2375443094485395,-0.1376425190037743,AAPL
2022-11-07,138.96,0.13575690337402502,0.1371412120788591,0.10371518378101316,0.32204841837992804,2.75862861410281,0.10674659993979888,-0.016934713687912537,4.996570597192466,0.005646611010034688,0.2375443094485395,-0.1376425190037743,AAPL
2022-11-08,139.51,0.13314911977573246,0.133177245130355,0.10174960818408293,0.3189821439894135,2.7884781668325855,0.13574025551415478,-0.016934713687912537,4.996570597192466,0.005646611010034688,0.2375443094485395,-0.1376425190037743,AAPL
2022-11-09,134.87,0.1314613456808827,0.13062117939989548,0.10047747518342298,0.31698182153464727,2.552838399461568,0.12555627261473473,-0.016934713687912537,4.996570597192466,0.005646611010034688,0.2375443094485395,-0.1376425190037743,AAPL
2022-11-10,146.71,0.16171893754518107,0.14520519407233223,0.1309850985756015,0.3619186352974954,-0.06328434781195202,0.48315244162529425,0.0023846816947732247,3.8935384230160315,0.007851949400309706,0.24727256377848697,-0.024069899230402723,AAPL
2022-11-11,149.67,0.17494738912444519,0.1593416535470169,0.1415712608272082,0.3762595657617334,1.5432179948619675,0.4680879566230538,0.0023846816947732247,3.8935384230160315,0.007851949400309706,0.24727256377848697,-0.024069899230402723,AAPL
2022-11-14,148.37,0.1890882582994041,0.17236569595115725,0.1528875917347131,0.39100842923741824,1.4697680992440034,0.4949792826300363,0.0023846816947732247,3.8935384230160315,0.007851949400309706,0.24727256377848697,-0.024069899230402723,AAPL
2022-11-15,150.07,0.2021039327044656,0.18628807710047113,0.1633034775426975,0.40410824978302223,1.5658586478491374,0.48918633788060834,0.0023846816947732247,3.8935384230160315,0.007851949400309706,0.24727256377848697,-0.024069899230402723,AAPL
2022-11-16,148.78,0.20816835073757634,0.19910262459598016,0.1681565711096508,0.41006898335481407,2.2925602690679354,0.36748463030540285,0.0023846816947732247,3.8935384230160315,0.007851949400309706,0.24727256377848697,-0.024069899230402723,AAPL
2022-11-17,150.75,0.17955179011355976,0.1869208419811912,0.13690669676898048,0.37000904957714276,2.3802043909247574,0.04440702211965197,-0.022272520670471696,4.999996384625349,0.006482237466141464,0.2546022662659077,-0.04815318620682948,AAPL
2022-11-18,151.31,0.16841775758357458,0.17611784605833236,0.1285161384623909,0.35849147613631055,2.373042987746607,0.02793766149487268,-0.022272520670471696,4.999996384625349,0.006482237466141464,0.2546022662659077,-0.04815318620682948,AAPL
2022-11-21,148.02,0.1597119816074627,0.16520478679740336,0.1219555036937254,0.34922128184537293,2.4403390840376504,0.05501505023103871,-0.022272520670471696,4.999996384625349,0.006482237466141464,0.2546022662659077,-0.04815318620682948,AAPL
2022-11-22,150.23,0.15142381175119538,0.15667174078407697,0.11570957507382565,0.3401611016471837,2.545162827668579,0.06073097023159682,-0.022272520670471696,4.999996384625349,0.006482237466141464,0.2546022662659077,-0.04815318620682948,AAPL
2022-11-23,151.14,0.1435374758850367,0.148548010714876,0.10976646679457933,0.3313102274222444,2.610917479197295,0.055226702073654474,-0.022272520670471696,4.999996384625349,0.006482237466141464,0.2546022662659077,-0.04815318620682948,AAPL
2022-11-24,151.07,0.1432905396617932,0.1490165625582449,0.11314205532816113,0.33636595447244827,2.5972194373711295,0.0474033735651575,-0.0309085831476288,4.407544607873723,0.007429277529812191,0.25590936796383645,-0.03190151297448948,AAPL
2022-11-25,148.11,0.13686521574203722,0.14091430506960023,0.10814255194395335,0.32885034885788605,2.602133209312124,0.0655055587311902,-0.0309085831476288,4.407544607873723,0.007429277529812191,0.25590936796383645,-0.03190151297448948,AAPL
2022-11-28,144.21,0.13164781812437984,0.1346013786023832,0.10408292827797226,0.3226188591480236,2.5854458703327925,0.07710937424747352,-0.0309085831476288,4.407544607873723,0.007429277529812191,0.25590936796383645,-0.03190151297448948,AAPL
2022-11-29,141.16,0.12538854072613045,0.12947519954832387,0.09921262462852892,0.3149803559406982,2.6250433690947137,0.051766201924423154,-0.0309085831476288,4.407544607873723,0.007429277529812191,0.25590936796383645,-0.03190151297448948,AAPL
2022-11-30,148.72,0.13064439981644502,0.12332541396972374,0.10330217492001754,0.321406557058218,1.9292681442050563,0.26652483803164906,-0.0309085831476288,4.407544607873723,0.007429277529812191,0.25590936796383645,-0.03190151297448948,AAPL
2022-12-01,148.32,0.13046177334432665,0.1230812710164173,0.10039998222076799,0.3168595622997166,2.6183924610946656,0.26599856706434144,-0.1141947503391409,4.98303937928305,0.008119277161548559,0.2579394291028808,-0.01,AAPL
2022-12-02,147.76,0.13411451332238372,0.12804252155547147,0.10315517711289701,0.3211777967308715,2.672165860723329,0.24641328713452293,-0.1141947503391409,4.98303937928305,0.008119277161548559,0.2579394291028808,-0.01,AAPL
2022-12-05,146.6,0.13524639929297966,0.1316230648808414,0.1040089379782727,0.32250416738124904,2.7505083134404393,0.2021324903786593,-0.1141947503391409,4.98303937928305,0.008119277161548559,0.2579394291028808,-0.01,AAPL
2022-12-06,142.91,0.13705909352711765,0.13273257309629116,0.10537622005279508,0.3246170359867071,2.586068814982335,0.21577804304222242,-0.1141947503391409,4.98303937928305,0.008119277161548559,0.2579394291028808,-0.01,AAPL
2022-12-07,140.94,0.128852472507443,0.1345093971103779,0.09918611606212636,0.31493827341580183,2.614137437789472,0.021976388092883024,-0.1141947503391409,4.98303937928305,0.008119277161548559,0.2579394291028808,-0.01,AAPL
2022-12-08,142.66,0.12598105529198186,0.1303549948752334,0.09882111397271477,0.3143582573636563,2.6660117532132084,0.04809124328554701,-0.1397848137143323,4.5694876315243755,0.007229376716199961,0.257038966973217,-0.01,AAPL
2022-12-09,142.19,0.11989102538415856,0.12382777485254337,0.09412394736512271,0.3067962636101077,2.743850577785169,0.04834623989403452,-0.1397848137143323,4.5694876315243755,0.007229376716199961,0.257038966973217,-0.01,AAPL
2022-12-12,144.5,0.11564019167886101,0.11784817475927412,0.09084533060343804,0.3014055915264978,2.748618261004909,0.07677485898962455,-0.1397848137143323,4.5694876315243755,0.007229376716199961,0.257038966973217,-0.01,AAPL
2022-12-13,145.49,0.1097081885616705,0.1136744200339308,0.08627004815328035,0.29371763337137313,2.7783617811527908,0.037358818083376856,-0.1397848137143323,4.5694876315243755,0.007229376716199961,0.257038966973217,-0.01,AAPL
2022-12-14,143.24,0.10451685243031979,0.10784998025701498,0.08226603321508734,0.28682055926151345,2.7694665563028726,0.041256143670125735,-0.1397848137143323,4.5694876315243755,0.007229376716199961,0.257038966973217,-0.01,AAPL
2022-12-15,136.55,0.10206487055024226,0.09912531666850555,0.07853361369695358,0.28023849431681147,2.2559713124266927,0.15527515824618193,-0.20469937893388854,4.995282653478191,0.006492395042620789,0.25451865465475837,-0.012938894044119959,AAPL
2022-12-19,132.43,0.10383785397790951,0.10017041919854819,0.079870064239902,0.28261292298814294,2.6164648107697897,0.17415051592469843,-0.20469937893388854,4.995282653478191,0.006492395042620789,0.25451865465475837,-0.012938894044119959,AAPL
2022-12-20,132.3,0.10292433387111624,0.1019082539169176,0.07918146533724645,0.28139201363444283,2.9369755217150213,0.12352855846116788,-0.20469937893388854,4.995282653478191,0.006492395042620789,0.25451865465475837,-0.012938894044119959,AAPL
2022-12-21,135.39,0.10489615532396028,0.10101283915355452,0.08066779725108615,0.2840207690488253,2.6758125649675923,0.18698352109288244,-0.20469937893388854,4.995282653478191,0.006492395042620789,0.25451865465475837,-0.012938894044119959,AAPL
2022-12-22,132.26,0.10714839566301841,0.10294555465952726,0.08236550506776037,0.2869939112032873,2.6990565072829615,0.1912292794482525,-0.20469937893388854,4.995282653478191,0.006492395042620789,0.25451865465475837,-0.012938894044119959,AAPL
2022-12-23,131.84,0.10526532003392357,0.10491590419405838,0.080938914228313,0.284497652412657,2.9291693476783687,0.1123523743397105,-0.24446939094657927,4.999999975531635,0.006539831136597716,0.25179049321679514,-0.013289788082372382,AAPL
2022-12-26,131.86,0.1017202644050105,0.10330648552553612,0.07826737629777357,0.27976307171922027,2.9060460537976933,0.06851224307769348,-0.24446939094657927,4.999999975531635,0.006539831136597716,0.25179049321679514,-0.013289788082372382,AAPL
2022-12-27,130.04,0.09887032102269384,0.09983180253402679,0.07611967182068381,0.27589793732589557,2.8755470011156836,0.07711520016858424,-0.24446939094657927,4.999999975531635,0.006539831136597716,0.25179049321679514,-0.013289788082372382,AAPL
2022-12-28,126.06,0.09480497032615194,0.09703838634231943,0.07305604187418095,0.2702888119663501,2.643234478479652,0.04390988695450375,-0.24446939094657927,4.999999975531635,0.006539831136597716,0.25179049321679514,-0.013289788082372382,AAPL
2022-12-29,129.57,0.09392395097274314,0.0930537162348628,0.07239210966364676,0.26905781843991594,2.7023453660778785,0.11587709622236332,-0.24446939094657927,4.999999975531635,0.006539831136597716,0.25179049321679514,-0.013289788082372382,AAPL
2022-12-30,129.94,0.0930307221946796,0.09188670733055915,0.07162800293847661,0.26763408403728517,2.967866624297516,0.11841712653048742,-0.2262542180441617,4.999999970041209,0.006170626992404446,0.24837319854456646,-0.01,AAPL
